client_id,client_type,first_name,last_name,date_of_birth,gender,country,region,acquisition_purpose,satisfaction_score,loan_applied,referral_channel,num_properties,total_investment,avg_sale_price,avg_floor_area,max_sale_price,unit_categories,age,is_investor,loan_applied_flag,price_per_sqft
C0001,Individual,Kareem,Liu,1968-05-11,F,Usa,California,Home,4,Yes,Website,4.0,1246764.72,311691.18,983.885,496266.41,Apartment,55.6413415468857,0,1,316.79635323233913
C0002,Individual,Trystan,Oconnor,,M,Usa,California,Home,1,No,Website,5.0,1841095.9300000002,368219.18600000005,1187.942,505127.63,Apartment,53.36755646817248,0,0,309.96394268407045
C0003,Individual,Kale,Gay,1959-04-07,M,Usa,California,Home,4,Yes,Agency,5.0,1661457.5899999999,332291.518,1058.1100000000001,584611.99,Apartment,64.73648186173854,0,1,314.042507867802
C0004,Individual,Russell,Gross,,M,Usa,California,Home,5,No,Website,6.0,1608263.51,268043.91833333333,937.1033333333334,606634.75,Apartment,53.36755646817248,0,0,286.0345372797735
C0005,Company,Marleez,Co,,M,Usa,California,Investment,5,No,Website,13.0,3653385.38,281029.64461538463,927.2961538461539,628812.33,Apartment,53.36755646817248,1,0,303.06352878716865
C0006,Individual,Yurem,Wright,1957-03-06,M,Usa,California,Home,3,Yes,Website,5.0,1514131.06,302826.212,989.5899999999999,435031.4,Apartment,66.8227241615332,0,1,306.01179478369835
C0007,Individual,Xavier,Faulkner,,M,Canada,Quebec,Investment,5,No,Website,11.0,3251147.83,295558.8936363636,995.6936363636363,484458.03,Apartment,53.36755646817248,1,0,296.8371824849374
C0008,Individual,Kayden,Olsen,,F,Usa,California,Home,5,No,Website,5.0,1476730.4100000001,295346.08200000005,1031.106,537291.01,"Apartment,Office",53.36755646817248,0,0,286.43619763632455
C0009,Individual,Joaquin,Mullins,1975-10-05,M,Usa,California,Investment,5,No,Agency,5.0,1820832.35,364166.47000000003,1305.644,580903.05,"Apartment,Office",48.24093086926762,1,0,278.9171244228902
C0010,Individual,Nicolas,Navarro,,M,Usa,Oregon,Investment,3,No,Agency,5.0,1732434.0,346486.8,1140.206,480540.62,"Apartment,Office",53.36755646817248,1,0,303.8808776659656
C0011,Individual,Laci,Guerra,,F,Usa,California,Home,2,Yes,Website,5.0,1325211.52,265042.304,935.914,473195.39,"Apartment,Office",53.36755646817248,0,1,283.1908743752097
C0012,Company,Kylax,Co,,M,Usa,California,Investment,5,No,Website,4.0,1599526.4,399881.6,1317.445,529317.28,Apartment,53.36755646817248,1,0,303.52811692328714
C0013,Individual,Harley,Lucero,1962-08-10,M,Usa,California,Home,1,Yes,Website,5.0,2142750.89,428550.178,1407.376,562818.96,Apartment,61.39356605065024,0,1,304.50297432953244
C0014,Company,Esther,Co,1980-07-10,M,Usa,California,Home,3,Yes,Website,4.0,1548140.0699999998,387035.01749999996,1280.5425,531267.61,Apartment,43.47707049965777,0,1,302.24300833435825
C0015,Individual,Jaylynn,Hickman,,F,Usa,California,Home,5,No,Client,5.0,1585907.37,317181.47400000005,1030.764,426442.43,Apartment,53.36755646817248,0,0,307.7149318369676
C0016,Individual,Olivia,Oconnell,1939-09-03,F,Usa,California,Investment,5,No,Website,4.0,1010217.73,252554.4325,842.145,287917.8,Apartment,84.32854209445586,1,0,299.8942373344258
C0017,Individual,Antonio,Porter,1977-01-08,M,Usa,Arizona,Home,3,No,Client,5.0,1778693.75,355738.75,1195.8139999999999,568732.24,"Apartment,Office",46.978781656399725,0,0,297.4866910740299
C0018,Individual,Luke,Lynn,1967-02-07,M,Usa,California,Home,2,Yes,Agency,4.0,1061478.67,265369.6675,913.8325,461655.95,Apartment,56.89801505817933,0,1,290.3920220609357
C0019,Individual,Anahi,Curry,1957-09-09,M,Usa,California,Home,5,Yes,Client,4.0,1773474.26,443368.565,1402.0425,599245.34,"Apartment,Office",66.3107460643395,0,1,316.23047446849864
C0020,Individual,Camille,Sharp,,F,Usa,California,Home,5,No,Website,4.0,1508032.25,377008.0625,1307.08,505470.6,Apartment,53.36755646817248,0,0,288.43533869388256
C0021,Individual,Jesus,Obrien,1938-06-09,M,Usa,Oregon,Investment,3,No,Website,6.0,1928172.72,321362.12,1028.86,555614.35,Apartment,85.56331279945243,1,0,312.3477635441168
C0022,Individual,Araceli,Nelson,,M,Germany,Berlin,Investment,5,No,Agency,4.0,1372403.2,343100.8,1247.4850000000001,453294.55,Apartment,53.36755646817248,1,0,275.03400842495097
C0023,Individual,Cole,Taylor,1958-12-06,M,Usa,California,Home,3,Yes,Website,5.0,1457871.69,291574.338,948.3880000000001,408265.89,Apartment,65.07049965776865,0,1,307.442036381734
C0024,Individual,Alonso,Terrell,1963-11-05,M,Usa,California,Investment,4,No,Website,6.0,1884156.9000000001,314026.15,1053.735,560195.06,Apartment,60.15605749486653,1,0,298.0124509482935
C0025,Individual,Rodolfo,Gibson,,M,Usa,Nevada,Home,2,Yes,Website,5.0,1694448.83,338889.766,1120.576,518174.75,Apartment,53.36755646817248,0,1,302.4246155548575
C0026,Individual,Joseph,Reeves,,M,Usa,California,Investment,5,No,Website,10.0,2932241.75,293224.175,1002.383,436987.95,"Apartment,Office",53.36755646817248,1,0,292.52708296130317
C0027,Individual,Grant,Weber,1968-09-08,M,Usa,California,Home,5,Yes,Website,5.0,1517969.44,303593.888,1070.234,427086.44,"Apartment,Office",55.31279945242984,0,1,283.670569239998
C0028,Individual,Ava,Phelps,,F,Usa,California,Home,3,No,Client,5.0,1791082.79,358216.558,1266.366,512682.59,"Apartment,Office",53.36755646817248,0,0,282.8696901211814
C0029,Individual,Kyla,Walker,,F,Usa,Colorado,Home,4,Yes,Agency,4.0,1247795.31,311948.8275,993.05,410549.3,"Apartment,Office",53.36755646817248,0,1,314.132045214239
C0030,Individual,Alanna,Hess,,F,Usa,Nevada,Home,3,No,Website,4.0,1547311.29,386827.8225,1279.3725,545645.2,Apartment,53.36755646817248,0,0,302.3574623497066
C0031,Individual,Skylar,Buchanan,,M,Usa,Nevada,Home,4,Yes,Website,5.0,1077148.21,215429.642,677.3399999999999,258061.02,"Apartment,Office",53.36755646817248,0,1,318.0524433814628
C0032,Individual,Rodrigo,Robinson,1966-08-11,M,Usa,California,Home,4,No,Website,5.0,1888995.1600000001,377799.032,1282.528,490429.65,"Apartment,Office",57.39082819986311,0,0,294.57371067142395
C0033,Individual,Lydia,Tate,,F,Usa,California,Home,3,Yes,Website,4.0,1404998.67,351249.6675,1250.4325,376964.62,"Apartment,Office",53.36755646817248,0,1,280.90254172056467
C0034,Individual,Lauryn,Patrick,,F,Belgium,Brussels,Home,2,No,Agency,5.0,1632608.66,326521.73199999996,1160.556,508462.97,Apartment,53.36755646817248,0,0,281.34939804714287
C0035,Individual,Diego,Mendez,1965-05-12,M,Mexico,Mexico City,Home,3,No,Agency,5.0,1987876.4,397575.27999999997,1445.752,539968.61,Apartment,58.639288158795345,0,0,274.9954902362231
C0036,Individual,Victor,Jensen,1973-09-01,M,Usa,California,Home,4,No,Website,4.0,1173683.53,293420.8825,963.325,437900.49,Apartment,50.332648870636554,0,0,304.5917862611268
C0037,Individual,Scarlet,Hendricks,,F,Usa,California,Home,5,Yes,Website,5.0,1607228.75,321445.75,1018.368,482067.87,Apartment,53.36755646817248,0,1,315.6479288430115
C0038,Individual,Janelle,Espinoza,,F,Usa,California,Investment,4,No,Client,4.0,1175129.27,293782.3175,1105.1225,407214.29,"Apartment,Office",53.36755646817248,1,0,265.83688007438093
C0039,Individual,Aleksandra,Karenina,,F,Russia,Krasnodar Krai,Home,1,No,Agency,4.0,1858527.54,464631.885,1365.68,626247.03,"Apartment,Office",53.36755646817248,0,0,340.220172368344
C0040,Individual,Conner,Huff,,M,Usa,Nevada,Home,5,No,Website,6.0,1854608.29,309101.38166666665,1047.8,507842.87,Apartment,53.36755646817248,0,0,295.000364255265
C0041,Individual,Zain,Horne,,M,Usa,Arizona,Home,1,Yes,Website,5.0,1374460.79,274892.158,872.838,405898.92,"Apartment,Office",53.36755646817248,0,1,314.94063961468225
C0042,Individual,Maia,Chandler,1975-08-12,F,Usa,Utah,Home,1,Yes,Website,4.0,1101390.25,275347.5625,913.8425,364280.42,"Apartment,Office",48.388774811772755,0,1,301.3074599835311
C0043,Individual,Jordyn,Park,1965-04-04,M,Usa,Nevada,Investment,3,Yes,Website,4.0,1126492.46,281623.115,983.505,467216.3,Apartment,58.743326488706366,1,1,286.34639884901446
C0044,Individual,Diana,Hunt,,F,Usa,Arizona,Home,3,No,Website,4.0,1330493.26,332623.315,1106.8675,519866.77,Apartment,53.36755646817248,0,0,300.50870135766024
C0045,Individual,Kevin,Mata,1968-10-12,M,Usa,Colorado,Investment,2,No,Agency,5.0,1463432.3599999999,292686.47199999995,913.774,592737.69,Apartment,55.219712525667354,1,0,320.30509951038215
C0046,Individual,Brisa,Mckee,,F,Usa,California,Home,5,No,Client,8.0,2026517.4,253314.675,857.8050000000001,388515.14,Apartment,53.36755646817248,0,0,295.3056638746568
C0047,Individual,Mason,Gilbert,,M,Usa,Colorado,Home,2,No,Agency,5.0,1438239.28,287647.856,953.568,459403.88,Apartment,53.36755646817248,0,0,301.6542669217088
C0048,Individual,Derick,Li,,M,Usa,California,Home,3,Yes,Agency,4.0,1338718.0,334679.5,1026.3200000000002,493044.25,Apartment,53.36755646817248,0,1,326.0966365266193
C0049,Individual,Jace,Riggs,,F,Usa,California,Home,1,No,Website,4.0,1390091.2,347522.8,1204.3675,533120.65,Apartment,53.36755646817248,0,0,288.5521238326341
C0050,Individual,Jair,Johns,1940-03-05,M,Usa,California,Home,5,No,Website,9.0,2744452.35,304939.15,993.5088888888889,486685.38,"Apartment,Office",83.82477754962355,0,0,306.93147631626624
C0051,Individual,Matilda,Madden,1941-03-03,F,Usa,Colorado,Home,3,No,Agency,4.0,1270440.42,317610.105,1039.56,564388.0,Apartment,82.8309377138946,0,0,305.5235917118781
C0052,Individual,Myla,Ewing,1967-02-03,F,Usa,Oregon,Investment,2,No,Client,4.0,1474211.53,368552.8825,1187.925,555271.92,Apartment,56.90896646132786,1,0,310.24928551886694
C0053,Individual,Miguel,Walter,1954-01-07,M,Usa,Arizona,Home,4,No,Agency,4.0,1120539.44,280134.86,929.245,368589.72,Apartment,69.98220396988364,0,0,301.46501729899
C0054,Company,Bridger CAL,Co,,M,Usa,Nevada,Investment,5,No,Website,6.0,2109277.6,351546.26666666666,1115.6333333333334,435374.92,"Apartment,Office",53.36755646817248,1,0,315.1091457766888
C0055,Individual,Mara,Franco,1973-06-07,F,Usa,California,Home,5,Yes,Agency,4.0,1178979.21,294744.8025,989.8299999999999,416304.72,Apartment,50.56810403832991,0,1,297.773155491347
C0056,Individual,Erik,Mora,1964-12-07,M,Usa,Oregon,Investment,5,No,Agency,4.0,1579301.3599999999,394825.33999999997,1355.5975,559835.83,"Apartment,Office",59.06639288158795,1,0,291.2555828702841
C0057,Individual,Henry,Kennedy,1933-06-08,M,Usa,California,Home,4,Yes,Agency,5.0,2020519.52,404103.904,1344.1439999999998,589905.02,"Apartment,Office",90.56536618754278,0,1,300.6403361544597
C0058,Company,Kenyon,Co,1969-05-03,F,Usa,California,Investment,1,Yes,Website,5.0,1441406.17,288281.234,919.8399999999999,494246.62,"Apartment,Office",54.66392881587954,1,1,313.40367237780487
C0059,Individual,Oswaldo,Palmer,,M,Usa,California,Home,2,No,Website,4.0,1278854.25,319713.5625,1102.44,488077.62,"Apartment,Office",53.36755646817248,0,0,290.0054084576031
C0060,Individual,Kassidy,Vega,1972-05-07,F,Usa,California,Home,5,No,Website,4.0,1355662.25,338915.5625,1119.4675,485561.11,Apartment,51.65229295003422,0,0,302.74712084093557
C0061,Individual,Morgan,Glass,1967-05-12,M,Usa,Utah,Home,5,No,Agency,4.0,1306907.58,326726.895,1101.62,402081.8,Apartment,56.64065708418891,0,0,296.5876572683866
C0062,Individual,Tyler,Carr,,M,Usa,California,Home,5,Yes,Client,5.0,1489333.49,297866.698,1059.8319999999999,443358.25,Apartment,53.36755646817248,0,1,281.05086277825166
C0063,Individual,Yesenia,Marquez,,F,Usa,Arizona,Home,4,No,Website,5.0,1625480.88,325096.176,1112.538,538375.93,Apartment,53.36755646817248,0,0,292.2113006477082
C0064,Individual,Gordon,Brown,1974-02-10,M,Uk,Northern Ireland,Investment,4,No,Agency,4.0,1448881.28,362220.32,1095.85,574929.03,Apartment,49.889117043121146,1,0,330.5382305972533
C0065,Individual,Rodrigo,Ramirez,,M,Usa,California,Home,1,No,Agency,4.0,1557125.73,389281.4325,1261.5275,539032.17,"Apartment,Office",53.36755646817248,0,0,308.5794265285537
C0066,Individual,Melanie,Holland,,F,Usa,California,Investment,3,No,Client,4.0,1107164.17,276791.0425,932.7550000000001,366314.0,"Apartment,Office",53.36755646817248,1,0,296.7457076081071
C0067,Individual,Enrique,Cardenas,1977-06-10,M,Usa,California,Home,2,No,Website,5.0,1431941.84,286388.368,851.818,468196.39,"Apartment,Office",46.559890485968516,0,0,336.2084013251657
C0068,Individual,Helen,Williamson,,F,Usa,Colorado,Home,5,Yes,Agency,4.0,1572779.33,393194.8325,1450.2925,459558.39,"Apartment,Office",53.36755646817248,0,1,271.1141597298476
C0069,Individual,Isis,Rios,1970-04-01,M,Usa,California,Investment,4,No,Website,5.0,1439142.47,287828.494,957.588,479080.93,Apartment,53.752224503764545,1,0,300.5765464897221
C0070,Individual,Kayley,Nielsen,,F,Usa,Arizona,Home,4,Yes,Website,5.0,1521570.62,304314.124,1039.274,448702.07,"Apartment,Office",53.36755646817248,0,1,292.81414141025374
C0071,Individual,Donavan,Flowers,,M,Usa,California,Home,1,Yes,Client,5.0,1150384.09,230076.81800000003,833.3799999999999,415775.9,Apartment,53.36755646817248,0,1,276.0767213036071
C0072,Individual,Augustus,Hinton,1953-02-03,M,Usa,Nevada,Investment,2,No,Website,6.0,2246488.58,374414.76333333337,1129.4916666666666,674634.08,"Apartment,Office",70.90759753593429,1,0,331.4896199617823
C0073,Individual,Alejandra,Greer,1965-01-11,F,Denmark,Capital Region,Investment,1,No,Agency,4.0,1413902.33,353475.5825,1194.0325,527107.1,Apartment,58.97056810403833,1,0,296.03514351577536
C0074,Individual,Violet,Nixon,1959-01-01,F,Usa,Oregon,Investment,5,No,Client,5.0,1709458.65,341891.73,1138.044,573381.83,"Apartment,Office",64.99931553730322,1,0,300.4204846209812
C0075,Individual,Jaelyn,Berger,1970-05-05,F,Usa,California,Home,3,No,Website,4.0,1269395.74,317348.935,1048.3425,590971.72,"Apartment,Office",53.659137577002056,0,0,302.7149381046748
C0076,Individual,Tristian,Fuller,,M,Usa,California,Home,5,No,Agency,6.0,1905852.0899999999,317642.01499999996,1067.28,534630.42,Apartment,53.36755646817248,0,0,297.61825856382575
C0077,Individual,Christian,Costa,,M,Usa,California,Home,5,No,Website,5.0,1880012.18,376002.436,1191.826,590130.14,"Apartment,Office",53.36755646817248,0,0,315.484337478793
C0078,Individual,Nora,Lynch,,F,Usa,California,Home,5,No,Website,4.0,1685882.3900000001,421470.59750000003,1415.63,485944.71,Apartment,53.36755646817248,0,0,297.72652282022847
C0079,Individual,Dangelo,Shea,,M,Belgium,Brussels,Investment,4,No,Website,4.0,1456436.3,364109.075,1219.0675,579893.68,"Apartment,Office",53.36755646817248,1,0,298.678354561991
C0080,Individual,Aiyana,Christensen,,F,Usa,California,Investment,3,No,Website,5.0,1427531.56,285506.31200000003,965.024,502978.74,Apartment,53.36755646817248,1,0,295.8541051828763
C0081,Individual,Sidney,Cline,,F,Usa,California,Home,4,Yes,Website,4.0,1522144.26,380536.065,1252.745,655054.84,"Apartment,Office",53.36755646817248,0,1,303.7617911067297
C0082,Individual,Kaitlin,Owen,,F,Usa,Virginia,Investment,5,No,Client,5.0,1282267.95,256453.59,884.2239999999999,336673.91,Apartment,53.36755646817248,1,0,290.0323786732774
C0083,Individual,Issac,Edwards,,M,Usa,California,Home,5,No,Website,6.0,1513641.46,252273.57666666666,851.395,360807.72,Apartment,53.36755646817248,0,0,296.30615245176057
C0084,Individual,Zaiden,Merritt,,M,Usa,Wyoming,Home,3,No,Agency,5.0,1762231.92,352446.38399999996,1083.6119999999999,517695.89,"Apartment,Office",53.36755646817248,0,0,325.2514590093133
C0085,Individual,Iris,Larsen,,M,Usa,California,Home,4,Yes,Agency,4.0,1185505.46,296376.365,986.395,480842.09,Apartment,53.36755646817248,0,1,300.4641801712296
C0086,Individual,Grace,Stein,,F,Usa,California,Home,3,Yes,Website,5.0,1928188.6099999999,385637.72199999995,1354.634,525721.08,Apartment,53.36755646817248,0,1,284.68038008790563
C0087,Individual,Alessandra,Perry,,F,Usa,California,Home,4,No,Agency,4.0,1681153.28,420288.32,1287.6625,508371.29,"Apartment,Office",53.36755646817248,0,0,326.39633444322567
C0088,Individual,Jamal,Mueller,,M,Usa,Oregon,Investment,2,No,Website,6.0,1450519.57,241753.2616666667,786.9733333333334,308622.38,"Apartment,Office",53.36755646817248,1,0,307.19371473832234
C0089,Individual,Irvin,Ellis,,M,Usa,California,Home,3,No,Agency,4.0,1041853.81,260463.4525,854.79,302297.34,Apartment,53.36755646817248,0,0,304.71045812421767
C0090,Individual,Terry,Forbes,,M,Usa,California,Home,5,No,Client,5.0,980850.4199999999,196170.08399999997,703.798,252200.58,Apartment,53.36755646817248,0,0,278.7306641962608
C0091,Individual,Jacqueline,Grant,,F,Usa,California,Home,4,No,Website,4.0,1356644.74,339161.185,1161.6775,432448.91,Apartment,53.36755646817248,0,0,291.9581252111709
C0092,Individual,Brock,Fischer,,M,Usa,Kansas,Home,3,No,Website,8.0,2817926.96,352240.87,1218.0425,536812.04,"Apartment,Office",53.36755646817248,0,0,289.1860259391606
C0093,Individual,Curtis,Howard,1962-09-11,M,Usa,California,Home,2,No,Agency,5.0,1732558.38,346511.676,1196.466,438704.41,Apartment,61.30595482546201,0,0,289.6126392225103
C0094,Individual,Avah,Huang,,F,Usa,California,Home,5,No,Website,5.0,1062675.82,212535.16400000002,692.664,292598.12,"Apartment,Office",53.36755646817248,0,0,306.83731794925103
C0095,Individual,Frank,Meyer,,M,Usa,California,Home,3,Yes,Agency,6.0,1668973.02,278162.17,923.105,384992.37,"Apartment,Office",53.36755646817248,0,1,301.33318528228097
C0096,Individual,Darien,Dorsey,,M,Usa,California,Investment,3,Yes,Website,4.0,1363013.17,340753.2925,1113.615,452667.01,Apartment,53.36755646817248,1,1,305.98841834924997
C0097,Individual,Franklin,Mack,,M,Usa,Virginia,Home,5,Yes,Website,7.0,2189906.04,312843.72000000003,1061.722857142857,491025.48,"Apartment,Office",53.36755646817248,0,1,294.65666854142734
C0098,Individual,Elena,Petrova,,F,Russia,Saint Petersburg,Home,3,Yes,Agency,4.0,1131592.65,282898.1625,981.955,427106.32,Apartment,53.36755646817248,0,1,288.0968705286902
C0099,Individual,Jack,Hanson,1941-12-01,M,Usa,California,Investment,4,No,Website,6.0,2000308.58,333384.76333333337,1201.5883333333334,417894.67,"Apartment,Office",82.08350444900753,1,0,277.4533957137289
C0100,Individual,Emmett,Estes,1969-06-05,M,Usa,California,Home,3,No,Website,4.0,1449544.65,362386.1625,1174.44,526802.73,Apartment,54.573579739904176,0,0,308.5608140901195
C0101,Individual,Aniya,Miller,1951-03-02,F,Usa,Nevada,Home,3,No,Website,4.0,1125013.8,281253.45,874.345,392645.79,"Apartment,Office",72.83504449007529,0,0,321.6733097347157
C0102,Individual,Jack,Anderson,,M,Usa,California,Investment,5,Yes,Website,9.0,3403263.85,378140.4277777778,1222.908888888889,621956.37,"Apartment,Office",53.36755646817248,1,1,309.21390073576845
C0103,Individual,Kael,Hurley,,M,Usa,Colorado,Home,3,No,Website,5.0,1483838.77,296767.754,964.9799999999999,408331.77,Apartment,53.36755646817248,0,0,307.5377251341997
C0104,Individual,Kamden,Stewart,,M,Usa,California,Home,5,No,Website,5.0,1677155.01,335431.002,1090.3,510060.4,"Apartment,Office",53.36755646817248,0,0,307.65018985600295
C0105,Individual,Aniyah,Ali,1959-11-03,F,Usa,California,Investment,2,Yes,Website,5.0,1328084.36,265616.87200000003,850.948,338774.34,"Apartment,Office",64.1615331964408,1,1,312.14230716800563
C0106,Individual,Simon,Bennett,1953-06-09,M,Usa,Colorado,Home,4,No,Website,4.0,957679.27,239419.8175,820.9825000000001,452919.18,Apartment,70.56262833675565,0,0,291.6259694938686
C0107,Individual,Laurel,Benitez,1959-08-06,M,Usa,California,Home,4,Yes,Agency,5.0,1715058.23,343011.646,1102.66,537998.71,"Apartment,Office",64.40520191649556,0,1,311.0765294832496
C0108,Individual,Trey,Strong,,M,Usa,California,Home,4,No,Agency,6.0,1998798.72,333133.12,1104.1699999999998,583919.98,"Apartment,Office",53.36755646817248,0,0,301.70455636360344
C0109,Individual,Myah,Roman,1933-05-05,F,Usa,California,Investment,5,Yes,Agency,5.0,1995551.0899999999,399110.218,1285.854,579807.82,"Apartment,Office",90.65845311430527,1,1,310.3853299052614
C0110,Individual,Nyla,Blake,1959-06-05,F,Usa,California,Investment,5,Yes,Agency,5.0,1205555.46,241111.092,811.4019999999999,487772.33,Apartment,64.57494866529774,1,1,297.1536821452252
C0111,Individual,Kole,Shannon,,M,Usa,Arizona,Home,2,Yes,Website,4.0,1198421.22,299605.305,896.7175,476038.28,Apartment,53.36755646817248,0,1,334.1133690376289
C0112,Individual,Melany,Glover,1960-10-01,F,Usa,California,Investment,1,Yes,Agency,5.0,1775142.2,355028.44,1115.986,619787.84,Apartment,63.2498288843258,1,1,318.12983316995013
C0113,Individual,Arthur,Bray,,M,Usa,Utah,Investment,4,No,Agency,4.0,1414433.46,353608.365,1186.715,535865.96,Apartment,53.36755646817248,1,0,297.97244072923996
C0114,Individual,Kamila,Collier,,F,Usa,California,Home,1,Yes,Website,4.0,1124004.05,281001.0125,932.9449999999999,382143.98,Apartment,53.36755646817248,0,1,301.1978332056016
C0115,Individual,Amanda,Simon,1978-12-03,F,Usa,California,Home,5,No,Agency,5.0,1757354.59,351470.918,1143.692,460001.26,"Apartment,Office",45.07871321013005,0,0,307.31256142387986
C0116,Individual,Erika,Steward,1955-08-07,F,Usa,California,Investment,4,No,Website,8.0,2484590.08,310573.76,1039.8925,629574.18,"Apartment,Office",68.40246406570841,1,0,298.6594864373
C0117,Individual,Jakobe,Bailey,1964-10-06,M,Uk,Scotland,Investment,4,No,Agency,8.0,2884556.25,360569.53125,1135.78625,602366.78,"Apartment,Office",59.23613963039014,1,0,317.46249019126617
C0118,Individual,Sonia,Choi,1948-11-09,F,Usa,Oregon,Investment,5,No,Agency,4.0,1218377.19,304594.2975,1009.1225,461101.0,"Apartment,Office",75.14305270362765,1,0,301.8407552105914
C0119,Individual,Erika,Gallagher,,F,Usa,California,Home,1,Yes,Website,4.0,1603043.92,400760.98,1399.315,527627.25,Apartment,53.36755646817248,0,1,286.397973294076
C0120,Individual,Madeline,Michael,,F,Usa,California,Home,4,Yes,Website,5.0,1753587.39,350717.478,1243.96,577922.22,Apartment,53.36755646817248,0,1,281.9362985948101
C0121,Individual,Bennett,Chen,,M,Usa,Nevada,Home,2,No,Website,5.0,1169150.31,233830.062,806.688,418772.73,Apartment,53.36755646817248,0,0,289.8643118529097
C0122,Individual,Belinda,Hogan,,F,Usa,California,Home,1,Yes,Agency,4.0,1412560.68,353140.17,1085.975,550180.2,Apartment,53.36755646817248,0,1,325.18259628444486
C0123,Individual,Johanna,Fisher,,F,Usa,California,Home,4,Yes,Website,5.0,1821348.69,364269.738,1230.6599999999999,502456.39,Apartment,53.36755646817248,0,1,295.99543171956515
C0124,Individual,Jaylen,Turner,,F,Usa,California,Home,4,No,Agency,5.0,1613985.08,322797.016,1184.6299999999999,367468.14,"Apartment,Office",53.36755646817248,0,0,272.48762567215084
C0125,Individual,Michael,Juarez,,M,Usa,Colorado,Home,4,Yes,Agency,4.0,1341108.25,335277.0625,1148.5475,503351.9,"Apartment,Office",53.36755646817248,0,1,291.91397177739714
C0126,Individual,Adriana,Shaffer,1972-07-11,F,Usa,California,Investment,2,No,Agency,5.0,1319929.46,263985.892,850.052,498779.18,"Apartment,Office",51.474332648870636,1,0,310.5526391326648
C0127,Individual,Julio,Leonard,,M,Usa,Nevada,Home,2,Yes,Website,4.0,967474.23,241868.5575,765.085,355073.4,Apartment,53.36755646817248,0,1,316.132923139259
C0128,Company,Abdiel,Co,,M,Usa,Nevada,Investment,5,Yes,Website,5.0,1639392.9500000002,327878.59,1054.034,535798.14,"Apartment,Office",53.36755646817248,1,1,311.0702216437041
C0129,Individual,Warren,Pugh,,M,Usa,Arizona,Investment,5,No,Website,4.0,1748372.75,437093.1875,1296.9850000000001,584468.16,"Apartment,Office",53.36755646817248,1,0,337.00712614255366
C0130,Individual,Luis,Crane,,M,Usa,Nevada,Home,3,Yes,Website,4.0,1488042.88,372010.72,1215.035,509032.38,Apartment,53.36755646817248,0,1,306.17284275761597
C0131,Individual,Mohammad,Irwin,1971-12-02,M,Usa,California,Home,1,No,Website,5.0,1428058.5499999998,285611.70999999996,928.7940000000001,538931.69,Apartment,52.082135523613964,0,0,307.50813420413994
C0132,Individual,Davion,Stout,,M,Usa,Nevada,Home,1,Yes,Agency,4.0,1203775.04,300943.76,1025.1775,403463.16,Apartment,53.36755646817248,0,1,293.55283353370515
C0133,Individual,Logan,Simmons,,M,Usa,California,Investment,4,No,Agency,4.0,1449799.93,362449.9825,1177.4025000000001,457718.07,Apartment,53.36755646817248,1,0,307.8386384435229
C0134,Individual,Kaylin,Villarreal,,F,Russia,Novosibirsk,Investment,3,No,Website,5.0,1761669.8699999999,352333.974,1095.602,595167.57,Apartment,53.36755646817248,1,0,321.5893855615451
C0135,Individual,Ruben,Melton,1939-03-05,M,Usa,Utah,Investment,2,No,Agency,4.0,1221442.92,305360.73,1043.6100000000001,446236.57,"Apartment,Office",84.8268309377139,1,0,292.6004254462874
C0136,Individual,Gianni,Fritz,,M,Usa,California,Home,3,No,Website,5.0,1892554.72,378510.944,1244.274,550949.39,"Apartment,Office",53.36755646817248,0,0,304.20224484317765
C0137,Individual,Emilie,Morrison,,F,Usa,California,Home,3,Yes,Website,4.0,989750.45,247437.6125,855.0699999999999,328405.23,"Apartment,Office",53.36755646817248,0,1,289.37702468803724
C0138,Individual,Crystal,Wyatt,,F,Usa,Oregon,Investment,3,Yes,Website,5.0,1367824.55,273564.91000000003,914.412,362755.75,"Apartment,Office",53.36755646817248,1,1,299.17029741516956
C0139,Individual,Annabel,Robles,,F,Usa,California,Home,5,Yes,Website,5.0,1807366.3,361473.26,1136.694,448450.76,Apartment,53.36755646817248,0,1,318.00401867169177
C0140,Individual,Rachel,Cross,,F,Usa,California,Home,3,No,Website,5.0,1559561.53,311912.306,1041.7220000000002,523923.26,"Apartment,Office",53.36755646817248,0,0,299.41990857445643
C0141,Individual,Madalyn,Mercer,,F,Usa,California,Home,5,No,Website,5.0,1765019.09,353003.818,1088.806,520595.39,"Apartment,Office",53.36755646817248,0,0,324.2118595966591
C0142,Individual,Michelle,Cameron,1978-06-04,F,Usa,Nevada,Home,3,Yes,Website,5.0,1673770.19,334754.038,1149.396,479876.57,"Apartment,Office",45.57700205338809,0,1,291.24343394269687
C0143,Individual,Ezra,Lozano,,M,Usa,California,Home,1,No,Website,8.0,2389960.3,298745.0375,1008.6325,512659.6,"Apartment,Office",53.36755646817248,0,0,296.1881929245785
C0144,Individual,Ramiro,Oneill,,M,Usa,California,Home,4,No,Agency,5.0,1897739.74,379547.948,1206.354,564424.34,Apartment,53.36755646817248,0,0,314.6240224677002
C0145,Individual,Emely,Watts,,F,Usa,California,Home,4,No,Website,5.0,1746571.55,349314.31,1297.3200000000002,499388.61,"Apartment,Office",53.36755646817248,0,0,269.25840193629944
C0146,Individual,Hazel,Ayers,1963-02-01,M,Usa,Colorado,Home,2,No,Website,4.0,1481536.3900000001,370384.09750000003,1242.6425,540074.5,Apartment,60.91444216290212,0,0,298.06166898363773
C0147,Individual,Cedric,Goodwin,,M,Usa,Utah,Home,4,No,Client,5.0,1398309.27,279661.854,1000.47,509124.24,"Apartment,Office",53.36755646817248,0,0,279.53047467690186
C0148,Individual,Dayton,Hatfield,,M,Usa,Colorado,Investment,4,Yes,Agency,4.0,1700383.7,425095.925,1413.5925,597216.83,Apartment,53.36755646817248,1,1,300.7202747609371
C0149,Individual,Piotr,Aleksandrov,1955-12-02,M,Russia,Krasnodar Krai,Investment,3,No,Agency,4.0,1049009.0,262252.25,906.4850000000001,343513.68,"Apartment,Office",68.08213552361396,1,0,289.3067728644158
C0150,Individual,Memphis,Mcconnell,,M,Usa,California,Home,2,Yes,Website,4.0,1846066.58,461516.645,1500.95,543777.59,Apartment,53.36755646817248,0,1,307.4830240847463
C0151,Individual,Arabella,Ferrell,,F,Usa,Oregon,Home,1,No,Agency,5.0,1589086.32,317817.264,1123.442,537546.81,Apartment,53.36755646817248,0,0,282.89601421346185
C0152,Individual,Sincere,Hansen,,F,Usa,California,Investment,2,Yes,Agency,7.0,2539205.93,362743.7042857143,1212.7585714285713,603518.77,Apartment,53.36755646817248,1,1,299.10627954450956
C0153,Individual,Lara,Carrillo,,F,Usa,California,Home,5,No,Website,5.0,1560375.26,312075.052,944.0319999999999,570549.18,Apartment,53.36755646817248,0,0,330.57677282126036
C0154,Individual,Valentina,Simpson,,F,Usa,California,Home,4,Yes,Agency,5.0,2142457.31,428491.462,1390.49,669332.95,"Apartment,Office",53.36755646817248,0,1,308.1586073973923
C0155,Company,Kamd,Co,,M,Usa,California,Investment,5,No,Agency,5.0,1622885.53,324577.106,1097.394,512459.69,"Apartment,Office",53.36755646817248,1,0,295.7708042872478
C0156,Individual,Case,Sanchez,,F,Usa,California,Home,5,No,Website,4.0,1344903.47,336225.8675,1102.105,409183.72,"Apartment,Office",53.36755646817248,0,0,305.0760748748985
C0157,Individual,Van,Charles,,M,Usa,Colorado,Home,2,Yes,Client,4.0,1060400.03,265100.0075,830.7675,431549.73,Apartment,53.36755646817248,0,1,319.1025256765581
C0158,Individual,Emmy,Singh,1979-12-03,F,Usa,Virginia,Investment,3,Yes,Agency,4.0,1439477.66,359869.415,1131.4975,551363.7,"Apartment,Office",44.07939767282683,1,1,318.04702617548867
C0159,Individual,Colin,Campos,,M,Usa,California,Home,3,No,Website,4.0,1596507.45,399126.8625,1336.7325,477228.5,Apartment,53.36755646817248,0,0,298.5839444316645
C0160,Individual,Anya,Stephenson,1959-06-11,F,Usa,California,Home,4,No,Website,5.0,1679716.96,335943.392,1144.06,514747.26,"Apartment,Office",64.55852156057495,0,0,293.6414104155377
C0161,Individual,Parker,Poole,1951-11-10,M,Usa,California,Home,5,No,Website,9.0,2534264.26,281584.91777777777,939.4144444444444,411233.36,"Apartment,Office",72.14236824093086,0,0,299.7451438425592
C0162,Individual,Ivan,Bright,,M,Usa,California,Home,4,No,Website,4.0,1135363.52,283840.88,983.24,434121.6,"Apartment,Office",53.36755646817248,0,0,288.6791424270778
C0163,Individual,Larry,Turner,,M,Usa,Utah,Investment,5,Yes,Agency,4.0,1506594.21,376648.5525,1307.32,472632.31,"Apartment,Office",53.36755646817248,1,1,288.1073895450234
C0164,Individual,Matthew,Nelson,,M,Usa,Arizona,Home,5,No,Website,4.0,1436152.54,359038.135,1196.7975,513021.02,Apartment,53.36755646817248,0,0,299.99906834698436
C0165,Individual,Mary,Hall,1956-07-11,F,Usa,California,Home,3,Yes,Website,3.0,1276849.33,425616.44333333336,1357.1933333333334,539711.96,Apartment,67.47433264887064,0,1,313.60045240422636
C0166,Individual,Carolyn,Weaver,,F,Usa,Arizona,Home,4,Yes,Agency,4.0,1273643.37,318410.8425,1025.3225,602056.71,Apartment,53.36755646817248,0,1,310.5470156950618
C0167,Individual,Grace,Green,1955-02-02,F,Uk,Scotland,Home,3,Yes,Website,7.0,2749577.33,392796.7614285714,1320.3814285714286,535236.81,"Apartment,Office",68.91170431211499,0,1,297.4873418611721
C0168,Individual,Pamela,Sanders,1960-06-06,F,Usa,Nevada,Home,3,No,Agency,4.0,1491785.87,372946.4675,1329.6025,475258.58,Apartment,63.57015742642026,0,0,280.4947098850973
C0169,Individual,Terry,Turner,,M,Usa,Ohio,Investment,5,Yes,Agency,3.0,688864.2,229621.4,845.8633333333333,311647.12,"Apartment,Office",53.36755646817248,1,1,271.46394807671845
C0170,Individual,Jacob,Jones,,M,Usa,California,Home,5,No,Website,3.0,1161316.17,387105.38999999996,1339.7466666666667,525251.32,Apartment,53.36755646817248,0,0,288.93924473283505
C0171,Individual,Julie,Sanders,1991-05-05,F,Usa,Washington,Investment,5,Yes,Client,4.0,1278753.71,319688.4275,1070.72,373786.79,Apartment,32.65982203969884,1,1,298.57332215705316
C0172,Individual,Catherine,Carter,,F,Usa,Washington,Home,1,Yes,Agency,4.0,1681471.9100000001,420367.97750000004,1572.79,484259.13,"Apartment,Office",53.36755646817248,0,1,267.2753371397326
C0173,Individual,Amber,Wilson,,F,Usa,Arizona,Home,5,Yes,Agency,8.0,2619968.43,327496.05375,1074.5925,521184.68,Apartment,53.36755646817248,0,1,304.7630183069396
C0174,Individual,Rachel,Harris,1982-07-06,F,Usa,California,Investment,3,No,Client,3.0,865359.73,288453.24333333335,869.7866666666667,386354.65,Apartment,41.489390828199866,1,0,331.6367730018089
C0175,Individual,Brandon,Alexander,1962-04-05,M,Usa,Washington,Home,5,No,Agency,4.0,1606138.1199999999,401534.52999999997,1313.38,634424.32,"Apartment,Office",61.74127310061601,0,0,305.72608841310205
C0176,Individual,Hannah,Williams,,F,Usa,California,Home,2,No,Website,6.0,2681927.91,446987.98500000004,1514.8,526217.19,Apartment,53.36755646817248,0,0,295.0805287826776
C0177,Individual,Sarah,Hansen,1951-03-05,F,Uk,England,Home,5,Yes,Website,7.0,2269897.21,324271.02999999997,1160.9514285714286,524447.11,"Apartment,Office",72.8268309377139,0,1,279.3148981254291
C0178,Individual,Laura,Chavez,,F,Usa,Virginia,Home,4,No,Agency,7.0,2665917.96,380845.42285714287,1284.9985714285715,548503.64,"Apartment,Office",53.36755646817248,0,0,296.3780904703618
C0179,Individual,Ashley,Turner,1986-02-11,F,Usa,Oregon,Investment,2,No,Website,8.0,2131372.11,266421.51375,947.5450000000001,358234.23,"Apartment,Office",37.88637919233402,1,0,281.17030193816646
C0180,Individual,Jacob,Wilson,,M,Usa,California,Home,2,Yes,Agency,7.0,2660292.37,380041.76714285713,1249.51,542668.47,"Apartment,Office",53.36755646817248,0,1,304.1526415497732
C0181,Individual,Lawrence,Peterson,,M,Usa,Texas,Home,2,Yes,Website,7.0,2047189.62,292455.66000000003,974.1771428571428,350173.43,"Apartment,Office",53.36755646817248,0,1,300.2078853361959
C0182,Individual,Virginia,Bennett,1971-12-02,F,Germany,North Rhine-Westphalia,Investment,1,Yes,Website,8.0,3082362.35,385295.29375,1246.94625,642233.35,Apartment,52.082135523613964,1,1,308.99110025793016
C0183,Individual,Nicholas,Green,,M,Usa,Nevada,Home,3,No,Website,7.0,1883106.92,269015.27428571426,907.1042857142857,330298.49,Apartment,53.36755646817248,0,0,296.56488071146333
C0184,Individual,Peter,Pierce,,M,Usa,Florida,Home,1,No,Website,6.0,2618938.16,436489.69333333336,1481.7150000000001,575737.82,Apartment,53.36755646817248,0,0,294.5841091797905
C0185,Individual,Andrea,Nelson,1945-07-02,F,Usa,Nevada,Home,4,Yes,Agency,7.0,2491911.81,355987.40142857144,1137.2942857142857,559547.45,Apartment,78.4996577686516,0,1,313.01256490969797
C0186,Individual,Carol,Green,1982-04-02,F,Usa,Virginia,Home,1,No,Website,8.0,2674286.63,334285.82875,1100.27125,535134.61,Apartment,41.74948665297741,0,0,303.82128838684093
C0187,Individual,Cheryl,Kim,,F,Usa,Florida,Home,1,No,Website,6.0,2066651.1400000001,344441.8566666667,1135.37,535002.72,"Apartment,Office",53.36755646817248,0,0,303.37410418336464
C0188,Individual,Jose,Martin,1940-10-08,M,Usa,Oregon,Home,5,Yes,Website,7.0,2891447.6,413063.9428571429,1263.962857142857,615305.89,"Apartment,Office",83.23066392881589,0,1,326.800697127176
C0189,Individual,Anna,Adams,1958-12-11,F,Usa,California,Home,2,No,Agency,7.0,2209659.42,315665.6314285714,1024.6857142857143,631227.87,"Apartment,Office",65.056810403833,0,0,308.0609273923712
C0190,Individual,Karen,Johnson,,F,Usa,California,Home,2,No,Website,7.0,2276701.17,325243.02428571426,1049.1542857142856,518963.51,"Apartment,Office",53.36755646817248,0,0,310.00495228810144
C0191,Individual,Sarah,Turner,1977-05-06,F,Usa,Florida,Home,3,No,Agency,8.0,2172926.7600000002,271615.84500000003,913.8512499999999,374700.13,"Apartment,Office",46.65571526351814,0,0,297.22106852729047
C0192,Individual,Margaret,Moore,1984-02-04,F,Belgium,Brussels,Investment,2,Yes,Website,7.0,2900509.0999999996,414358.4428571428,1304.7214285714288,609045.19,"Apartment,Office",39.90691307323751,1,1,317.5838411045597
C0193,Individual,Sharon,Campbell,1968-08-09,F,Usa,California,Investment,4,Yes,Website,7.0,1933778.2399999998,276254.03428571427,962.7214285714286,525419.08,"Apartment,Office",55.39493497604381,1,1,286.9511637396962
C0194,Individual,Jonathan,Hall,,M,France,Ile-De-France,Home,5,Yes,Website,7.0,2759372.27,394196.03857142857,1237.292857142857,610038.08,"Apartment,Office",53.36755646817248,0,1,318.5955825217497
C0195,Individual,Sean,Jones,,M,Usa,California,Home,2,Yes,Website,7.0,2102233.85,300319.12142857147,1029.2714285714285,486957.94,"Apartment,Office",53.36755646817248,0,1,291.7783522325085
C0196,Individual,Alexander,Adams,,M,Usa,Nevada,Investment,5,No,Agency,6.0,2611736.44,435289.4066666667,1411.9466666666667,605691.78,Apartment,53.36755646817248,1,0,308.2902611996676
C0197,Individual,Kevin,Wright,1944-07-01,M,Usa,Virginia,Home,4,No,Client,8.0,2775768.6,346971.075,1082.87,590525.42,Apartment,79.50171115674196,0,0,320.41803263549644
C0198,Individual,Michelle,White,,F,Usa,California,Home,4,No,Website,8.0,2399689.67,299961.20875,997.5475,510536.52,Apartment,53.36755646817248,0,0,300.6986722436776
C0199,Individual,Ryan,Brown,,M,Usa,California,Home,3,No,Agency,7.0,2582959.87,368994.26714285713,1162.7385714285715,596863.29,"Apartment,Office",53.36755646817248,0,0,317.34929605844326
C0200,Individual,Linda,Harris,1944-05-06,F,Usa,California,Home,1,No,Agency,4.0,1071359.3900000001,267839.84750000003,920.7075,410486.46,Apartment,79.65503080082135,0,0,290.9065555564607
C0201,Individual,Lauren,Weaver,,F,Usa,California,Home,1,No,Agency,4.0,1298787.54,324696.885,1147.435,402705.53,"Apartment,Office",53.36755646817248,0,0,282.9762775233456
C0202,Individual,Jack,Reyes,1996-11-11,M,Canada,British Columbia,Home,1,No,Website,3.0,1019272.5900000001,339757.53,1049.3799999999999,446358.88,"Apartment,Office",27.137577002053387,0,0,323.76977834530874
C0203,Individual,Christine,Brooks,,F,Usa,California,Home,4,No,Client,4.0,1242478.83,310619.7075,916.0375,596471.37,Apartment,53.36755646817248,0,0,339.0906021860459
C0204,Individual,Joyce,Pierce,1947-01-10,F,Usa,California,Home,5,No,Agency,3.0,934432.98,311477.66,1042.7266666666667,354252.16,"Apartment,Office",76.97467488021903,0,0,298.71458164172134
C0205,Individual,Kelly,Nelson,,F,Mexico,Puebla,Home,1,Yes,Agency,3.0,949224.48,316408.16,1072.7266666666667,390197.22,"Apartment,Office",53.36755646817248,0,1,294.9569259643649
C0206,Individual,Nancy,Roberts,1957-05-08,F,Usa,California,Home,1,Yes,Agency,3.0,853060.9299999999,284353.6433333333,851.4266666666667,378709.68,Apartment,66.65023956194388,0,1,333.9731470316488
C0207,Individual,Kyle,Gray,,M,Usa,Virginia,Investment,4,No,Website,3.0,889948.76,296649.58666666667,1104.51,533390.74,Apartment,53.36755646817248,1,0,268.58026334452984
C0208,Individual,Mark,James,,M,France,Provence,Home,4,Yes,Agency,4.0,1199654.38,299913.595,997.4100000000001,528026.75,"Apartment,Office",53.36755646817248,0,1,300.69238828565983
C0209,Individual,Kyle,Moore,,M,Usa,Arizona,Investment,3,No,Agency,4.0,979868.13,244967.0325,794.1275,277921.61,"Apartment,Office",53.36755646817248,1,0,308.47317653651334
C0210,Individual,Janice,Price,,F,Usa,Colorado,Home,2,No,Website,4.0,1346156.55,336539.1375,1135.53,567823.18,Apartment,53.36755646817248,0,0,296.37185939605297
C0211,Individual,Amy,Evans,,F,Usa,California,Home,3,No,Agency,4.0,1254240.07,313560.0175,1053.27,514096.93,"Apartment,Office",53.36755646817248,0,0,297.7014606890921
C0212,Individual,Jacob,Wood,,M,Usa,California,Home,4,No,Agency,3.0,1068278.76,356092.92,1224.68,408993.51,Apartment,53.36755646817248,0,0,290.7640526504883
C0213,Individual,Jason,Gray,,M,Usa,Florida,Investment,5,No,Agency,3.0,809691.13,269897.04333333333,897.3100000000001,361389.54,"Apartment,Office",53.36755646817248,1,0,300.7846154989171
C0214,Individual,Helen,Wood,,F,Belgium,Brussels,Investment,5,No,Website,3.0,1070534.6400000001,356844.88000000006,1179.5233333333333,481085.34,Apartment,53.36755646817248,1,0,302.5331249629088
C0215,Individual,Lauren,Foster,1999-07-11,F,Germany,Hamburg,Investment,4,No,Website,3.0,1032856.46,344285.48666666663,1110.27,501616.65,Apartment,24.476386036960985,1,0,310.0916773997916
C0216,Individual,Albert,Hansen,,M,Usa,Utah,Home,1,No,Website,4.0,1352642.3399999999,338160.58499999996,1063.04,392569.11,"Apartment,Office",53.36755646817248,0,0,318.1071126204094
C0217,Individual,Deborah,Miller,1984-07-11,F,Usa,Colorado,Home,3,No,Website,4.0,1238434.91,309608.7275,1019.1225,512052.93,Apartment,39.474332648870636,0,0,303.7993249094196
C0218,Individual,Shirley,Anderson,,F,Usa,California,Home,2,No,Website,3.0,836639.27,278879.75666666665,913.6700000000001,371174.41,"Apartment,Office",53.36755646817248,0,0,305.23028737582126
C0219,Individual,William,Turner,,M,Usa,California,Home,4,No,Website,4.0,1267653.57,316913.3925,1035.1925,639093.49,"Apartment,Office",53.36755646817248,0,0,306.13957548958285
C0220,Individual,Walter,Phillips,1951-06-06,M,Canada,Ontario,Investment,1,No,Website,3.0,1060812.68,353604.2266666666,1101.55,521703.52,Apartment,72.57221081451061,1,0,321.00606115624953
C0221,Company,Atlas,Co,,F,Usa,California,Home,5,No,Website,4.0,1377133.5999999999,344283.39999999997,1186.5225,538973.07,Apartment,53.36755646817248,0,0,290.1617120619288
C0222,Individual,Christopher,Stone,1956-11-08,M,Usa,Utah,Investment,3,No,Agency,3.0,1223560.82,407853.6066666667,1517.47,421263.63,Apartment,67.14579055441479,1,0,268.7721053244326
C0223,Individual,Patrick,Hansen,1973-11-12,M,Usa,Colorado,Investment,3,Yes,Website,4.0,969341.87,242335.4675,837.5225,304478.01,Apartment,50.13552361396304,1,1,289.34800856096405
C0224,Individual,Nathan,Richardson,,M,Usa,Colorado,Home,5,No,Website,3.0,1189255.63,396418.5433333333,1330.2166666666667,539103.37,Apartment,53.36755646817248,0,0,298.0105070602533
C0225,Individual,Evelyn,Reyes,,F,Usa,California,Home,1,Yes,Agency,4.0,1120626.94,280156.735,905.7525,405353.74,"Apartment,Office",53.36755646817248,0,1,309.30826577900694
C0226,Individual,Julia,Jordan,1958-07-11,F,Usa,Colorado,Home,2,No,Website,3.0,1571251.03,523750.3433333333,1599.3433333333332,675765.41,Apartment,65.4757015742642,0,0,327.4783671631899
C0227,Individual,Rachel,Evans,,F,Usa,Arizona,Home,5,Yes,Website,3.0,942245.37,314081.79,1104.51,499753.6,Apartment,53.36755646817248,0,1,284.36301165222585
C0228,Individual,Hannah,Owens,,F,Usa,Oregon,Investment,4,No,Website,3.0,606605.72,202201.90666666665,610.62,306527.75,"Apartment,Office",53.36755646817248,1,0,331.1419649973251
C0229,Individual,Jose,Turner,,M,Usa,Colorado,Investment,5,No,Website,3.0,892220.13,297406.71,900.46,355384.51,Apartment,53.36755646817248,1,0,330.2830886435822
C0230,Company,Forsyte,Co,,M,Usa,Nevada,Investment,4,Yes,Website,4.0,1457429.02,364357.255,1104.2925,567272.16,Apartment,53.36755646817248,1,1,329.9463276260592
C0231,Individual,Ronald,Rogers,,M,Denmark,Central Denmark,Investment,2,Yes,Website,3.0,729893.08,243297.69333333333,849.6366666666667,367286.05,Apartment,53.36755646817248,1,1,286.3549831104276
C0232,Individual,Megan,Kim,1962-05-04,F,Usa,California,Home,3,Yes,Website,4.0,1276710.4900000002,319177.62250000006,1036.6525,556388.88,Apartment,61.661875427789184,0,1,307.89258936818277
C0233,Individual,Larry,Garcia,1997-09-10,M,France,Provence,Home,4,Yes,Website,4.0,1105806.54,276451.635,914.3125,427127.89,Apartment,26.308008213552363,0,1,302.36011757468043
C0234,Individual,Andrea,Hughes,1979-03-02,F,Usa,New York,Home,1,Yes,Website,3.0,839967.04,279989.01333333337,973.09,439529.6,Apartment,44.83504449007529,0,1,287.7318781750232
C0235,Individual,Kenneth,Allen,1949-10-10,M,Usa,California,Home,5,No,Website,4.0,1268586.58,317146.645,1092.085,427566.1,Apartment,74.2258726899384,0,0,290.40472582262373
C0236,Individual,Gerald,Howard,1972-08-10,M,Canada,Manitoba,Home,3,No,Agency,3.0,1321475.69,440491.89666666667,1449.5,627817.81,"Apartment,Office",51.39219712525667,0,0,303.8923053926641
C0237,Individual,Jason,Nelson,1984-11-03,M,Usa,California,Home,5,Yes,Website,3.0,1392353.31,464117.77,1630.1366666666665,501441.18,Apartment,39.15947980835045,0,1,284.71095675004756
C0238,Individual,Amber,Patterson,1982-01-08,F,Usa,Virginia,Home,4,Yes,Agency,3.0,1125732.72,375244.24,1125.17,472802.29,Apartment,41.97946611909651,0,1,333.5000399939564
C0239,Individual,Megan,Baker,,F,Usa,Oregon,Home,3,Yes,Website,4.0,1352763.67,338190.9175,1011.5799999999999,561242.82,"Apartment,Office",53.36755646817248,0,1,334.3194977164436
C0240,Individual,Amber,Morales,,F,Usa,Colorado,Investment,3,No,Website,3.0,935028.28,311676.0933333333,1022.67,414273.14,"Apartment,Office",53.36755646817248,1,0,304.7670248793192
C0241,Individual,Kelly,Anderson,,F,Mexico,Nuevo Leon,Home,5,Yes,Website,3.0,1025934.71,341978.23666666663,1110.27,486971.08,Apartment,53.36755646817248,0,1,308.01357927951454
C0242,Individual,Stephen,Peterson,,M,Usa,Utah,Home,3,Yes,Agency,4.0,1358315.73,339578.9325,1191.1025,478633.51,"Apartment,Office",53.36755646817248,0,1,285.09631412913666
C0243,Individual,Nancy,Patterson,1978-07-11,F,Usa,Utah,Home,2,No,Website,4.0,1382777.8900000001,345694.47250000003,1286.2725,497893.52,Apartment,45.4757015742642,0,0,268.7567933699897
C0244,Individual,Joyce,Pierce,1998-08-03,F,Usa,California,Home,1,No,Website,3.0,1046652.28,348884.0933333333,1095.0333333333335,540440.51,"Apartment,Office",25.412731006160165,0,0,318.6059115399835
C0245,Individual,Sean,Long,1974-01-07,M,Usa,Nevada,Investment,4,No,Agency,3.0,1354584.5,451528.1666666667,1439.256666666667,648020.11,Apartment,49.98220396988364,1,0,313.72317191513207
C0246,Individual,Stephen,Pierce,,M,France,Normandy,Home,1,Yes,Agency,3.0,1024485.26,341495.08666666667,1117.9399999999998,369524.95,"Apartment,Office",53.36755646817248,0,1,305.46817062334895
C0247,Individual,Kevin,Morris,,M,Usa,California,Home,1,No,Website,4.0,1696540.52,424135.13,1458.93,553756.62,Apartment,53.36755646817248,0,0,290.71657310494675
C0248,Individual,Carl,Collins,1968-12-09,M,Usa,Florida,Home,4,Yes,Agency,3.0,1035934.63,345311.54333333333,1224.68,371257.45,"Apartment,Office",55.06091718001369,0,1,281.9606291711576
C0249,Individual,Stephanie,Montgomery,1968-12-05,F,Usa,California,Investment,4,No,Agency,4.0,1142995.52,285748.88,1027.3249999999998,489564.98,Apartment,55.07186858316222,1,0,278.1484729759327
C0250,Individual,Justin,Stewart,,M,Uk,England,Home,2,No,Agency,3.0,982306.66,327435.55333333334,1076.69,459717.65,Apartment,53.36755646817248,0,0,304.11311829155403
C0251,Individual,Janice,Chavez,1976-08-11,F,Usa,Utah,Home,5,No,Website,3.0,463611.95,154537.31666666668,564.01,211507.17,Apartment,47.389459274469544,0,0,273.9974764040827
C0252,Individual,Elizabeth,Rogers,,F,Usa,Nevada,Investment,2,No,Website,3.0,1082221.48,360740.49333333335,1209.64,527700.01,"Apartment,Office",53.36755646817248,1,0,298.2213661364814
C0253,Individual,Betty,Hughes,,F,Usa,Virginia,Home,4,No,Website,4.0,1239226.11,309806.5275,1052.8325,486893.64,Apartment,53.36755646817248,0,0,294.2600342409643
C0254,Individual,Rachel,Freeman,,F,Usa,Florida,Home,5,No,Website,4.0,1332152.57,333038.1425,1096.3725,499070.64,Apartment,53.36755646817248,0,0,303.76367749099876
C0255,Individual,Sara,Jones,1961-02-08,F,Uk,England,Investment,3,Yes,Client,4.0,1689083.06,422270.765,1253.3075,598112.26,Apartment,62.893908281998634,1,1,336.92510816379865
C0256,Individual,Anthony,Hughes,1990-12-10,M,Usa,California,Home,1,Yes,Website,3.0,1150229.15,383409.7166666666,1281.3166666666666,574185.82,Apartment,33.059548254620125,0,1,299.2310383849946
C0257,Individual,Nicholas,Kim,,M,Usa,California,Home,1,No,Website,3.0,1145456.23,381818.74333333335,1277.84,534131.64,"Apartment,Office",53.36755646817248,0,0,298.80011842901564
C0258,Individual,Carl,Murray,,M,Uk,Northern Ireland,Home,4,Yes,Agency,3.0,1001712.37,333904.12333333335,1173.1833333333334,525651.46,Apartment,53.36755646817248,0,1,284.61376312312655
C0259,Individual,Emma,Chavez,,F,Usa,Oregon,Home,4,No,Website,3.0,779396.4099999999,259798.80333333332,842.68,327070.05,Apartment,53.36755646817248,0,0,308.30066375532033
C0260,Individual,Rebecca,Wood,1946-08-04,F,Usa,Nevada,Investment,3,No,Website,4.0,1057192.79,264298.1975,820.9225,387130.78,"Apartment,Office",77.40999315537303,1,0,321.9526782369834
C0261,Company,Celera,Co,,F,Usa,Florida,Investment,4,Yes,Website,4.0,2094623.1,523655.775,1676.3825,553392.84,"Apartment,Office",53.36755646817248,1,1,312.3724895720398
C0262,Individual,Billy,Bryant,,M,Usa,Oregon,Home,2,No,Website,3.0,1233260.4,411086.8,1359.24,507625.15,Apartment,53.36755646817248,0,0,302.43871575292076
C0263,Individual,Anthony,Garcia,1981-08-02,M,Usa,Nevada,Investment,2,Yes,Website,3.0,969140.41,323046.80333333334,1016.7633333333333,377230.63,Apartment,42.41478439425051,1,1,317.72074458494114
C0264,Individual,Melissa,Baker,1992-09-12,F,Usa,Colorado,Home,2,Yes,Agency,4.0,1127766.02,281941.505,972.245,343865.15,"Apartment,Office",31.301848049281315,0,1,289.9901825157239
C0265,Company,Celera,Co,,M,Belgium,Flanders,Home,1,No,Website,4.0,1708031.99,427007.9975,1293.0725,629727.03,"Apartment,Office",53.36755646817248,0,0,330.2274215096215
C0266,Individual,Aaron,Owens,,M,Usa,California,Home,5,Yes,Agency,3.0,931646.38,310548.79333333333,1078.7866666666666,423535.41,"Apartment,Office",53.36755646817248,0,1,287.86858693099657
C0267,Individual,Judy,Howard,1948-11-12,F,Usa,Utah,Home,4,Yes,Agency,4.0,1314495.01,328623.7525,1096.12,426946.49,Apartment,75.13483915126626,0,1,299.8063647228406
C0268,Individual,Danielle,Carter,,F,Usa,Georgia,Investment,3,No,Website,4.0,1108939.8599999999,277234.96499999997,900.39,425894.16,"Apartment,Office",53.36755646817248,1,0,307.90542431612965
C0269,Individual,David,Stewart,1969-02-04,M,Usa,New York,Home,2,No,Agency,3.0,1049110.08,349703.36000000004,1076.69,536079.52,"Apartment,Office",54.90485968514716,0,0,324.79484345540504
C0270,Individual,Megan,Allen,,F,Usa,Florida,Home,5,No,Website,3.0,924009.9,308003.3,983.4266666666667,389694.82,"Apartment,Office",53.36755646817248,0,0,313.19396803015303
C0271,Individual,Laura,Hughes,,F,Usa,California,Investment,3,No,Agency,4.0,1295689.37,323922.3425,1024.3375,479460.4,"Apartment,Office",53.36755646817248,1,0,316.22618765787644
C0272,Individual,Pamela,Green,1993-08-03,F,Uk,Scotland,Home,5,Yes,Website,4.0,1439584.37,359896.0925,1248.58,535120.87,Apartment,30.412046543463383,0,1,288.24431954700543
C0273,Individual,Paul,Morales,,M,Denmark,Zealand,Investment,2,No,Website,3.0,682452.64,227484.21333333335,801.46,341971.22,Apartment,53.36755646817248,1,0,283.83726366048626
C0274,Individual,Raymond,Young,1950-10-01,M,Usa,Florida,Home,2,No,Website,3.0,1343449.34,447816.4466666667,1467.89,623754.36,Apartment,73.25119780971937,0,0,305.0749352244832
C0275,Individual,William,Thompson,,M,Usa,Oregon,Home,1,Yes,Website,4.0,1237500.3,309375.075,1177.3375,394827.74,"Apartment,Office",53.36755646817248,0,1,262.7751812882882
C0276,Individual,Gloria,Harris,,F,Usa,Washington,Home,5,No,Website,3.0,1011195.98,337065.32666666666,1164.9766666666667,419401.36,Apartment,53.36755646817248,0,0,289.33225558165685
C0277,Individual,Jordan,Garcia,,M,Usa,Colorado,Investment,1,Yes,Agency,3.0,1123449.53,374483.1766666667,1286.4266666666667,510899.59,Apartment,53.36755646817248,1,1,291.10340011608383
C0278,Individual,Margaret,Foster,1955-08-03,F,Usa,California,Investment,2,Yes,Website,3.0,1442538.67,480846.2233333333,1685.2766666666666,598158.07,Apartment,68.41341546885695,1,1,285.32183044129255
C0279,Individual,Heather,Montgomery,,F,Usa,Oregon,Home,1,No,Website,3.0,1012986.25,337662.0833333333,1170.3533333333332,462143.05,Apartment,53.36755646817248,0,0,288.51294196054755
C0280,Individual,Nathan,Price,,M,Usa,Florida,Home,4,No,Client,4.0,1282020.93,320505.2325,1154.2525,473146.44,"Apartment,Office",53.36755646817248,0,0,277.6734141793065
C0281,Individual,Katherine,Phillips,,F,Usa,California,Home,1,Yes,Agency,3.0,1256275.37,418758.4566666667,1388.4566666666667,522943.88,"Apartment,Office",53.36755646817248,0,1,301.59994670341416
C0282,Individual,Emily,Owens,,F,Usa,California,Investment,1,No,Website,4.0,973863.8,243465.95,858.9825,315993.38,"Apartment,Office",53.36755646817248,1,0,283.4352853521463
C0283,Individual,Susan,Edwards,1962-05-12,F,Usa,Arizona,Home,2,Yes,Agency,4.0,1118599.47,279649.8675,922.54,503401.23,"Apartment,Office",61.63997262149213,0,1,303.1303439417261
C0284,Individual,Patrick,Owens,,M,Usa,Arizona,Home,4,No,Client,4.0,1251975.85,312993.9625,994.0725,452041.67,Apartment,53.36755646817248,0,0,314.86029690993365
C0285,Individual,Billy,Parker,1999-03-09,M,France,Ile-De-France,Investment,3,No,Website,4.0,1679056.13,419764.0325,1423.1725,575785.08,Apartment,24.815879534565365,1,0,294.9495106882686
C0286,Individual,Noah,Brooks,,M,Uk,Scotland,Home,1,No,Agency,3.0,859353.0900000001,286451.03,988.6033333333334,335095.0,Apartment,53.36755646817248,0,0,289.75325121973424
C0287,Individual,Joan,Bell,1990-06-10,F,Australia,New South Wales,Home,5,No,Website,3.0,1171265.03,390421.6766666667,1205.9633333333334,483565.19,"Apartment,Office",33.5605749486653,0,0,323.7425764741327
C0288,Individual,Kevin,Freeman,1997-11-03,M,Usa,Colorado,Investment,4,No,Agency,4.0,1364289.23,341072.3075,1198.3725,556972.3,Apartment,26.16016427104723,1,0,284.61292920189675
C0289,Individual,Laura,Hayes,,F,Usa,California,Investment,5,No,Agency,4.0,1533862.35,383465.5875,1200.2725,465791.79,"Apartment,Office",53.36755646817248,1,0,319.4821071881594
C0290,Individual,Ryan,Watson,1962-01-01,M,Usa,California,Home,2,No,Website,3.0,1215398.18,405132.7266666666,1337.1733333333334,618068.19,"Apartment,Office",61.998631074606436,0,0,302.9769713225909
C0291,Individual,James,Bryant,1953-07-06,M,Usa,Nevada,Home,2,No,Agency,3.0,1322506.76,440835.58666666667,1523.6933333333334,578696.13,Apartment,70.48870636550308,0,0,289.3204144316004
C0292,Individual,Karen,Watson,1945-12-02,F,Usa,California,Home,1,No,Agency,4.0,1442818.3399999999,360704.58499999996,1084.0625,562572.19,Apartment,78.08076659822039,0,0,332.7341228019602
C0293,Individual,Ruth,Collins,1993-07-01,F,Usa,California,Investment,4,No,Website,4.0,1580876.65,395219.1625,1299.3274999999999,555343.32,Apartment,30.50239561943874,1,0,304.1720909470476
C0294,Individual,Nicholas,Reyes,,M,Usa,Nevada,Home,3,Yes,Website,4.0,1027250.91,256812.7275,825.1324999999999,483003.01,"Apartment,Office",53.36755646817248,0,1,311.23816780941246
C0295,Individual,Roger,Harris,1967-09-07,M,Russia,Tatarstan,Home,3,No,Agency,3.0,1350375.73,450125.24333333335,1413.8666666666668,628455.63,Apartment,56.31759069130732,0,0,318.36470435684646
C0296,Individual,Mark,Young,1984-04-06,M,Canada,Manitoba,Home,1,Yes,Client,3.0,1142875.46,380958.48666666663,1238.0233333333333,449749.3,Apartment,39.73716632443532,0,1,307.7151103775642
C0297,Individual,Julia,Murray,,F,Uk,Wales,Investment,5,No,Agency,4.0,1709184.75,427296.1875,1422.9925,549203.19,Apartment,53.36755646817248,1,0,300.2799997189022
C0298,Individual,Sarah,Patterson,1972-11-10,F,Usa,Oregon,Home,3,No,Website,4.0,1262479.23,315619.8075,1069.63,565653.37,"Apartment,Office",51.14031485284052,0,0,295.0738175817806
C0299,Individual,Barbara,Davis,1977-05-03,F,Uk,Wales,Home,5,No,Agency,4.0,1177661.76,294415.44,948.7574999999999,495541.93,Apartment,46.66392881587954,0,0,310.31685125018777
C0300,Individual,Zachary,Peterson,1959-04-11,M,Canada,Alberta,Home,5,Yes,Website,3.0,844956.55,281652.18333333335,877.9633333333333,294620.75,Apartment,64.72553045859,0,1,320.8017608935833
C0301,Individual,Lisa,Alexander,1959-03-02,F,Usa,Virginia,Home,4,No,Agency,3.0,1045776.52,348592.17333333334,1286.4266666666667,452486.22,Apartment,64.83504449007529,0,0,270.977104537634
C0302,Individual,Maria,Edwards,,F,Usa,Utah,Investment,1,No,Agency,4.0,1654300.33,413575.0825,1239.145,712128.48,"Apartment,Office",53.36755646817248,1,0,333.7584241553652
C0303,Individual,Betty,Owens,1957-07-10,F,Usa,Virginia,Investment,5,Yes,Website,4.0,1519113.12,379778.28,1242.0825,464094.48,"Apartment,Office",66.47775496235455,1,1,305.7593034279124
C0304,Individual,Patrick,Morris,,M,Usa,California,Investment,1,No,Agency,4.0,1685753.28,421438.32,1333.5625,664971.32,Apartment,53.36755646817248,1,0,316.02442330224494
C0305,Individual,Emily,Kim,,F,Usa,Arizona,Home,1,No,Website,3.0,1327736.23,442578.74333333335,1493.243333333333,561574.14,"Apartment,Office",53.36755646817248,0,0,296.3875568393631
C0306,Individual,Samuel,Foster,1988-04-05,M,Usa,California,Home,1,No,Client,4.0,1399698.79,349924.6975,1075.5049999999999,493102.83,"Apartment,Office",35.73990417522245,0,0,325.3585036796668
C0307,Individual,Samuel,Freeman,,M,Usa,California,Home,5,Yes,Client,4.0,1490170.3800000001,372542.59500000003,1167.105,500020.84,"Apartment,Office",53.36755646817248,0,1,319.202295423291
C0308,Individual,Catherine,Roberts,1972-10-10,F,Belgium,Flanders,Investment,4,Yes,Agency,3.0,1176582.54,392194.18,1343.8166666666666,528227.73,Apartment,51.22518822724162,1,1,291.8509568517531
C0309,Individual,Stephanie,Cox,,F,Usa,Washington,Home,4,No,Agency,3.0,1382649.58,460883.19333333336,1412.2166666666665,578028.54,"Apartment,Office",53.36755646817248,0,0,326.354449860149
C0310,Individual,Edward,Weaver,1992-05-02,M,Uk,Northern Ireland,Home,3,No,Website,3.0,1389329.62,463109.87333333335,1565.3233333333335,525344.23,Apartment,31.665982203969882,0,0,295.8557273577131
C0311,Individual,Justin,Anderson,1952-03-09,M,Usa,Georgia,Home,2,No,Website,4.0,1632999.56,408249.89,1312.8225,582311.86,"Apartment,Office",71.81382614647502,0,0,310.9711251901914
C0312,Individual,Zachary,Cooper,,M,Usa,Nevada,Home,3,Yes,Website,4.0,1105668.66,276417.165,962.3199999999999,363263.79,Apartment,53.36755646817248,0,1,287.2403826170089
C0313,Company,Stratos,Co,1974-04-12,M,Usa,California,Home,1,No,Agency,3.0,1091085.9300000002,363695.31000000006,1190.3133333333333,467065.87,"Apartment,Office",49.72210814510609,0,0,305.54585907352134
C0314,Individual,Andrew,Jones,,M,Usa,Washington,Investment,4,No,Agency,3.0,1040795.02,346931.67333333334,1138.4233333333334,417096.92,"Apartment,Office",53.36755646817248,1,0,304.7475075177072
C0315,Individual,Michael,Phillips,,M,Mexico,Baja California,Investment,5,No,Website,4.0,1178606.56,294651.64,979.6775,560474.88,"Apartment,Office",53.36755646817248,1,0,300.7639146555882
C0316,Individual,Brandon,Martin,,M,Uk,Scotland,Investment,4,Yes,Website,4.0,1792447.27,448111.8175,1338.8999999999999,541632.06,"Apartment,Office",53.36755646817248,1,1,334.68654679214285
C0317,Individual,Amber,Hansen,,F,Usa,California,Investment,2,Yes,Website,3.0,1248444.31,416148.10333333333,1451.2533333333333,518973.54,Apartment,53.36755646817248,1,1,286.7508337620815
C0318,Individual,Amy,Peterson,,F,Germany,Berlin,Home,5,No,Website,3.0,871968.67,290656.2233333333,927.6066666666666,330533.73,Apartment,53.36755646817248,0,0,313.33994652906046
C0319,Company,Zynex,Co,1995-11-12,F,Usa,Texas,Home,5,Yes,Website,4.0,2061054.65,515263.6625,1726.0575,614698.11,"Apartment,Office",28.136892539356605,0,1,298.5205663774237
C0320,Individual,Tyler,Cox,1984-12-01,M,Usa,Texas,Home,3,Yes,Client,3.0,1317732.09,439244.03,1465.92,569841.56,"Apartment,Office",39.082819986310746,0,1,299.6371084370225
C0321,Individual,Jesse,Cook,1992-01-12,M,Usa,California,Investment,2,No,Agency,4.0,1701753.71,425438.4275,1321.76,541634.06,Apartment,31.969883641341546,1,0,321.8726754478877
C0322,Individual,Deborah,Moore,,F,Usa,California,Home,2,Yes,Website,3.0,1347002.93,449000.9766666666,1445.2933333333333,591179.27,"Apartment,Office",53.36755646817248,0,1,310.66425500705736
C0323,Individual,Samantha,Hayes,,F,Usa,California,Investment,2,Yes,Website,3.0,1230825.62,410275.2066666667,1308.5133333333333,545057.23,"Apartment,Office",53.36755646817248,1,1,313.5430080957015
C0324,Individual,Raymond,Parker,,M,Usa,Washington,Home,4,No,Website,3.0,1147121.25,382373.75,1313.16,517353.17,"Apartment,Office",53.36755646817248,0,0,291.18595601449937
C0325,Individual,Maria,Flores,,F,Usa,California,Home,5,Yes,Agency,4.0,1205175.56,301293.89,1030.1225,488081.56,"Apartment,Office",53.36755646817248,0,1,292.48355414040566
C0326,Individual,Daniel,Reed,1958-05-10,M,Usa,Oregon,Investment,4,Yes,Agency,4.0,1321975.5,330493.875,1028.1275,577426.88,Apartment,65.64544832306639,1,1,321.4522274717873
C0327,Individual,Elizabeth,Ward,1961-07-09,F,Uk,Scotland,Home,1,No,Agency,4.0,1116366.72,279091.68,933.355,530962.64,Apartment,62.48049281314169,0,0,299.0198584675713
C0328,Individual,William,Young,,M,Usa,California,Home,1,Yes,Client,4.0,1356560.31,339140.0775,1030.21,504707.33,Apartment,53.36755646817248,0,1,329.19509371875637
C0329,Individual,Diane,Morales,1998-10-05,F,Germany,Hesse,Home,3,No,Agency,3.0,770062.4,256687.46666666667,922.6666666666666,337233.0,Apartment,25.240246406570844,0,0,278.20173410404624
C0330,Individual,Christian,Richardson,,M,Usa,California,Home,1,No,Website,4.0,1331463.63,332865.9075,1146.9925,453899.37,Apartment,53.36755646817248,0,0,290.2075711044318
C0331,Individual,Ann,Martin,,F,Usa,California,Investment,3,No,Agency,4.0,1546334.4,386583.6,1259.95,486548.28,"Apartment,Office",53.36755646817248,1,0,306.824556530021
C0332,Individual,Christopher,Price,,M,Usa,Texas,Investment,3,No,Website,3.0,1209987.46,403329.1533333333,1435.6633333333332,510194.12,"Apartment,Office",53.36755646817248,1,0,280.9357486318752
C0333,Individual,Helen,Hall,,F,Uk,Wales,Home,3,No,Website,3.0,1118960.06,372986.6866666667,1203.39,544042.09,"Apartment,Office",53.36755646817248,0,0,309.9466396319287
C0334,Individual,Andrew,Roberts,1950-08-01,M,Usa,Arizona,Investment,3,No,Agency,4.0,1445655.93,361413.9825,1047.99,565288.74,"Apartment,Office",73.41820670773443,1,0,344.86396101107835
C0335,Individual,Charles,Morris,,M,Usa,Arizona,Home,4,No,Website,4.0,1478341.12,369585.28,1190.4075,593581.03,"Apartment,Office",53.36755646817248,0,0,310.4695492929942
C0336,Individual,Karen,Price,,F,Usa,California,Investment,5,No,Agency,3.0,1163690.5899999999,387896.8633333333,1226.8766666666668,627613.85,Apartment,53.36755646817248,1,0,316.1661427527352
C0337,Individual,Nathan,Alexander,,M,Usa,Arizona,Home,3,Yes,Website,3.0,759310.2,253103.4,893.3766666666667,405740.25,Apartment,53.36755646817248,0,1,283.3109587967748
C0338,Individual,Patrick,Flores,,M,Usa,California,Home,5,Yes,Website,4.0,1488671.1300000001,372167.78250000003,1227.17,539440.64,"Apartment,Office",53.36755646817248,0,1,303.2732078685105
C0339,Individual,Keith,King,1963-10-05,M,Usa,Utah,Investment,5,No,Agency,4.0,1548824.23,387206.0575,1170.135,503290.73,Apartment,60.24093086926762,1,0,330.90716669444123
C0340,Individual,Daniel,Garcia,,M,Usa,California,Investment,2,No,Agency,3.0,1047500.4199999999,349166.80666666664,1263.5766666666666,437506.24,Apartment,53.36755646817248,1,0,276.3321101740298
C0341,Individual,Carl,Chavez,1982-11-10,M,Usa,California,Investment,4,No,Agency,4.0,1679555.42,419888.855,1293.0725,584357.04,Apartment,41.14168377823409,1,0,324.72181954221435
C0342,Individual,Kevin,Hughes,,M,Usa,California,Investment,2,No,Client,3.0,1290567.3900000001,430189.13000000006,1286.43,545582.64,Apartment,53.36755646817248,1,0,334.4053932199965
C0343,Individual,Joyce,Thompson,,F,Usa,California,Home,2,No,Website,4.0,1630923.97,407730.9925,1374.585,626989.8,Apartment,53.36755646817248,0,0,296.62115656725484
C0344,Individual,Joshua,Jackson,,M,Canada,British Columbia,Home,2,Yes,Website,4.0,1276344.68,319086.17,1059.9375,450231.11,Apartment,53.36755646817248,0,1,301.0424388230438
C0345,Individual,Stephanie,Hall,,F,Usa,New York,Home,4,Yes,Website,3.0,1339687.25,446562.4166666667,1510.3766666666668,495847.14,"Apartment,Office",53.36755646817248,0,1,295.6629472118434
C0346,Individual,Amy,Nelson,1963-06-02,F,Usa,California,Home,5,No,Agency,3.0,1174812.8599999999,391604.2866666666,1271.67,492067.86,Apartment,60.58316221765914,0,0,307.94489660577557
C0347,Individual,Mark,Reyes,,M,Usa,Washington,Home,3,Yes,Website,3.0,1378006.45,459335.48333333334,1471.6200000000001,476814.14,"Apartment,Office",53.36755646817248,0,1,312.1291388628405
C0348,Individual,Jack,Pierce,,M,Usa,Colorado,Investment,5,Yes,Agency,4.0,1482633.92,370658.48,1246.7075,571558.04,Apartment,53.36755646817248,1,1,297.30989827204854
C0349,Individual,Paul,Jackson,,M,Usa,Arizona,Home,2,Yes,Agency,3.0,1065745.84,355248.61333333334,1124.5,536330.79,"Apartment,Office",53.36755646817248,0,1,315.9169527197273
C0350,Individual,Richard,Jones,1992-12-11,M,Usa,Arizona,Home,2,No,Agency,3.0,1066408.3,355469.43333333335,1206.2733333333333,501574.06,"Apartment,Office",31.055441478439427,0,0,294.68398538750205
C0351,Individual,Michelle,Watson,,F,Usa,Oregon,Home,5,No,Agency,4.0,1551113.76,387778.44,1260.0625,536210.24,"Apartment,Office",53.36755646817248,0,0,307.7454015177819
C0352,Individual,Judith,Williams,,F,Usa,Nevada,Investment,3,No,Agency,3.0,1339830.04,446610.01333333337,1447.82,563932.05,Apartment,53.36755646817248,1,0,308.47067545228924
C0353,Individual,Anna,Murray,,F,Usa,Arizona,Home,2,No,Agency,3.0,889855.16,296618.38666666666,980.8699999999999,348984.03,Apartment,53.36755646817248,0,0,302.4033630008734
C0354,Individual,Kimberly,Turner,,F,Usa,California,Home,4,No,Website,3.0,962196.6000000001,320732.2,1059.1499999999999,401828.82,"Apartment,Office",53.36755646817248,0,0,302.8203748288723
C0355,Individual,Henry,Alexander,,M,Mexico,Baja California,Investment,1,No,Website,3.0,1029593.97,343197.99,1273.45,371216.81,Apartment,53.36755646817248,1,0,269.502524637795
C0356,Individual,Andrea,Kim,1976-06-06,F,Usa,Georgia,Home,3,No,Website,4.0,964351.9,241087.975,816.16,356415.65,Apartment,47.57015742642026,0,0,295.39302955302884
C0357,Individual,Danielle,Griffin,1988-04-09,F,Usa,California,Home,3,No,Website,3.0,970629.22,323543.0733333333,1059.3466666666666,440318.57,"Apartment,Office",35.728952772073924,0,0,305.41755925035557
C0358,Individual,Katherine,Griffin,,F,Australia,New South Wales,Home,3,Yes,Agency,3.0,1150919.74,383639.91333333333,1240.6066666666666,448849.01,"Apartment,Office",53.36755646817248,0,1,309.23573413007614
C0359,Individual,Julie,Cooper,1951-03-10,F,Usa,California,Investment,1,No,Agency,3.0,1098189.8900000001,366063.2966666667,1308.5133333333333,504517.39,Apartment,72.81314168377824,1,0,279.7551139461068
C0360,Individual,Laura,Baker,1948-09-09,F,Usa,Utah,Home,2,Yes,Agency,4.0,1978026.48,494506.62,1676.3825,563291.28,Apartment,75.31006160164272,0,1,294.98436066947727
C0361,Individual,Nicholas,Miller,1958-09-08,M,Uk,England,Home,1,Yes,Website,4.0,1468372.25,367093.0625,1222.5974999999999,471871.72,"Apartment,Office",65.3141683778234,0,1,300.2566768703519
C0362,Individual,Betty,Moore,2000-09-06,F,Usa,Utah,Home,4,No,Website,3.0,1129669.4,376556.4666666666,1162.6166666666666,479711.66,Apartment,23.318275154004105,0,0,323.8870364264518
C0363,Individual,Christine,Edwards,,F,Usa,Utah,Investment,2,No,Client,4.0,1232301.44,308075.36,929.6975,468524.95,"Apartment,Office",53.36755646817248,1,0,331.37161280954285
C0364,Individual,George,Gray,1944-03-02,M,Usa,Texas,Home,2,No,Website,4.0,1492505.18,373126.295,1261.78,627189.08,"Apartment,Office",79.83299110198494,0,0,295.71422514225935
C0365,Individual,Brandon,Morales,1962-02-11,M,Usa,Colorado,Investment,5,No,Agency,3.0,951259.9,317086.63333333336,1164.9766666666667,435723.27,Apartment,61.88637919233402,1,0,272.18281911225694
C0366,Individual,Keith,Long,,M,Usa,California,Home,4,No,Website,3.0,1420135.32,473378.44,1452.2633333333333,668066.43,"Apartment,Office",53.36755646817248,0,0,325.9590937364436
C0367,Individual,Samuel,Collins,,M,Usa,California,Investment,4,No,Agency,4.0,1662617.88,415654.47,1269.065,593682.12,"Apartment,Office",53.36755646817248,1,0,327.5281171571196
C0368,Individual,Betty,Scott,1992-08-11,F,Usa,California,Home,4,Yes,Agency,4.0,1494552.45,373638.1125,1136.215,589380.74,"Apartment,Office",31.38945927446954,0,1,328.84455186738427
C0369,Individual,Helen,Murray,1954-10-01,F,Usa,Utah,Home,2,Yes,Agency,4.0,1586439.08,396609.77,1333.5625,604849.17,Apartment,69.25119780971937,0,1,297.4062108075175
C0370,Individual,Michelle,Brooks,,F,Russia,Krasnodar Krai,Home,1,No,Website,4.0,1613633.3900000001,403408.34750000003,1334.8775,552125.64,Apartment,53.36755646817248,0,0,302.2062679908831
C0371,Individual,Ryan,Moore,,M,Belgium,Wallonia,Investment,3,No,Agency,3.0,827208.61,275736.2033333333,842.68,369988.32,"Apartment,Office",53.36755646817248,1,0,327.21341830034333
C0372,Individual,Teresa,Nelson,,F,Belgium,Flanders,Investment,1,No,Agency,3.0,1280128.06,426709.35333333333,1361.7433333333333,541782.12,Apartment,53.36755646817248,1,0,313.3551990952774
C0373,Individual,Karen,Morales,,F,Usa,Georgia,Home,2,No,Agency,3.0,1047277.1799999999,349092.3933333333,1160.5133333333333,512134.29,"Apartment,Office",53.36755646817248,0,0,300.80860194052053
C0374,Individual,Madison,Hughes,1993-11-07,F,Australia,New South Wales,Investment,4,Yes,Agency,4.0,916825.86,229206.465,735.11,272720.31,"Apartment,Office",30.1492128678987,1,1,311.7988668362558
C0375,Individual,Kyle,Thompson,,M,Usa,California,Investment,4,No,Website,3.0,1178580.6400000001,392860.2133333334,1224.68,463091.82,"Apartment,Office",53.36755646817248,1,0,320.7860121283383
C0376,Individual,Shirley,Smith,,F,Usa,California,Home,3,No,Website,3.0,1182808.29,394269.43,1361.7433333333333,474499.21,"Apartment,Office",53.36755646817248,0,0,289.53285127153185
C0377,Individual,Charles,Patterson,,M,Usa,Washington,Home,4,No,Website,3.0,822780.32,274260.10666666663,904.0466666666667,319434.72,"Apartment,Office",53.36755646817248,0,0,303.36941308339533
C0378,Individual,Heather,Anderson,,F,Usa,California,Investment,3,Yes,Website,3.0,812387.51,270795.83666666667,983.4266666666667,349197.14,Apartment,53.36755646817248,1,1,275.3594607969413
C0379,Company,Optima,Co,,M,Usa,California,Investment,2,Yes,Client,4.0,1254919.3599999999,313729.83999999997,1115.505,415669.45,"Apartment,Office",53.36755646817248,1,1,281.2446739369164
C0380,Individual,Evelyn,Chavez,,F,Usa,California,Home,3,Yes,Website,3.0,939708.87,313236.29,1175.45,518564.66,"Apartment,Office",53.36755646817248,0,1,266.4820196520481
C0381,Individual,David,Gray,1961-01-08,M,Usa,California,Home,5,Yes,Agency,3.0,878913.19,292971.0633333333,1188.2333333333333,315056.1,Apartment,62.978781656399725,0,1,246.56021264061488
C0382,Individual,Nicholas,Garcia,1975-08-08,M,Usa,California,Investment,1,Yes,Agency,3.0,980139.25,326713.0833333333,980.8699999999999,397171.33,"Apartment,Office",48.39972621492129,1,1,333.0849993713064
C0383,Company,Novex,Co,1985-11-09,F,Mexico,Mexico City,Investment,3,No,Agency,4.0,968070.64,242017.66,809.6575,454071.94,Apartment,38.143737166324435,1,0,298.9136270583549
C0384,Individual,Amy,Stewart,,F,Usa,California,Home,3,Yes,Website,3.0,1010761.74,336920.58,1049.3799999999999,366344.49,Apartment,53.36755646817248,0,1,321.0663248775468
C0385,Individual,Douglas,Owens,1969-01-12,M,Uk,Northern Ireland,Investment,4,No,Website,3.0,1289646.4100000001,429882.1366666667,1277.2733333333333,605784.18,Apartment,54.9678302532512,1,0,336.5623672301935
C0386,Individual,Carol,Stewart,,F,Usa,Colorado,Home,2,No,Client,3.0,1633972.21,544657.4033333333,1445.08,704058.44,"Apartment,Office",53.36755646817248,0,0,376.9046719443445
C0387,Individual,Jessica,Owens,,F,Usa,California,Home,2,Yes,Website,4.0,1992983.55,498245.8875,1555.2975000000001,575135.54,Apartment,53.36755646817248,0,1,320.35407213089456
C0388,Individual,Zachary,Cox,,M,Usa,California,Home,4,No,Agency,3.0,961894.92,320631.64,975.9433333333333,395393.94,"Apartment,Office",53.36755646817248,0,0,328.5350993739391
C0389,Individual,Ronald,Stone,,M,Usa,Colorado,Home,3,No,Website,4.0,1261549.0899999999,315387.27249999996,1119.0900000000001,439227.72,"Apartment,Office",53.36755646817248,0,0,281.8247616366869
C0390,Individual,Steven,Griffin,,M,Canada,Quebec,Investment,2,No,Website,4.0,1678762.0699999998,419690.51749999996,1295.2649999999999,550273.32,"Apartment,Office",53.36755646817248,1,0,324.0190366450109
C0391,Individual,Heather,Long,1966-11-12,F,Usa,California,Home,5,No,Agency,3.0,1035012.9099999999,345004.3033333333,1064.4166666666667,502064.98,Apartment,57.13620807665982,0,0,324.1252360447819
C0392,Individual,Katherine,Adams,,F,Usa,Arizona,Home,2,Yes,Website,4.0,1015830.03,253957.5075,922.6600000000001,448959.32,Apartment,53.36755646817248,0,1,275.2449520950296
C0393,Individual,Nicole,Allen,1988-06-08,F,Usa,Arizona,Home,4,No,Agency,4.0,1616556.78,404139.195,1298.145,492421.76,"Apartment,Office",35.564681724846,0,0,311.3205343008678
C0394,Individual,Shirley,Foster,,F,Usa,Colorado,Home,3,Yes,Website,4.0,1258840.0,314710.0,1041.8025,600821.21,"Apartment,Office",53.36755646817248,0,1,302.08220848001423
C0395,Individual,Deborah,Chavez,,F,Usa,Florida,Home,1,No,Website,3.0,1153134.48,384378.16,1303.4733333333334,493489.81,"Apartment,Office",53.36755646817248,0,0,294.8876284388889
C0396,Individual,Charles,Allen,,M,Usa,Nevada,Home,5,No,Agency,4.0,1181447.25,295361.8125,896.2524999999999,414855.4,Apartment,53.36755646817248,0,0,329.5520096178254
C0397,Individual,Hannah,Williams,,F,Usa,California,Home,5,No,Website,3.0,793543.27,264514.42333333334,862.11,299573.55,Apartment,53.36755646817248,0,0,306.8221263334532
C0398,Individual,Jennifer,Alexander,,F,Usa,Texas,Home,1,Yes,Agency,4.0,1186693.85,296673.4625,935.765,416143.54,"Apartment,Office",53.36755646817248,0,1,317.0384257799768
C0399,Individual,Albert,Kim,1984-06-09,M,Usa,California,Home,4,No,Agency,4.0,1229057.49,307264.3725,1093.05,470140.59,"Apartment,Office",39.56194387405886,0,0,281.10733498010154
C0400,Individual,Brandon,Anderson,,M,Usa,California,Home,4,No,Agency,4.0,1360152.99,340038.2475,1239.145,479620.3,Apartment,53.36755646817248,0,0,274.4136057523534
C0401,Individual,Brian,Anderson,,M,Usa,Arizona,Home,5,Yes,Website,4.0,1020913.0700000001,255228.26750000002,853.07,338232.19,Apartment,53.36755646817248,0,1,299.1879535090907
C0402,Individual,Brenda,Garcia,,F,Usa,Georgia,Home,5,No,Website,3.0,1054166.95,351388.98333333334,1102.8633333333335,419555.74,Apartment,53.36755646817248,0,0,318.6151653725605
C0403,Individual,Jennifer,Adams,,F,Australia,New South Wales,Home,1,No,Website,3.0,878792.98,292930.99333333335,1060.9733333333334,430423.76,"Apartment,Office",53.36755646817248,0,0,276.09647116484234
C0404,Individual,Sara,Cook,1976-12-05,F,France,Normandy,Investment,1,No,Client,3.0,731788.96,243929.65333333332,753.3133333333334,385857.81,Apartment,47.07186858316222,1,0,323.8090214784463
C0405,Company,Horizon,Co,,M,Usa,Colorado,Home,1,No,Agency,4.0,1310963.25,327740.8125,1140.38,453518.72,Apartment,53.36755646817248,0,0,287.3961420754485
C0406,Individual,Christine,Brown,,F,Usa,Colorado,Home,3,No,Website,4.0,1317165.12,329291.28,1090.1925,525171.0,"Apartment,Office",53.36755646817248,0,0,302.0487482715209
C0407,Individual,Lisa,Freeman,,F,Usa,California,Home,2,No,Client,4.0,1254494.91,313623.7275,1045.8025,406850.28,Apartment,53.36755646817248,0,0,299.8881026771307
C0408,Individual,Tyler,Rogers,1977-02-03,M,Usa,California,Home,3,No,Website,3.0,1320497.01,440165.67,1413.0600000000002,574122.16,Apartment,46.90759753593429,0,0,311.4982166362362
C0409,Individual,Timothy,Reyes,,M,Usa,Nevada,Home,1,Yes,Website,4.0,1816669.2,454167.3,1449.3775,599891.42,"Apartment,Office",53.36755646817248,0,1,313.3533534224175
C0410,Individual,Diane,Johnson,,F,Russia,Saint Petersburg,Home,5,Yes,Agency,3.0,1021706.02,340568.67333333334,1189.1899999999998,524175.54,Apartment,53.36755646817248,0,1,286.38709822091795
C0411,Individual,Amanda,Moore,1983-05-09,F,Usa,California,Home,2,No,Website,3.0,896987.21,298995.73666666663,883.7466666666668,475205.98,"Apartment,Office",40.648870636550306,0,0,338.3274279205201
C0412,Individual,Karen,Richardson,,F,Uk,Scotland,Home,5,No,Website,3.0,1100376.25,366792.0833333333,1260.8366666666668,493587.18,Apartment,53.36755646817248,0,0,290.9116565455213
C0413,Individual,Brandon,Smith,1940-07-11,M,Canada,British Columbia,Home,3,No,Website,4.0,1769126.22,442281.555,1431.4575,537806.31,Apartment,83.47433264887064,0,0,308.97288602700394
C0414,Individual,Brandon,Reed,1962-12-07,M,Usa,California,Home,4,No,Website,4.0,1412148.94,353037.235,1144.74,518926.42,"Apartment,Office",61.06776180698152,0,0,308.3994924611702
C0415,Individual,Grace,Turner,1980-07-09,F,Usa,Nevada,Home,5,Yes,Agency,4.0,1305928.3499999999,326482.08749999997,1093.05,503380.47,Apartment,43.4798083504449,0,1,298.68906957595715
C0416,Company,Bravada,Co,,M,Germany,North Rhine-Westphalia,Investment,5,Yes,Client,3.0,1059532.51,353177.50333333336,1260.8366666666668,492952.77,Apartment,53.36755646817248,1,1,280.1136044584152
C0417,Individual,Peter,Collins,1947-12-03,M,Usa,Utah,Home,2,No,Website,3.0,1354773.96,451591.32,1471.8999999999999,583440.71,Apartment,76.07939767282683,0,0,306.80842448535907
C0418,Individual,Douglas,Howard,,M,Usa,Arizona,Home,5,No,Agency,4.0,1629486.83,407371.7075,1276.8225,529967.66,Apartment,53.36755646817248,0,0,319.051166078292
C0419,Individual,Jack,Hansen,1962-11-03,M,Usa,Washington,Home,3,Yes,Agency,4.0,1174012.19,293503.0475,990.4475,419691.92,"Apartment,Office",61.16084873374401,0,1,296.33377589422963
C0420,Individual,Debra,Reyes,1994-01-04,F,Usa,California,Home,5,No,Agency,3.0,1260096.1600000001,420032.0533333334,1330.2166666666667,588644.89,"Apartment,Office",29.99041752224504,0,0,315.76213398819743
C0421,Individual,Zachary,Cox,,M,Germany,Hesse,Investment,5,Yes,Website,4.0,1495763.3699999999,373940.84249999997,1203.905,585167.95,Apartment,53.36755646817248,1,1,310.6066030957592
C0422,Company,Telnox,Co,,F,Usa,California,Home,1,Yes,Client,4.0,1653171.62,413292.905,1428.5749999999998,555693.16,Apartment,53.36755646817248,0,1,289.30431023922444
C0423,Individual,Rachel,Sanders,,F,Usa,California,Home,1,No,Client,3.0,1068716.19,356238.73,1195.1966666666667,410950.81,"Apartment,Office",53.36755646817248,0,0,298.0586709579176
C0424,Individual,Sarah,Stewart,1998-12-04,F,Usa,Florida,Home,1,No,Website,3.0,1034036.3,344678.76666666666,1107.81,521067.94,Apartment,25.075975359342916,0,0,311.13527289577337
C0425,Individual,Gerald,Wright,1965-03-11,M,Usa,Nevada,Home,2,No,Agency,3.0,1256932.48,418977.49333333335,1452.2633333333333,560677.96,Apartment,58.809034907597535,0,0,288.49967062906404
C0426,Individual,Julie,Brown,1953-10-07,F,Usa,Oregon,Home,4,Yes,Client,3.0,890250.61,296750.2033333333,874.19,519106.96,Apartment,70.2340862422998,0,1,339.45733002360276
C0427,Individual,Sarah,Peterson,1994-09-06,F,Usa,California,Home,4,Yes,Website,4.0,1457016.31,364254.0775,1216.595,563544.96,Apartment,29.319644079397673,0,1,299.4045491720745
C0428,Individual,Gloria,Rogers,,F,Usa,Oregon,Home,3,No,Agency,4.0,984451.32,246112.83,838.2925,330914.17,Apartment,53.36755646817248,0,0,293.5882523105002
C0429,Individual,Danielle,Stone,1995-11-05,F,Usa,California,Home,3,Yes,Website,4.0,1503904.1600000001,375976.04000000004,1374.585,573428.92,"Apartment,Office",28.15605749486653,0,1,273.5196732104599
C0430,Individual,Roger,Wood,1974-10-05,M,Usa,Nevada,Home,2,No,Agency,3.0,931141.96,310380.6533333333,1033.1033333333332,413945.61,"Apartment,Office",49.24024640657084,0,0,300.43524526426853
C0431,Individual,Austin,King,1969-05-05,M,Usa,California,Home,5,Yes,Website,4.0,1544751.33,386187.8325,1246.6175,562089.63,Apartment,54.65845311430527,0,1,309.78855382665495
C0432,Company,Grandis,Co,,M,Usa,California,Home,5,No,Agency,4.0,1277850.15,319462.5375,1025.1499999999999,500722.63,Apartment,53.36755646817248,0,0,311.6251646100571
C0433,Individual,Ruth,Hughes,1969-03-03,F,Usa,California,Investment,2,Yes,Website,4.0,1937061.37,484265.3425,1591.4724999999999,656465.4,Apartment,54.83093771389459,1,1,304.28759686391066
C0434,Individual,Amanda,Sanders,,F,Russia,Tatarstan,Home,5,No,Website,3.0,1364889.24,454963.08,1445.5566666666666,603903.4,Apartment,53.36755646817248,0,0,314.73209628585994
C0435,Individual,Sara,Richardson,,F,Australia,New South Wales,Home,5,Yes,Website,3.0,908970.34,302990.11333333334,1077.3233333333335,382435.3,Apartment,53.36755646817248,0,1,281.24343357147495
C0436,Individual,Brandon,Jones,1972-05-12,M,Usa,Colorado,Home,2,Yes,Client,4.0,1327594.64,331898.66,1064.2625,479775.72,Apartment,51.63860369609856,0,1,311.85789220234665
C0437,Individual,Danielle,James,1990-10-05,F,Usa,Texas,Home,1,No,Website,3.0,657032.8200000001,219010.94000000003,801.46,353361.5,Apartment,33.24024640657084,0,0,273.26496643625387
C0438,Individual,Gregory,Collins,1982-10-09,M,Usa,Georgia,Investment,1,Yes,Client,4.0,1458641.1,364660.275,1261.78,517610.73,Apartment,41.229295003422315,1,1,289.0046402700946
C0439,Individual,Larry,Thompson,1956-03-08,M,Usa,Virginia,Home,2,No,Agency,3.0,1273328.62,424442.87333333335,1422.97,547817.26,"Apartment,Office",67.81656399726215,0,0,298.27956550969685
C0440,Individual,Lawrence,Parker,,M,Usa,California,Investment,1,No,Agency,3.0,703498.83,234499.61,845.8633333333333,311878.98,Apartment,53.36755646817248,1,0,277.23108539992666
C0441,Individual,Joan,Foster,1980-10-01,F,Russia,Krasnodar Krai,Investment,1,No,Agency,4.0,1525849.55,381462.3875,1239.2649999999999,616227.01,"Apartment,Office",43.2498288843258,1,0,307.8134115786374
C0442,Individual,Sarah,Hansen,,F,Usa,Colorado,Home,3,Yes,Website,4.0,1707466.97,426866.7425,1489.73,520127.02,Apartment,53.36755646817248,0,1,286.5396699401905
C0443,Individual,Noah,Foster,,M,Denmark,Capital Region,Home,1,Yes,Agency,3.0,1355839.1,451946.3666666667,1527.8633333333335,555912.87,Apartment,53.36755646817248,0,1,295.8028750389978
C0444,Individual,Jennifer,Martin,,F,Usa,California,Home,2,No,Website,4.0,1054514.54,263628.635,943.97,399974.1,"Apartment,Office",53.36755646817248,0,0,279.2764971344428
C0445,Individual,Michelle,Evans,1995-11-12,F,Usa,California,Home,2,Yes,Website,4.0,1425691.63,356422.9075,1101.9875,518136.39,"Apartment,Office",28.136892539356605,0,1,323.43643417007905
C0446,Individual,Douglas,Thomas,1955-02-01,M,Usa,Colorado,Home,2,No,Website,3.0,1024655.04,341551.68,1258.6899999999998,426208.52,"Apartment,Office",68.91444216290212,0,0,271.3548848405883
C0447,Individual,Patricia,Johnson,,F,Usa,New York,Home,2,No,Website,3.0,1543592.15,514530.7166666666,1680.5266666666666,605190.49,"Apartment,Office",53.36755646817248,0,0,306.1723011436891
C0448,Individual,Mark,White,1980-06-10,M,Usa,Nevada,Investment,2,No,Agency,3.0,942066.48,314022.16,1050.08,458054.04,Apartment,43.559206023271734,1,0,299.0459393570014
C0449,Individual,Jordan,King,,M,Usa,Oregon,Investment,2,No,Agency,3.0,1418922.44,472974.14666666667,1504.28,594018.07,"Apartment,Office",53.36755646817248,1,0,314.41895569087313
C0450,Individual,Matthew,Jackson,,M,Mexico,Nuevo Leon,Home,3,No,Website,4.0,1555297.3699999999,388824.34249999997,1258.5825,473301.04,Apartment,53.36755646817248,0,0,308.93830360743135
C0451,Individual,Larry,Anderson,,M,Canada,Alberta,Investment,5,Yes,Client,4.0,1665967.4100000001,416491.85250000004,1339.695,526063.15,"Apartment,Office",53.36755646817248,1,1,310.8855765678009
C0452,Individual,Brandon,Adams,,M,Usa,Washington,Home,3,No,Website,4.0,1398358.69,349589.6725,1086.2275,515843.73,Apartment,53.36755646817248,0,0,321.83835568515804
C0453,Individual,Carl,Wood,,M,Uk,Scotland,Investment,1,No,Website,4.0,1321010.76,330252.69,1103.3025,587960.16,Apartment,53.36755646817248,1,0,299.33104474974
C0454,Company,Altira,Co,1961-04-01,F,Usa,Nevada,Investment,4,No,Agency,3.0,980683.73,326894.57666666666,1072.4833333333333,522599.89,Apartment,62.75154004106776,1,0,304.80154470154935
C0455,Individual,Karen,Williams,1963-02-01,F,Usa,California,Home,1,No,Agency,4.0,1125726.62,281431.655,838.2925,477256.95,Apartment,60.91444216290212,0,0,335.72011559211137
C0456,Individual,Virginia,Brooks,,F,Usa,Oregon,Home,3,Yes,Website,3.0,1349210.55,449736.85000000003,1448.82,521158.55,Apartment,53.36755646817248,0,1,310.4159591943789
C0457,Individual,Kenneth,Hansen,,M,Uk,Wales,Investment,1,No,Agency,3.0,1399940.21,466646.73666666663,1457.8333333333333,596228.96,Apartment,53.36755646817248,1,0,320.09608094203725
C0458,Individual,Thomas,Turner,1995-07-04,M,Usa,Oregon,Investment,1,No,Agency,4.0,1382881.81,345720.4525,1123.3175,503414.2,"Apartment,Office",28.49555099247091,1,0,307.76735206208394
C0459,Individual,Steven,Johnson,,M,Usa,California,Home,3,No,Agency,3.0,821716.14,273905.38,945.65,368466.6,"Apartment,Office",53.36755646817248,0,0,289.64773436260776
C0460,Individual,Amanda,Cox,,F,Usa,Virginia,Home,1,No,Website,3.0,1061349.03,353783.01,1078.7866666666666,484806.07,"Apartment,Office",53.36755646817248,0,0,327.94529347785783
C0461,Individual,Jonathan,Peterson,,M,Usa,Arizona,Home,1,No,Agency,3.0,986630.39,328876.7966666667,1157.47,473479.09,"Apartment,Office",53.36755646817248,0,0,284.1341863432026
C0462,Individual,Eric,White,,M,Australia,Victoria,Home,2,No,Agency,4.0,1606667.68,401666.92,1316.0375,630993.32,Apartment,53.36755646817248,0,0,305.20932724181495
C0463,Individual,Nicholas,Garcia,,M,Usa,California,Home,5,No,Client,4.0,1235094.73,308773.6825,989.46,456678.02,"Apartment,Office",53.36755646817248,0,0,312.06282467204335
C0464,Individual,Gregory,Turner,1974-12-11,M,Usa,Florida,Home,5,No,Website,4.0,1455550.0,363887.5,1276.8225,462200.84,"Apartment,Office",49.05681040383299,0,0,284.9945861699649
C0465,Individual,George,Carter,1949-09-02,M,Usa,California,Home,3,No,Website,3.0,707799.9199999999,235933.30666666664,839.1433333333334,344983.8,Apartment,74.32991101984942,0,0,281.15972241532035
C0466,Individual,Patricia,Cox,,F,Usa,Virginia,Investment,2,No,Website,4.0,1228651.21,307162.8025,1030.21,446810.74,"Apartment,Office",53.36755646817248,1,0,298.1555241164423
C0467,Individual,Rebecca,Chavez,1952-04-05,F,Usa,Ohio,Home,1,Yes,Agency,3.0,976066.93,325355.64333333337,1155.6966666666667,433348.26,Apartment,71.73990417522245,0,1,281.523389932191
C0468,Individual,Raymond,Smith,,M,Mexico,Jalisco,Investment,3,Yes,Website,3.0,1267396.7999999998,422465.5999999999,1386.32,511655.42,"Apartment,Office",53.36755646817248,1,1,304.738877026949
C0469,Individual,Adam,Foster,,M,Usa,California,Home,2,No,Website,4.0,1518476.47,379619.1175,1265.3825,502622.02,Apartment,53.36755646817248,0,0,300.0034515255269
C0470,Individual,Joan,Anderson,,F,Usa,Oregon,Home,1,No,Agency,3.0,862552.54,287517.51333333337,883.7466666666666,497090.51,Apartment,53.36755646817248,0,0,325.3392902943529
C0471,Individual,Gary,Collins,,M,Usa,Utah,Investment,3,No,Agency,3.0,1084997.39,361665.79666666663,1209.64,513906.66,"Apartment,Office",53.36755646817248,1,0,298.9863072208811
C0472,Individual,Edward,Moore,1951-10-04,M,Usa,California,Home,4,No,Website,3.0,1277486.3699999999,425828.79,1394.21,529761.19,Apartment,72.24366872005476,0,0,305.42657849247956
C0473,Individual,Sharon,Price,1981-08-09,F,Usa,California,Home,3,No,Agency,4.0,1304527.6600000001,326131.91500000004,1042.725,518735.4,Apartment,42.39561943874059,0,0,312.7688652329234
C0474,Individual,Gregory,Young,1995-12-08,M,Usa,Nevada,Home,1,No,Website,4.0,962015.29,240503.8225,824.2025,413387.67,"Apartment,Office",28.06570841889117,0,0,291.8018599797987
C0475,Individual,William,Brooks,,M,Belgium,Wallonia,Investment,2,Yes,Agency,3.0,1234470.16,411490.0533333333,1371.6133333333335,455542.16,"Apartment,Office",53.36755646817248,1,1,300.00441329432
C0476,Individual,Steven,Johnson,1997-04-05,M,Usa,Florida,Home,3,No,Agency,4.0,1485303.01,371325.7525,1299.3675,457069.23,"Apartment,Office",26.740588637919235,0,0,285.77423438711526
C0477,Individual,Jesse,Stone,1984-02-01,M,Usa,California,Investment,4,Yes,Website,3.0,1535114.88,511704.95999999996,1452.2633333333333,734390.86,"Apartment,Office",39.9151266255989,1,1,352.34998244120095
C0478,Individual,Ashley,Garcia,1940-08-02,F,Usa,Ohio,Investment,4,No,Website,3.0,774892.79,258297.59666666668,997.4133333333333,404581.32,"Apartment,Office",83.41409993155374,1,0,258.96745916102986
C0479,Individual,Virginia,Wright,1978-04-06,F,Usa,California,Home,2,Yes,Agency,4.0,1172782.93,293195.7325,956.6725,494567.75,"Apartment,Office",45.738535249828885,0,1,306.47450668854805
C0480,Individual,Scott,Bryant,,M,Usa,California,Home,4,Yes,Website,4.0,1033261.03,258315.2575,827.2,347137.85,Apartment,53.36755646817248,0,1,312.27666525628626
C0481,Individual,Sean,Williams,1976-12-12,M,Usa,Arizona,Home,3,No,Agency,4.0,1365460.24,341365.06,1040.8899999999999,539294.72,"Apartment,Office",47.05270362765229,0,0,327.95498083370967
C0482,Individual,Deborah,Brown,1980-10-08,F,Usa,New York,Investment,3,Yes,Agency,3.0,1006132.77,335377.59,1155.4633333333334,421206.38,"Apartment,Office",43.23066392881588,1,1,290.25377121443347
C0483,Individual,Kevin,Jackson,1985-11-08,M,Usa,Arizona,Investment,1,No,Website,3.0,881113.79,293704.5966666667,934.8733333333333,415468.55,Apartment,38.14647501711157,1,0,314.1651239740143
C0484,Individual,Janet,Wright,,F,Usa,Texas,Investment,3,No,Website,4.0,1313240.67,328310.1675,1114.105,412809.69,"Apartment,Office",53.36755646817248,1,0,294.68512168960734
C0485,Individual,Julia,Morales,1991-10-07,F,Usa,Arizona,Home,2,No,Website,3.0,1000841.1799999999,333613.7266666666,1144.8033333333333,603778.82,Apartment,32.23545516769336,0,0,291.41575408876633
C0486,Individual,Billy,Carter,,M,Usa,California,Investment,2,Yes,Website,3.0,1090587.66,363529.22,1175.45,599081.0,Apartment,53.36755646817248,1,1,309.26812710025945
C0487,Individual,Jessica,Williams,,F,Usa,Washington,Home,5,No,Website,4.0,1576272.71,394068.1775,1295.0975,542265.03,"Apartment,Office",53.36755646817248,0,0,304.27684209103944
C0488,Individual,Megan,Jackson,1979-05-11,F,Usa,California,Investment,4,No,Agency,4.0,1218265.3599999999,304566.33999999997,990.9875000000001,559367.69,"Apartment,Office",44.643394934976044,1,0,307.3362075707312
C0489,Individual,Austin,Jordan,1950-06-08,M,Germany,Berlin,Investment,2,No,Website,3.0,1025274.77,341758.25666666665,1102.8633333333335,439792.36,Apartment,73.56605065023956,1,0,309.88269020942454
C0490,Individual,Emily,Wright,,F,Usa,Nevada,Investment,5,Yes,Website,3.0,1292367.93,430789.31,1240.6066666666666,517225.72,Apartment,53.36755646817248,1,1,347.2408472199086
C0491,Individual,Noah,White,1941-08-05,M,Usa,Washington,Home,2,No,Website,3.0,1106379.8,368793.26666666666,1168.3833333333334,527792.52,Apartment,82.40657084188912,0,0,315.64406658773515
C0492,Individual,Raymond,Price,2000-05-07,M,Usa,Utah,Home,3,Yes,Website,4.0,1300917.1,325229.275,1008.6625,551610.52,Apartment,23.652292950034223,0,1,322.43617166296957
C0493,Individual,Tyler,Hughes,1954-07-06,M,Usa,Colorado,Home,3,No,Website,4.0,1312198.98,328049.745,1141.225,432134.46,"Apartment,Office",69.48939082819986,0,0,287.4540471861377
C0494,Individual,Grace,Carter,1990-08-03,F,Usa,California,Home,3,Yes,Website,4.0,1052676.65,263169.1625,911.0425,379142.42,Apartment,33.412731006160165,0,1,288.8659557594733
C0495,Individual,Jerry,Hall,,M,Usa,California,Investment,5,No,Client,4.0,1246742.44,311685.61,984.9525,420300.71,Apartment,53.36755646817248,1,0,316.4473515220277
C0496,Individual,Billy,Reyes,1990-01-04,M,Usa,California,Home,4,No,Agency,4.0,1120376.44,280094.11,947.7475000000001,352076.14,Apartment,33.99041752224504,0,0,295.5366381868588
C0497,Individual,Emma,Stewart,1985-02-02,F,Usa,Arizona,Investment,4,Yes,Website,3.0,1330684.99,443561.66333333333,1438.2933333333333,526810.49,"Apartment,Office",38.91033538672142,1,1,308.39443738875707
C0498,Individual,Nancy,Collins,,F,Canada,Alberta,Home,2,Yes,Website,3.0,1007455.29,335818.43,1258.3999999999999,419982.23,"Apartment,Office",53.36755646817248,0,1,266.8614351557534
C0499,Individual,Lisa,Patterson,1946-02-10,F,Usa,Colorado,Home,3,Yes,Agency,3.0,897769.81,299256.60333333333,863.7633333333333,383627.2,"Apartment,Office",77.88911704312115,0,1,346.4567107502441
C0500,Individual,Dennis,Howard,,M,Usa,California,Home,4,Yes,Website,3.0,1294944.52,431648.17333333334,1438.2933333333333,476123.08,"Apartment,Office",53.36755646817248,0,1,300.1113634678137
C0501,Individual,Kenneth,Jackson,1995-11-12,M,Usa,Nevada,Investment,5,Yes,Agency,4.0,1741166.27,435291.5675,1454.35,545614.44,"Apartment,Office",28.136892539356605,1,1,299.303171519923
C0502,Individual,Madison,Gray,,F,Usa,Arizona,Home,4,No,Website,4.0,1537989.75,384497.4375,1324.385,483760.31,"Apartment,Office",53.36755646817248,0,0,290.3214982803339
C0503,Individual,Keith,Peterson,,M,Usa,Utah,Investment,2,Yes,Client,4.0,1432167.34,358041.835,1135.53,609798.92,"Apartment,Office",53.36755646817248,1,1,315.30812484038296
C0504,Individual,Jeffrey,Green,,M,Usa,Utah,Home,2,No,Website,4.0,1367188.58,341797.145,1108.6075,463948.75,Apartment,53.36755646817248,0,0,308.31213481777814
C0505,Individual,Katherine,Wilson,,F,Usa,Arizona,Home,3,No,Agency,3.0,1043535.21,347845.07,1125.17,462127.71,Apartment,53.36755646817248,0,0,309.1489019437063
C0506,Individual,Albert,Stone,1967-07-04,M,Usa,California,Home,5,No,Agency,3.0,1122203.03,374067.6766666667,1267.4066666666668,461159.55,"Apartment,Office",56.49555099247091,0,0,295.14416051675073
C0507,Individual,Mark,Morales,,M,Usa,New York,Home,3,No,Website,3.0,1062656.6099999999,354218.86999999994,1221.3833333333334,474018.4,Apartment,53.36755646817248,0,0,290.01449449394806
C0508,Individual,Grace,Weaver,1970-01-06,F,Usa,Nevada,Home,5,No,Agency,3.0,833710.06,277903.35333333333,900.6166666666667,463860.46,"Apartment,Office",53.98494182067078,0,0,308.5700760589966
C0509,Individual,Aaron,Cook,1956-04-02,M,Belgium,Wallonia,Home,3,No,Website,4.0,1687930.25,421982.5625,1333.2775000000001,636508.92,"Apartment,Office",67.74811772758385,0,0,316.5001753198415
C0510,Individual,Samantha,Evans,,F,France,Brittany,Investment,1,Yes,Website,3.0,1094232.67,364744.2233333333,1243.8233333333333,504493.45,Apartment,53.36755646817248,1,1,293.24439698027857
C0511,Individual,Christine,Parker,,F,Uk,England,Home,2,No,Website,3.0,1090537.6,363512.5333333334,1179.5233333333333,505829.95,"Apartment,Office",53.36755646817248,0,0,308.1859621259436
C0512,Individual,Hannah,Flores,,F,Usa,Arizona,Home,1,No,Client,3.0,1448158.1400000001,482719.38000000006,1654.4733333333334,558618.92,Apartment,53.36755646817248,0,0,291.7661894419574
C0513,Individual,Christian,Morales,1999-03-07,M,Usa,Florida,Home,2,Yes,Agency,3.0,974596.63,324865.54333333333,1049.5133333333333,491938.8,Apartment,24.82135523613963,0,1,309.53922452946443
C0514,Individual,Rebecca,Evans,,F,Usa,Oregon,Home,1,Yes,Website,4.0,1528027.54,382006.885,1316.0375,598032.14,"Apartment,Office",53.36755646817248,0,1,290.27051660761947
C0515,Individual,Melissa,Patterson,1963-09-12,F,Usa,California,Home,1,Yes,Website,4.0,1561824.93,390456.2325,1342.7925,486501.61,Apartment,60.303901437371664,0,1,290.7792771407347
C0516,Individual,Lawrence,Nelson,,M,Usa,Utah,Home,3,No,Website,4.0,1437837.49,359459.3725,1196.8899999999999,501892.72,"Apartment,Office",53.36755646817248,0,0,300.32782670086647
C0517,Individual,Harold,Thompson,,M,Usa,California,Home,5,No,Client,4.0,1115807.0,278951.75,939.4875,413330.24,Apartment,53.36755646817248,0,0,296.91906491571206
C0518,Company,Lumina,Co,,F,Usa,New York,Home,3,No,Website,4.0,1633111.65,408277.9125,1196.9724999999999,657039.24,Apartment,53.36755646817248,0,0,341.0921407968855
C0519,Individual,Madison,Freeman,1975-10-04,F,Usa,Arizona,Investment,3,No,Agency,3.0,981719.26,327239.75333333336,1108.9966666666667,436603.35,Apartment,48.24366872005476,1,0,295.07731012116056
C0520,Individual,Helen,White,1970-02-11,F,Usa,Oregon,Home,3,Yes,Agency,3.0,1033523.16,344507.72000000003,1108.9966666666667,454823.84,Apartment,53.88637919233402,0,1,310.6481113559103
C0521,Individual,Stephanie,Allen,1967-04-02,F,Canada,British Columbia,Home,3,No,Website,4.0,1074306.5,268576.625,872.6800000000001,428385.38,Apartment,56.7501711156742,0,0,307.76071985149196
C0522,Individual,Nicole,Campbell,,F,Usa,Virginia,Home,5,No,Agency,3.0,993023.13,331007.71,1240.6066666666666,365717.82,"Apartment,Office",53.36755646817248,0,0,266.81116496767714
C0523,Individual,Cynthia,Hansen,,F,Usa,Colorado,Home,2,No,Agency,3.0,928962.95,309654.31666666665,1058.6633333333332,458362.92,"Apartment,Office",53.36755646817248,0,0,292.4955525678608
C0524,Individual,Harold,Thompson,,M,Usa,Washington,Home,3,No,Website,3.0,801104.6900000001,267034.89666666667,897.3100000000001,372739.71,Apartment,53.36755646817248,0,0,297.5949188871924
C0525,Individual,Frank,Gray,1950-06-12,M,Usa,Arizona,Home,4,Yes,Agency,4.0,1629457.52,407364.38,1299.3274999999999,528447.33,"Apartment,Office",73.55509924709104,0,1,313.51940138263836
C0526,Individual,Harold,Green,,M,Germany,Bavaria,Home,5,No,Website,3.0,1301139.77,433713.25666666665,1592.1233333333332,578194.07,"Apartment,Office",53.36755646817248,0,0,272.41184623469286
C0527,Individual,Andrew,Baker,,M,Usa,California,Home,2,No,Website,3.0,1138099.7,379366.56666666665,1299.5366666666666,544170.95,Apartment,53.36755646817248,0,0,291.92448077648186
C0528,Individual,Benjamin,Davis,2000-08-09,M,Usa,Washington,Investment,2,No,Client,3.0,1118472.87,372824.29000000004,1206.2733333333333,518036.13,"Apartment,Office",23.394934976043807,1,0,309.0711530277826
C0529,Individual,Paul,Jordan,,M,Usa,Nevada,Home,4,Yes,Website,4.0,1268138.95,317034.7375,1098.1675,420874.11,Apartment,53.36755646817248,0,1,288.69433624651975
C0530,Individual,Patricia,Reed,1952-09-07,F,Usa,Utah,Home,2,Yes,Agency,4.0,1559124.69,389781.1725,1246.7075,579567.49,Apartment,71.31553730321697,0,1,312.6484540279095
C0531,Individual,Emily,White,,F,Usa,California,Home,1,No,Website,4.0,1911300.7799999998,477825.19499999995,1510.65,580528.21,Apartment,53.36755646817248,0,0,316.3043689802402
C0532,Individual,Lauren,Moore,1979-08-12,F,Belgium,Flanders,Home,2,No,Website,4.0,1075202.77,268800.6925,990.9875000000001,411253.4,"Apartment,Office",44.388774811772755,0,0,271.245290682274
C0533,Individual,Jeffrey,Williams,1963-09-06,M,Usa,Nevada,Investment,1,No,Agency,4.0,990028.19,247507.0475,787.46,438895.96,"Apartment,Office",60.32032854209446,1,0,314.310628476367
C0534,Individual,Bryan,Miller,,M,Usa,California,Investment,1,No,Agency,3.0,1133195.2,377731.73333333334,1371.6133333333335,406001.38,"Apartment,Office",53.36755646817248,1,0,275.3922874279437
C0535,Individual,Judith,Allen,,F,Uk,Wales,Home,3,No,Agency,3.0,1299053.94,433017.98,1386.32,494969.3,Apartment,53.36755646817248,0,0,312.3506693981188
C0536,Individual,Brittany,Weaver,,F,Usa,Arizona,Investment,5,Yes,Website,3.0,983106.8400000001,327702.28,1104.51,512156.34,"Apartment,Office",53.36755646817248,1,1,296.6947153036188
C0537,Individual,Carl,Baker,,M,Usa,Florida,Home,2,No,Client,4.0,1490327.5,372581.875,1239.145,595842.66,"Apartment,Office",53.36755646817248,0,0,300.6765753806052
C0538,Individual,Richard,Pierce,,M,Usa,California,Home,1,Yes,Agency,4.0,1206897.7000000002,301724.42500000005,1103.3225,464389.02,"Apartment,Office",53.36755646817248,0,1,273.4689313414709
C0539,Individual,Lawrence,Bryant,,M,Usa,California,Investment,1,Yes,Agency,4.0,1645321.2,411330.3,1338.8999999999999,493737.03,"Apartment,Office",53.36755646817248,1,1,307.21510194936144
C0540,Individual,Anna,Long,,F,Usa,New York,Home,3,No,Agency,3.0,494173.31,164724.43666666668,577.2433333333333,193265.77,"Apartment,Office",53.36755646817248,0,0,285.3639481905378
C0541,Individual,Anthony,Garcia,,M,Uk,Northern Ireland,Home,3,No,Agency,4.0,1721673.54,430418.385,1296.5625,566466.92,Apartment,53.36755646817248,0,0,331.9688676789588
C0542,Company,Lumina,Co,,M,Mexico,Mexico City,Home,3,No,Website,4.0,1195819.4,298954.85,1024.3375,385011.74,"Apartment,Office",53.36755646817248,0,0,291.8519042795953
C0543,Individual,Joan,Parker,,F,Usa,Texas,Home,2,Yes,Website,3.0,753145.67,251048.55666666667,862.8699999999999,350655.95,"Apartment,Office",53.36755646817248,0,1,290.94597872989755
C0544,Individual,Kevin,White,,M,Usa,Utah,Home,2,No,Website,4.0,1636756.28,409189.07,1326.2525,504689.77,Apartment,53.36755646817248,0,0,308.53029117758496
C0545,Individual,Paul,Griffin,1942-08-04,M,Usa,Colorado,Home,1,Yes,Agency,3.0,1260126.39,420042.12999999995,1452.2633333333333,532459.61,Apartment,81.40999315537303,0,1,289.23275852175567
C0546,Individual,Samuel,Flores,,M,Canada,Manitoba,Home,4,No,Client,3.0,795528.06,265176.02,932.37,306339.37,Apartment,53.36755646817248,0,0,284.41071677552907
C0547,Individual,Diane,Allen,,F,Usa,California,Investment,2,No,Agency,4.0,1178457.95,294614.4875,1028.3225,388928.18,Apartment,53.36755646817248,1,0,286.5000887367533
C0548,Individual,Christopher,Foster,1980-04-11,M,Usa,California,Home,2,No,Agency,3.0,1047476.9299999999,349158.9766666666,1186.4366666666667,515231.68,"Apartment,Office",43.723477070499655,0,0,294.2921324638764
C0549,Individual,Daniel,Sanders,,M,Usa,Florida,Home,4,No,Website,3.0,941219.76,313739.92,1082.75,386941.83,Apartment,53.36755646817248,0,0,289.7621057492496
C0550,Company,Vertex,Co,1967-04-09,F,Usa,Nevada,Home,1,No,Agency,4.0,1414568.09,353642.0225,1123.6174999999998,445954.78,Apartment,56.73100616016427,0,0,314.73523908269505
C0551,Individual,Billy,Freeman,,M,Usa,California,Investment,4,No,Website,3.0,1007397.56,335799.1866666667,1110.6233333333332,543106.45,Apartment,53.36755646817248,1,0,302.35200052823194
C0552,Individual,Kyle,Cook,,M,Usa,Virginia,Investment,3,No,Agency,3.0,1141476.56,380492.1866666667,1196.1733333333334,546573.79,"Apartment,Office",53.36755646817248,1,0,318.0911796506638
C0553,Individual,James,Bell,,M,Usa,Arizona,Home,3,No,Website,3.0,821534.9400000001,273844.98000000004,897.3100000000001,375810.64,"Apartment,Office",53.36755646817248,0,0,305.1843621490901
C0554,Individual,Carl,Moore,,M,Australia,Victoria,Home,1,Yes,Agency,4.0,1643592.85,410898.2125,1295.2649999999999,533306.66,"Apartment,Office",53.36755646817248,0,1,317.23100099207505
C0555,Individual,Aaron,Nelson,,M,Usa,California,Investment,4,Yes,Agency,3.0,1064533.27,354844.42333333334,1162.6166666666666,507714.49,"Apartment,Office",53.36755646817248,1,1,305.2118841119888
C0556,Individual,Zachary,Sanders,,M,Usa,Colorado,Home,5,No,Website,3.0,1335478.18,445159.3933333333,1526.9566666666667,508776.17,"Apartment,Office",53.36755646817248,0,0,291.53374359019136
C0557,Individual,Judy,Griffin,,F,Usa,Utah,Investment,2,No,Website,3.0,733161.98,244387.32666666666,791.0400000000001,384719.5,Apartment,53.36755646817248,1,0,308.9443348840345
C0558,Individual,Cheryl,Wood,,F,Denmark,North Denmark,Home,3,No,Website,3.0,1033995.96,344665.32,1092.54,492997.29,Apartment,53.36755646817248,0,0,315.47157998791806
C0559,Company,Corvus,Co,,M,Usa,California,Home,5,No,Client,4.0,1004028.87,251007.2175,786.87,438095.92,"Apartment,Office",53.36755646817248,0,0,318.99451942506386
C0560,Individual,Janice,Nelson,,F,Australia,South Australia,Home,3,No,Website,3.0,1433718.12,477906.04000000004,1500.72,575175.8,"Apartment,Office",53.36755646817248,0,0,318.4511701050163
C0561,Company,Bravada,Co,,F,Usa,Arizona,Investment,3,No,Website,4.0,1589252.43,397313.1075,1298.145,503687.91,Apartment,53.36755646817248,1,0,306.06219451602095
C0562,Individual,Judy,Peterson,,F,Usa,Utah,Investment,5,Yes,Website,4.0,1423675.7200000002,355918.93000000005,1154.105,604532.8,Apartment,53.36755646817248,1,1,308.3938896374247
C0563,Individual,William,Howard,,M,Usa,California,Home,2,Yes,Agency,4.0,1012807.9299999999,253201.98249999998,842.75,301398.29,"Apartment,Office",53.36755646817248,0,1,300.4473242361317
C0564,Individual,Scott,Adams,1952-09-02,M,Usa,Texas,Home,1,No,Agency,3.0,1135017.6,378339.2,1250.3066666666666,600992.42,Apartment,71.32922655715264,0,0,302.5971228391968
C0565,Individual,Austin,Wood,,M,France,Brittany,Home,1,No,Website,3.0,1043494.3200000001,347831.44,1167.2766666666666,545741.02,Apartment,53.36755646817248,0,0,297.98543047492313
C0566,Individual,Janice,Miller,2000-12-09,F,Usa,Oregon,Investment,4,Yes,Agency,4.0,1167701.9,291925.475,965.295,575087.19,Apartment,23.06091718001369,1,1,302.4209956541782
C0567,Individual,Megan,Chavez,1953-10-07,F,Russia,Saint Petersburg,Investment,2,Yes,Agency,4.0,1869286.1,467321.525,1546.3875,650710.38,"Apartment,Office",70.2340862422998,1,1,302.20208388906406
C0568,Individual,Timothy,Wright,1953-09-04,M,Usa,California,Home,3,No,Website,3.0,944335.88,314778.62666666665,1015.9399999999999,449151.55,"Apartment,Office",70.32443531827515,0,0,309.83978056446904
C0569,Individual,Mary,Cook,1971-12-05,F,Usa,California,Home,5,Yes,Client,3.0,1384749.3,461583.10000000003,1460.493333333333,522654.07,Apartment,52.07392197125257,0,1,316.0460164145449
C0570,Individual,Hannah,Peterson,1965-06-03,F,France,Occitanie,Home,5,Yes,Website,4.0,1527210.47,381802.6175,1310.8225,526682.25,Apartment,58.57905544147844,0,1,291.2695025451577
C0571,Individual,Adam,Chavez,1966-07-03,M,Usa,California,Home,3,No,Website,4.0,1549969.49,387492.3725,1458.93,419927.79,"Apartment,Office",57.497604380561256,0,0,265.6003869274057
C0572,Individual,Ann,Johnson,1993-11-12,F,Usa,California,Investment,5,No,Website,4.0,1519677.44,379919.36,1228.8325,450012.44,Apartment,30.135523613963038,1,0,309.1709895368164
C0573,Company,Altira,Co,,M,Usa,Georgia,Home,4,Yes,Agency,3.0,785842.76,261947.58666666667,849.7466666666668,427006.84,Apartment,53.36755646817248,0,1,308.2655065823539
C0574,Individual,Gerald,Cox,,M,Usa,California,Home,2,No,Agency,4.0,1261906.32,315476.58,1052.2475,523216.37,"Apartment,Office",53.36755646817248,0,0,299.81214495639097
C0575,Individual,Brian,Hansen,,M,Usa,California,Investment,2,No,Website,3.0,1018391.27,339463.75666666665,1107.81,506852.64,"Apartment,Office",53.36755646817248,1,0,306.42777792822477
C0576,Individual,Terry,Reyes,,M,Germany,Hamburg,Home,1,No,Client,3.0,1047406.79,349135.5966666667,1082.8966666666668,516482.69,Apartment,53.36755646817248,0,0,322.4089679224549
C0577,Individual,Christopher,Miller,,M,Usa,Arizona,Home,3,No,Website,3.0,693899.0099999999,231299.66999999995,879.3433333333332,279379.41,Apartment,53.36755646817248,0,0,263.0368153508489
C0578,Individual,Lauren,Rogers,,F,Usa,Arizona,Home,5,Yes,Client,3.0,707276.53,235758.84333333335,899.7566666666667,266964.5,Apartment,53.36755646817248,0,1,262.02511419754234
C0579,Individual,Christopher,Ward,1941-09-04,M,Usa,Texas,Investment,3,No,Website,3.0,1198428.6400000001,399476.2133333334,1299.5366666666666,592851.63,Apartment,82.32443531827515,1,0,307.39895501217103
C0580,Individual,Heather,Watson,1948-11-01,F,Usa,California,Home,2,Yes,Client,4.0,2158954.7800000003,539738.6950000001,1726.0575,620192.42,Apartment,75.16495550992471,0,1,312.7002982229735
C0581,Individual,Kimberly,Stewart,,F,Usa,California,Investment,5,Yes,Website,4.0,1029755.56,257438.89,801.065,371216.71,"Apartment,Office",53.36755646817248,1,1,321.3707876389556
C0582,Individual,Teresa,Pierce,1940-02-10,F,Usa,Washington,Investment,3,Yes,Website,3.0,708559.1499999999,236186.3833333333,791.0400000000001,387349.97,"Apartment,Office",83.89048596851471,1,1,298.5770420374864
C0583,Individual,Kevin,Scott,,M,Usa,California,Home,2,No,Agency,4.0,1237228.18,309307.045,996.7025,390024.91,Apartment,53.36755646817248,0,0,310.33035935998953
C0584,Individual,Janice,Taylor,1982-11-03,F,Usa,California,Home,5,No,Website,3.0,1135691.62,378563.87333333335,1350.9733333333334,501136.87,Apartment,41.16084873374401,0,0,280.21565192503186
C0585,Individual,Anthony,Edwards,1961-02-07,M,Usa,Colorado,Home,3,No,Agency,4.0,1003690.1799999999,250922.54499999998,886.4275,298657.8,"Apartment,Office",62.89664613278576,0,0,283.0717063719255
C0586,Individual,Noah,Morales,,M,Usa,California,Home,2,Yes,Client,3.0,1226524.31,408841.4366666667,1286.4266666666667,553899.49,Apartment,53.36755646817248,0,1,317.81169285462573
C0587,Individual,Pamela,Richardson,,F,Usa,New York,Home,4,No,Website,4.0,1093439.8399999999,273359.95999999996,911.785,386382.22,Apartment,53.36755646817248,0,0,299.807476543264
C0588,Individual,Janice,White,,F,Usa,Florida,Home,2,No,Website,4.0,1495976.1400000001,373994.03500000003,1271.345,529783.19,Apartment,53.36755646817248,0,0,294.17194781904203
C0589,Individual,Christopher,Williams,,M,Usa,Texas,Investment,5,No,Client,4.0,1982246.22,495561.555,1699.3675,539246.07,"Apartment,Office",53.36755646817248,1,0,291.61529510244253
C0590,Individual,Arthur,Campbell,,M,Uk,Scotland,Investment,2,No,Website,4.0,1105388.8900000001,276347.22250000003,935.765,364484.54,Apartment,53.36755646817248,1,0,295.3169038166634
C0591,Individual,Dorothy,Long,1968-09-03,F,Usa,Nevada,Home,1,No,Website,3.0,1336217.65,445405.8833333333,1460.493333333333,473238.41,Apartment,55.3264887063655,0,0,304.96947378511373
C0592,Individual,Roger,Moore,1972-03-06,M,Usa,Arizona,Investment,2,No,Client,3.0,787516.58,262505.5266666667,851.4266666666667,353140.87,Apartment,51.82203969883641,1,0,308.31254991621904
C0593,Individual,Elizabeth,Carter,1952-08-08,F,Usa,California,Home,2,Yes,Agency,4.0,2012063.38,503015.845,1575.1075,578707.72,Apartment,71.39767282683094,0,1,319.35334254963544
C0594,Individual,Diane,Patterson,1942-08-02,F,Usa,Utah,Home,1,No,Agency,3.0,1137572.87,379190.9566666667,1221.6766666666665,501939.76,Apartment,81.4154688569473,0,0,310.3856912494578
C0595,Individual,Anna,Murray,1966-10-06,F,Usa,Utah,Home,3,No,Agency,3.0,914304.97,304768.3233333333,934.4333333333334,491381.22,"Apartment,Office",57.23750855578371,0,0,326.15309456711725
C0596,Individual,Gerald,Phillips,,M,Usa,Nevada,Home,4,No,Agency,4.0,1094771.49,273692.8725,1023.9675,349555.66,"Apartment,Office",53.36755646817248,0,0,267.2866790205744
C0597,Individual,Peter,King,,M,Uk,Northern Ireland,Home,2,Yes,Website,3.0,976844.1699999999,325614.7233333333,1033.6200000000001,336562.17,Apartment,53.36755646817248,0,1,315.02362892874874
C0598,Individual,Jacob,Gray,,M,Usa,Colorado,Investment,4,No,Website,4.0,1398930.7000000002,349732.67500000005,1135.53,578866.18,Apartment,53.36755646817248,1,0,307.990695974567
C0599,Individual,Jennifer,Turner,,F,Canada,Alberta,Home,2,No,Agency,3.0,1162815.78,387605.26,1354.0866666666668,519841.25,Apartment,53.36755646817248,0,0,286.2484872952494
C0600,Individual,Thomas,King,,M,Usa,Oregon,Investment,1,No,Client,3.0,917709.61,305903.2033333333,1042.71,331613.25,Apartment,53.36755646817248,1,0,293.3732325702576
C0601,Individual,Lisa,Nelson,,F,Usa,California,Home,4,No,Website,4.0,1700411.72,425102.93,1307.3,608461.19,Apartment,53.36755646817248,0,0,325.1762640556873
C0602,Individual,Albert,Hayes,,M,Germany,Bavaria,Home,4,No,Agency,4.0,905508.82,226377.205,748.33,319887.69,"Apartment,Office",53.36755646817248,0,0,302.509861959296
C0603,Individual,Diane,Thompson,1994-01-07,F,Usa,New York,Home,4,Yes,Agency,4.0,1218095.3,304523.825,1027.81,402393.19,Apartment,29.982203969883642,0,1,296.2841624424748
C0604,Individual,Danielle,Montgomery,,F,Belgium,Wallonia,Home,1,No,Agency,3.0,791133.03,263711.01,919.0466666666666,427718.82,"Apartment,Office",53.36755646817248,0,0,286.9397382795216
C0605,Individual,Nathan,Flores,,M,Usa,Utah,Home,4,Yes,Agency,4.0,1407314.33,351828.5825,1267.07,470883.03,"Apartment,Office",53.36755646817248,0,1,277.6709909476193
C0606,Individual,Carolyn,Stone,,F,France,Ile-De-France,Investment,1,No,Website,3.0,1070969.53,356989.8433333333,1146.2633333333333,442981.99,Apartment,53.36755646817248,1,0,311.43789821419745
C0607,Individual,Daniel,Edwards,,M,Usa,California,Home,1,No,Agency,3.0,1125230.1199999999,375076.7066666666,1371.6133333333335,381636.61,Apartment,53.36755646817248,0,0,273.45659126478785
C0608,Individual,Jerry,Adams,,M,Usa,California,Home,4,No,Agency,4.0,1201411.56,300352.89,1018.5225,564420.33,"Apartment,Office",53.36755646817248,0,0,294.89077560878627
C0609,Individual,Julia,Richardson,,F,Usa,Washington,Home,4,No,Agency,4.0,1307567.64,326891.91,1255.1325000000002,539078.45,Apartment,53.36755646817248,0,0,260.44414434332623
C0610,Individual,Ann,Owens,1970-05-10,F,Usa,California,Investment,4,No,Website,3.0,1178597.68,392865.8933333333,1339.73,477431.41,Apartment,53.64544832306639,1,0,293.2425886808038
C0611,Individual,Jacob,Price,1950-12-06,M,Usa,California,Home,4,No,Agency,4.0,1142671.94,285667.985,997.415,433951.65,Apartment,73.07049965776865,0,0,286.4083505862655
C0612,Individual,Kevin,Wood,,M,Usa,Florida,Home,4,No,Agency,4.0,1671846.3,417961.575,1389.15,633040.56,Apartment,53.36755646817248,0,0,300.8757693553612
C0613,Individual,Cynthia,Cox,1995-10-02,F,Australia,Victoria,Home,4,No,Agency,3.0,1186019.52,395339.84,1366.5633333333335,447068.49,Apartment,28.249144421629023,0,0,289.29492717742073
C0614,Individual,George,Bryant,1972-01-07,M,Uk,Wales,Home,3,Yes,Website,4.0,1025958.38,256489.595,858.9825,323890.25,"Apartment,Office",51.983572895277206,0,1,298.59699702846103
C0615,Individual,Jordan,King,1957-01-12,M,Usa,Utah,Home,2,Yes,Website,4.0,919002.01,229750.5025,748.33,284149.74,Apartment,66.9678302532512,0,1,307.01762925447326
C0616,Individual,Julie,Brooks,,F,Usa,Virginia,Investment,1,Yes,Agency,3.0,1013364.3,337788.10000000003,1074.6233333333332,519571.55,"Apartment,Office",53.36755646817248,1,1,314.3316262752531
C0617,Individual,Carolyn,Evans,1986-10-07,F,Usa,Ohio,Home,5,Yes,Website,3.0,766861.21,255620.40333333332,849.6366666666667,408314.89,Apartment,37.23477070499658,0,1,300.8584885303914
C0618,Individual,Austin,Taylor,1968-05-11,M,Usa,Texas,Home,3,No,Agency,3.0,982803.0,327601.0,1113.29,498882.11,"Apartment,Office",55.6413415468857,0,0,294.2638485929093
C0619,Individual,Heather,Morales,,F,Usa,Washington,Home,4,No,Website,3.0,1411977.41,470659.13666666666,1471.8999999999999,545321.51,"Apartment,Office",53.36755646817248,0,0,319.762984351292
C0620,Individual,Sarah,Howard,,F,France,Brittany,Home,3,No,Website,3.0,1532429.29,510809.76333333337,1504.28,619177.19,"Apartment,Office",53.36755646817248,0,0,339.57093315960685
C0621,Individual,Jonathan,Turner,,M,Germany,Bavaria,Investment,3,Yes,Agency,3.0,791609.11,263869.7033333333,869.7866666666667,372530.49,Apartment,53.36755646817248,1,1,303.3728998681668
C0622,Individual,Katherine,Ward,1987-10-09,F,Usa,Washington,Investment,2,No,Client,3.0,869334.73,289778.24333333335,980.8699999999999,353174.47,Apartment,36.2299794661191,1,0,295.42981570782405
C0623,Individual,Jonathan,Adams,,M,Usa,Florida,Investment,3,Yes,Client,4.0,1410333.45,352583.3625,1146.02,490155.8,"Apartment,Office",53.36755646817248,1,1,307.65899591630165
C0624,Individual,Carl,Jordan,2000-09-02,M,Usa,Nevada,Investment,3,No,Agency,3.0,1215611.54,405203.8466666667,1413.8666666666668,497030.07,Apartment,23.329226557152634,1,0,286.5926867219917
C0625,Individual,Deborah,Hayes,1983-07-08,F,Belgium,Flanders,Investment,2,Yes,Agency,4.0,1000166.88,250041.72,851.0225,308545.24,"Apartment,Office",40.48459958932238,1,1,293.813289307862
C0626,Individual,Sara,Jones,,F,Germany,Hamburg,Investment,2,No,Website,3.0,1061694.1300000001,353898.0433333334,1244.5566666666666,448491.59,Apartment,53.36755646817248,1,0,284.3567133678124
C0627,Individual,Katherine,Johnson,2000-11-07,F,Usa,Arizona,Home,3,No,Agency,4.0,1870806.42,467701.605,1726.0575,562008.09,"Apartment,Office",23.148528405201915,0,0,270.96525173697864
C0628,Individual,Arthur,Campbell,,M,Canada,British Columbia,Home,3,Yes,Agency,4.0,1623109.63,405777.4075,1250.39,601135.7,"Apartment,Office",53.36755646817248,0,1,324.5206755492286
C0629,Individual,Maria,Richardson,1946-07-09,F,Usa,California,Investment,2,No,Agency,3.0,961721.77,320573.92333333334,1129.1766666666665,404054.56,Apartment,77.48117727583846,1,0,283.9005912862765
C0630,Individual,Stephen,Roberts,,M,Usa,California,Home,2,No,Website,4.0,1308077.6099999999,327019.40249999997,1075.5049999999999,521382.1,"Apartment,Office",53.36755646817248,0,0,304.06125726984067
C0631,Individual,Dorothy,Flores,1966-12-11,F,Usa,California,Home,5,No,Website,4.0,1534891.22,383722.805,1227.645,458349.81,"Apartment,Office",57.05681040383299,0,0,312.5682139380684
C0632,Individual,Thomas,Nelson,,M,Uk,Northern Ireland,Home,4,No,Website,4.0,1146845.98,286711.495,947.7475,386036.16,Apartment,53.36755646817248,0,0,302.51886182764923
C0633,Individual,Ann,Owens,1941-05-12,F,Usa,Nevada,Home,3,No,Agency,4.0,1207516.26,301879.065,928.745,526337.84,Apartment,82.63928815879535,0,0,325.0397741037637
C0634,Individual,Justin,Ward,,M,Usa,Washington,Investment,4,Yes,Website,3.0,1181693.63,393897.87666666665,1393.1066666666666,498320.91,"Apartment,Office",53.36755646817248,1,1,282.747822612291
C0635,Individual,Kimberly,King,,F,Uk,Scotland,Investment,5,No,Website,3.0,1375700.03,458566.6766666667,1460.493333333333,503560.15,"Apartment,Office",53.36755646817248,1,0,313.98067091485075
C0636,Individual,Kathleen,Rogers,1980-11-10,F,France,Brittany,Home,5,No,Website,4.0,981810.0800000001,245452.52000000002,827.3575000000001,368940.08,Apartment,43.14031485284052,0,0,296.6704477810378
C0637,Individual,Catherine,Stone,,F,Usa,California,Home,2,No,Website,4.0,1602478.07,400619.5175,1296.5625,487674.6,Apartment,53.36755646817248,0,0,308.9858896119547
C0638,Individual,Jason,King,1975-02-04,M,Usa,Ohio,Home,5,Yes,Website,4.0,1347045.42,336761.355,1204.4975,527612.39,"Apartment,Office",48.90622861054072,0,1,279.5865952399237
C0639,Individual,Mark,Campbell,1961-03-03,M,Uk,Scotland,Home,3,Yes,Website,3.0,861670.72,287223.5733333333,1008.1300000000001,446713.63,Apartment,62.83093771389459,0,1,284.90727716994166
C0640,Individual,Emily,Thompson,1967-03-01,F,Usa,Utah,Home,3,No,Agency,3.0,772950.1699999999,257650.05666666664,915.6366666666667,339275.85,Apartment,56.837782340862425,0,0,281.3889679676436
C0641,Company,Zynex,Co,,M,Usa,Arizona,Home,2,No,Agency,3.0,1217213.26,405737.75333333336,1240.6066666666666,463667.58,Apartment,53.36755646817248,0,0,327.04785830588264
C0642,Individual,Julia,Reyes,,F,Usa,California,Home,4,No,Website,3.0,1027140.61,342380.2033333333,1161.5433333333333,512135.16,Apartment,53.36755646817248,0,0,294.7631771522371
C0643,Individual,Samantha,Richardson,1974-05-05,F,Usa,California,Home,5,No,Website,3.0,928645.01,309548.33666666667,1016.5033333333334,376815.49,Apartment,49.659137577002056,0,0,304.5226970890405
C0644,Individual,Teresa,Johnson,,F,Usa,California,Home,4,Yes,Agency,3.0,1549624.23,516541.41,1630.1366666666665,599850.78,"Apartment,Office",53.36755646817248,0,1,316.8700027196084
C0645,Individual,Arthur,Cox,,M,Usa,Nevada,Home,2,No,Client,3.0,731453.53,243817.84333333335,862.11,268604.55,Apartment,53.36755646817248,0,0,282.81523626142064
C0646,Individual,Cynthia,Campbell,,F,Usa,Arizona,Investment,5,No,Agency,3.0,1325311.83,441770.61000000004,1464.0166666666667,479212.8,Apartment,53.36755646817248,1,0,301.75244589656313
C0647,Individual,Victoria,Green,1946-02-06,F,Usa,California,Home,4,No,Agency,4.0,2115520.42,528880.105,1676.3825,647138.13,"Apartment,Office",77.90006844626969,0,0,315.4889203388845
C0648,Individual,Stephanie,Reed,1999-03-02,F,Usa,California,Home,1,Yes,Website,4.0,1142985.38,285746.345,984.6475,404330.66,Apartment,24.83504449007529,0,1,290.20166607846966
C0649,Individual,Patricia,Mitchell,1995-03-01,F,Usa,California,Home,4,No,Agency,4.0,1401448.51,350362.1275,1136.6925,511233.23,Office,28.83778234086242,0,0,308.2294705912109
C0650,Company,Polaris,Co,,M,France,Occitanie,Home,3,Yes,Client,3.0,799742.26,266580.75333333336,932.37,290736.09,Apartment,53.36755646817248,0,1,285.9173432578626
C0651,Company,Horizon,Co,,M,Usa,Washington,Home,1,No,Agency,4.0,1077094.73,269273.6825,948.7574999999999,398037.98,Apartment,53.36755646817248,0,0,283.8171845808861
C0652,Individual,Heather,Johnson,1993-12-08,F,Usa,Washington,Home,2,No,Website,3.0,904157.22,301385.74,985.5433333333334,439896.91,Apartment,30.064339493497606,0,0,305.806685314023
C0653,Individual,Gerald,Adams,,M,Usa,Ohio,Home,2,No,Client,4.0,1215543.15,303885.7875,1053.27,421423.2,"Apartment,Office",53.36755646817248,0,0,288.5165128599504
C0654,Individual,Eric,Griffin,1960-05-07,M,Usa,New York,Home,2,Yes,Website,3.0,865293.89,288431.2966666667,1015.9399999999999,388799.01,"Apartment,Office",63.65229295003422,0,1,283.9058376150823
C0655,Individual,Patricia,King,,F,Usa,Nevada,Home,1,Yes,Agency,3.0,1071763.22,357254.4066666667,1138.4233333333334,438371.45,Apartment,53.36755646817248,0,1,313.81507757805383
C0656,Individual,Amber,Allen,1977-02-08,F,Usa,Colorado,Home,5,No,Client,4.0,1288383.38,322095.845,1190.4075,505553.38,"Apartment,Office",46.893908281998634,0,0,270.5761220422418
C0657,Individual,Alexander,Allen,,M,Usa,California,Home,2,No,Agency,3.0,1258111.3199999998,419370.43999999994,1338.1466666666668,593053.61,Apartment,53.36755646817248,0,0,313.3964687478203
C0658,Individual,Kelly,Green,,F,Usa,Virginia,Home,3,Yes,Agency,3.0,1122021.28,374007.0933333333,1271.67,491470.69,"Apartment,Office",53.36755646817248,0,1,294.1070351060678
C0659,Individual,Sara,Foster,1988-10-06,F,Usa,California,Home,4,Yes,Agency,4.0,1000550.86,250137.715,832.615,315923.54,"Apartment,Office",35.23613963039014,0,1,300.4242236808129
C0660,Individual,Charles,Kim,1991-08-10,M,Usa,Arizona,Home,4,Yes,Client,3.0,1148308.35,382769.45,1337.0533333333333,425964.32,Apartment,32.394250513347025,0,1,286.2783708453415
C0661,Individual,Deborah,Williams,,F,Canada,Manitoba,Home,3,No,Website,4.0,1627713.0499999998,406928.26249999995,1299.3274999999999,621646.32,Apartment,53.36755646817248,0,0,313.18375274901825
C0662,Individual,Stephanie,Kim,,F,Usa,California,Investment,3,No,Website,4.0,1520239.97,380059.9925,1175.235,524135.1,Apartment,53.36755646817248,1,0,323.39063463902966
C0663,Individual,Anthony,Flores,1958-02-02,M,Usa,California,Home,2,Yes,Agency,4.0,1544313.34,386078.335,1234.8075,601666.05,Apartment,65.91101984941821,0,1,312.6627713226556
C0664,Individual,Lawrence,Wood,,M,Canada,Alberta,Investment,5,Yes,Website,4.0,1063024.57,265756.1425,897.47,369441.6,"Apartment,Office",53.36755646817248,1,1,296.11702062464485
C0665,Individual,Robert,Adams,,M,Usa,Colorado,Investment,1,No,Agency,3.0,704886.02,234962.00666666668,765.68,259327.23,Apartment,53.36755646817248,1,0,306.8671072336573
C0666,Individual,Maria,Davis,1948-10-09,F,Usa,California,Investment,1,No,Website,4.0,1532074.27,383018.5675,1271.345,533934.58,"Apartment,Office",75.22792607802874,1,0,301.2703613102659
C0667,Individual,Anthony,Mitchell,1966-07-07,M,Usa,Arizona,Investment,2,No,Agency,4.0,1486560.06,371640.015,1295.2649999999999,528551.13,Apartment,57.48665297741273,1,0,286.92199279684087
C0668,Individual,Margaret,Peterson,,F,France,Ile-De-France,Investment,4,Yes,Website,4.0,987175.01,246793.7525,824.2025,407789.69,Apartment,53.36755646817248,1,1,299.4333947057914
C0669,Individual,Cheryl,Bell,,F,Canada,British Columbia,Home,3,No,Agency,3.0,1366533.49,455511.16333333333,1599.3433333333332,540922.9,"Apartment,Office",53.36755646817248,0,0,284.81136841578734
C0670,Company,Altira,Co,,M,Usa,Nevada,Investment,4,No,Website,3.0,1631973.5499999998,543991.1833333332,1800.45,625384.45,Apartment,53.36755646817248,1,0,302.1417886269173
C0671,Individual,Jerry,Pierce,1941-12-09,M,Usa,Colorado,Home,4,Yes,Client,3.0,759678.12,253226.04,849.6366666666667,361032.68,Apartment,82.06160164271047,0,1,298.04038589043944
C0672,Individual,Amber,Williams,1967-03-10,F,Usa,California,Home,2,No,Website,3.0,1301968.05,433989.35000000003,1452.2633333333333,535756.29,"Apartment,Office",56.813141683778234,0,0,298.83654020505924
C0673,Individual,Janice,Hayes,,F,Usa,California,Home,4,No,Website,3.0,870503.9000000001,290167.96666666673,1012.96,319736.59,Apartment,53.36755646817248,0,0,286.45550334333706
C0674,Individual,Judy,Turner,,F,Usa,California,Investment,4,No,Website,4.0,1733438.52,433359.63,1365.9450000000002,584942.34,Apartment,53.36755646817248,1,0,317.25994092002236
C0675,Individual,Andrea,Wright,,F,Usa,Texas,Home,5,No,Website,3.0,1117159.17,372386.38999999996,1113.29,528517.95,"Apartment,Office",53.36755646817248,0,0,334.49181255557846
C0676,Individual,Lisa,Davis,1942-06-12,F,Usa,Nevada,Home,2,No,Agency,3.0,1022396.03,340798.6766666667,989.0566666666667,478630.37,"Apartment,Office",81.55509924709104,0,0,344.56941462740593
C0677,Individual,Jerry,Miller,1981-09-02,M,Usa,Arizona,Investment,2,No,Agency,4.0,1217015.1099999999,304253.77749999997,1024.3375,362582.49,"Apartment,Office",42.32991101984942,1,0,297.02493318852424
C0678,Individual,Joseph,Watson,,M,Usa,California,Home,4,Yes,Website,3.0,904050.87,301350.29,897.3100000000001,449002.59,"Apartment,Office",53.36755646817248,0,1,335.8374363374976
C0679,Individual,Lisa,Patterson,1964-12-02,F,Usa,Nevada,Home,1,No,Agency,4.0,1945371.6800000002,486342.92000000004,1726.0575,542183.91,"Apartment,Office",59.08008213552361,0,0,281.7651903253513
C0680,Individual,Andrew,Griffin,,M,Usa,Utah,Investment,2,No,Agency,4.0,1533727.71,383431.9275,1333.2775,527252.15,Apartment,53.36755646817248,1,0,287.58598828825956
C0681,Company,Helios,Co,,F,Usa,California,Home,3,No,Agency,4.0,736696.97,184174.2425,658.8625,258314.7,Apartment,53.36755646817248,0,0,279.5336545940921
C0682,Individual,Donald,Bennett,1973-06-12,M,Usa,California,Home,5,No,Website,4.0,1436006.22,359001.555,1214.5625,454375.43,Apartment,50.554414784394254,0,0,295.58096433901096
C0683,Individual,Patrick,Jordan,,M,Usa,Colorado,Home,2,Yes,Agency,3.0,1216565.53,405521.8433333333,1463.22,484751.08,Apartment,53.36755646817248,0,1,277.14345302369657
C0684,Individual,Donald,Miller,1985-10-05,M,Usa,California,Home,1,No,Agency,4.0,1402625.45,350656.3625,1120.62,472614.44,"Apartment,Office",38.23956194387406,0,0,312.91281835055594
C0685,Individual,Sharon,Hansen,,F,Usa,Washington,Home,5,No,Agency,3.0,1129835.06,376611.6866666667,1228.5033333333333,632201.17,"Apartment,Office",53.36755646817248,0,0,306.56138770482244
C0686,Individual,Michael,Howard,,M,Usa,California,Home,1,Yes,Website,3.0,1250166.33,416722.11000000004,1369.7300000000002,528510.9,Apartment,53.36755646817248,0,1,304.23668168179125
C0687,Individual,Susan,Long,1959-01-03,F,Usa,Utah,Home,3,Yes,Website,4.0,1532604.0,383151.0,1210.7375000000002,720425.67,"Apartment,Office",64.99383983572895,0,1,316.4608348217512
C0688,Individual,Kathleen,Howard,1968-12-04,F,Usa,Colorado,Investment,5,Yes,Website,4.0,1093762.42,273440.605,868.5725,415205.7,"Apartment,Office",55.07460643394935,1,1,314.8160976775111
C0689,Individual,Ann,Williams,,F,Usa,California,Home,4,No,Website,3.0,1051259.37,350419.79000000004,1186.05,433353.3,"Apartment,Office",53.36755646817248,0,0,295.4511108300662
C0690,Individual,Janet,Stewart,1985-09-09,F,Usa,Oregon,Home,4,Yes,Agency,4.0,1402023.24,350505.81,1150.3275,527730.49,"Apartment,Office",38.31074606433949,0,1,304.70088735599205
C0691,Individual,Kenneth,Bell,,M,Usa,California,Investment,4,No,Agency,4.0,948552.89,237138.2225,816.16,307826.14,Apartment,53.36755646817248,1,0,290.5535954959812
C0692,Individual,Adam,Roberts,,M,Usa,Georgia,Investment,3,No,Agency,4.0,1206585.87,301646.4675,1011.5875,395284.05,Apartment,53.36755646817248,1,0,298.19117723380333
C0693,Individual,Jesse,Chavez,,M,Usa,California,Investment,5,Yes,Agency,4.0,1831502.92,457875.73,1498.6825,572810.16,"Apartment,Office",53.36755646817248,1,1,305.5188340425674
C0694,Company,Sterling,Co,,M,Uk,Scotland,Investment,2,No,Website,4.0,1287767.07,321941.7675,1063.04,382289.82,"Apartment,Office",53.36755646817248,1,0,302.85009736228176
C0695,Individual,Timothy,Rogers,,M,Usa,Washington,Home,4,No,Website,3.0,870451.65,290150.55,934.8733333333333,381213.39,"Apartment,Office",53.36755646817248,0,0,310.36348952799307
C0696,Individual,Carol,Green,1994-03-06,F,Usa,Washington,Investment,5,Yes,Agency,4.0,1417025.49,354256.3725,1246.6175,610973.17,"Apartment,Office",29.82340862422998,1,1,284.1740730416507
C0697,Individual,Bryan,Mitchell,1986-11-01,M,Usa,California,Investment,4,Yes,Agency,4.0,1203571.2,300892.8,1036.6525,529206.1,Apartment,37.16632443531827,1,1,290.2542558861335
C0698,Individual,Maria,Scott,,F,Usa,California,Home,2,Yes,Website,4.0,1560635.51,390158.8775,1286.9575,575207.87,"Apartment,Office",53.36755646817248,0,1,303.1637622065997
C0699,Individual,Stephen,Bennett,,M,Usa,Washington,Home,1,Yes,Agency,3.0,1292445.15,430815.05,1357.1933333333334,497579.57,Apartment,53.36755646817248,0,1,317.43086222056303
C0700,Individual,Christine,Sanders,,F,Usa,Washington,Home,5,No,Website,3.0,724453.7,241484.56666666665,851.4266666666667,302845.83,Apartment,53.36755646817248,0,0,283.6234477034624
C0701,Individual,Danielle,Peterson,,F,Uk,England,Investment,1,No,Website,4.0,1318537.76,329634.44,1050.5725,610952.85,Apartment,53.36755646817248,1,0,313.766484464423
C0702,Individual,Nicholas,Flores,,M,Usa,Arizona,Home,5,No,Agency,3.0,1215022.0,405007.3333333333,1303.7766666666666,437978.56,Apartment,53.36755646817248,0,0,310.64164874863536
C0703,Company,Elara,Co,,M,Usa,Colorado,Home,3,No,Website,3.0,938073.5700000001,312691.19,1023.8800000000001,394037.08,Apartment,53.36755646817248,0,0,305.3982790952064
C0704,Individual,Nicole,Jordan,,F,Usa,Georgia,Home,4,No,Agency,3.0,1130778.86,376926.2866666667,1194.9266666666665,431012.78,"Apartment,Office",53.36755646817248,0,0,315.43884422475026
C0705,Individual,Timothy,Murray,,M,Usa,Nevada,Home,3,No,Website,3.0,1643383.67,547794.5566666666,1680.5266666666666,670575.87,Apartment,53.36755646817248,0,0,325.9660007378639
C0706,Individual,Kyle,Thomas,,M,Uk,England,Investment,2,No,Client,3.0,1034954.84,344984.94666666666,1162.6166666666666,437082.22,Apartment,53.36755646817248,1,0,296.7314649425864
C0707,Individual,Zachary,Richardson,,M,Usa,Virginia,Home,5,Yes,Website,4.0,1171255.22,292813.805,956.935,399196.41,"Apartment,Office",53.36755646817248,0,1,305.99132124961466
C0708,Individual,Brian,Cook,,M,Usa,California,Home,2,No,Client,3.0,1539340.8699999999,513113.6233333333,1523.6933333333334,658501.84,"Apartment,Office",53.36755646817248,0,0,336.7564929950908
C0709,Individual,Samantha,Price,1982-11-06,F,Usa,Georgia,Home,2,Yes,Agency,4.0,1233960.52,308490.13,1009.23,558878.17,Apartment,41.152635181382614,0,1,305.6688069122004
C0710,Individual,Kyle,Bryant,,M,Usa,Oregon,Home,2,Yes,Agency,4.0,1158001.3599999999,289500.33999999997,939.3575,510596.18,Apartment,53.36755646817248,0,1,308.18973606960077
C0711,Individual,Victoria,Hughes,,F,Usa,California,Investment,3,No,Agency,4.0,1045658.54,261414.635,905.7525,383676.59,"Apartment,Office",53.36755646817248,1,0,288.6159684902885
C0712,Individual,Joseph,Scott,,M,Usa,California,Home,1,No,Agency,3.0,701688.31,233896.10333333336,842.68,311645.47,"Apartment,Office",53.36755646817248,0,0,277.5621865160362
C0713,Individual,Debra,Thomas,,F,Usa,California,Investment,3,No,Agency,3.0,946537.74,315512.58,1125.17,467446.4,Apartment,53.36755646817248,1,0,280.41325310841916
C0714,Individual,Kyle,Murray,1977-01-03,M,Russia,Saint Petersburg,Home,3,No,Website,3.0,1520218.18,506739.3933333333,1680.5266666666666,606614.22,"Apartment,Office",46.992470910335385,0,0,301.5360621075139
C0715,Individual,Janice,Wilson,1982-08-05,F,Usa,Utah,Home,3,No,Website,3.0,1151372.75,383790.9166666667,1340.7666666666667,523101.86,"Apartment,Office",41.4072553045859,0,0,286.24735847649356
C0716,Individual,Jordan,Davis,,M,Uk,Northern Ireland,Home,1,No,Client,3.0,1173245.74,391081.91333333333,1334.1000000000001,512554.33,"Apartment,Office",53.36755646817248,0,0,293.14287784523896
C0717,Individual,Virginia,Weaver,1946-06-09,F,Usa,Arizona,Investment,3,Yes,Agency,3.0,1000529.6699999999,333509.88999999996,1156.5633333333333,419346.92,"Apartment,Office",77.56331279945243,1,1,288.3628422135695
C0718,Individual,Martha,Scott,1944-10-08,F,France,Ile-De-France,Home,2,Yes,Website,3.0,900157.9099999999,300052.63666666666,1123.8033333333333,406298.92,"Apartment,Office",79.23066392881589,0,1,266.9974610029632
C0719,Individual,Jason,Jordan,1974-07-02,M,Usa,California,Investment,2,Yes,Agency,3.0,912916.77,304305.59,1023.8800000000001,359309.3,Apartment,49.50034223134839,1,1,297.2082568269719
C0720,Individual,Shirley,Wilson,,F,Usa,California,Investment,1,Yes,Agency,4.0,844316.69,211079.1725,678.3725,257796.8,"Apartment,Office",53.36755646817248,1,1,311.15526130555116
C0721,Individual,Julia,Jordan,1999-03-07,F,Usa,Florida,Home,4,No,Website,4.0,1167212.02,291803.005,939.4875,468906.08,"Apartment,Office",24.82135523613963,0,0,310.59807075666254
C0722,Individual,Carol,Sanders,1943-09-11,F,Usa,Texas,Home,1,No,Website,3.0,936104.05,312034.68333333335,1033.4833333333333,428259.32,Apartment,80.30663928815879,0,0,301.9252205325034
C0723,Individual,Ann,Hansen,,F,Germany,North Rhine-Westphalia,Home,3,Yes,Website,3.0,1554043.79,518014.5966666667,1671.7666666666667,641498.15,Apartment,53.36755646817248,0,1,309.8605846110901
C0724,Individual,Samuel,Howard,,M,Usa,Arizona,Investment,4,Yes,Agency,4.0,1564795.28,391198.82,1255.1325000000002,595879.26,"Apartment,Office",53.36755646817248,1,1,311.6793007909523
C0725,Individual,Katherine,Jones,1983-07-03,F,Usa,New York,Home,3,No,Website,3.0,1557779.53,519259.8433333333,1733.68,566513.0,Apartment,40.498288843258045,0,0,299.5130839216772
C0726,Individual,Melissa,Harris,,F,Usa,Georgia,Home,4,No,Website,4.0,1055406.17,263851.5425,901.245,377502.89,"Apartment,Office",53.36755646817248,0,0,292.763391197732
C0727,Individual,Ronald,Bell,,M,Usa,California,Investment,3,Yes,Client,4.0,1924218.25,481054.5625,1425.7675,675285.62,Apartment,53.36755646817248,1,1,337.4004264369892
C0728,Individual,Jason,Jones,,M,Usa,California,Home,3,Yes,Agency,3.0,896046.43,298682.14333333337,934.8733333333333,421724.13,"Apartment,Office",53.36755646817248,0,1,319.48942459227993
C0729,Individual,Raymond,Long,1944-01-04,M,Usa,Washington,Investment,3,Yes,Agency,3.0,1100578.42,366859.4733333333,1280.28,489878.14,"Apartment,Office",79.9917864476386,1,1,286.5462815425792
C0730,Individual,Gregory,Baker,1988-05-09,M,Usa,California,Investment,4,No,Website,3.0,1395460.54,465153.51333333337,1435.6633333333332,629261.99,Apartment,35.64681724845996,1,0,323.9990201974001
C0731,Individual,Larry,Harris,,M,Usa,California,Home,5,No,Agency,4.0,2163873.35,540968.3375,1699.3675,579753.4,Apartment,53.36755646817248,0,0,318.335108503605
C0732,Individual,Justin,Peterson,1985-03-03,M,Usa,Oregon,Home,5,No,Website,4.0,1763602.47,440900.6175,1454.35,561731.1,Apartment,38.83093771389459,0,0,303.15991164437725
C0733,Individual,Susan,White,1976-01-03,F,Usa,Nevada,Home,5,No,Agency,3.0,1610480.1,536826.7000000001,1609.0333333333335,622128.29,"Apartment,Office",47.99452429842574,0,0,333.63305090012636
C0734,Individual,Danielle,Ward,,F,Usa,Virginia,Investment,5,Yes,Client,3.0,894573.22,298191.0733333333,1077.3333333333333,455010.72,"Apartment,Office",53.36755646817248,1,1,276.7862685643564
C0735,Individual,Matthew,Long,1994-08-10,M,Germany,Hesse,Investment,4,No,Website,3.0,1082670.51,360890.17,1129.1766666666665,470123.96,"Apartment,Office",29.39356605065024,1,0,319.604700179777
C0736,Individual,Jordan,Campbell,,M,Usa,Utah,Investment,3,No,Agency,3.0,961660.45,320553.48333333334,1049.5133333333333,476537.31,Apartment,53.36755646817248,1,0,305.4305964034124
C0737,Individual,Harold,Harris,,M,Usa,California,Investment,3,No,Agency,3.0,1271295.42,423765.13999999996,1435.6633333333332,517724.81,Apartment,53.36755646817248,1,0,295.17027436794604
C0738,Individual,Jose,White,,M,Usa,Texas,Home,5,No,Website,4.0,1217179.49,304294.8725,955.7625,464608.3,Apartment,53.36755646817248,0,0,318.37917108068166
C0739,Individual,Albert,Turner,,M,Usa,California,Home,2,No,Agency,4.0,1239915.48,309978.87,1096.12,442471.98,"Apartment,Office",53.36755646817248,0,0,282.7964730139036
C0740,Individual,Julia,Bell,1966-12-08,F,Usa,Utah,Investment,1,No,Client,3.0,1150084.72,383361.5733333333,1176.2366666666667,580909.55,"Apartment,Office",57.06502395619439,1,0,325.9221415191387
C0741,Individual,Sandra,Stone,1962-08-11,F,Usa,California,Home,2,No,Website,3.0,808100.3,269366.76666666666,952.0733333333334,318066.48,"Apartment,Office",61.39082819986311,0,0,282.9264902563528
C0742,Individual,Bryan,Howard,,M,Uk,Wales,Home,1,Yes,Website,3.0,943082.4199999999,314360.80666666664,1078.7866666666666,424586.91,"Apartment,Office",53.36755646817248,0,1,291.4021987665154
C0743,Individual,Joshua,Allen,1972-09-10,M,Usa,Oregon,Investment,4,Yes,Website,3.0,973707.31,324569.10333333333,1145.4666666666665,437490.2,Apartment,51.30732375085558,1,1,283.3509806774532
C0744,Individual,Helen,Morales,1950-11-10,F,Usa,Virginia,Home,1,No,Website,3.0,947393.7,315797.89999999997,939.3299999999999,425904.8,"Apartment,Office",73.14168377823408,0,0,336.19484100369414
C0745,Individual,Emily,Collins,,F,Usa,California,Investment,5,No,Website,4.0,1137226.12,284306.53,940.485,457379.31,Apartment,53.36755646817248,1,0,302.2977825271004
C0746,Individual,Gary,Reyes,,M,Uk,Scotland,Home,4,No,Website,4.0,1485041.45,371260.3625,1120.62,474858.86,"Apartment,Office",53.36755646817248,0,0,331.2990688190466
C0747,Individual,George,Patterson,,M,Usa,Florida,Home,4,Yes,Website,3.0,1321142.35,440380.7833333334,1435.6633333333332,565444.67,"Apartment,Office",53.36755646817248,0,1,306.74377001107507
C0748,Company,Vantage,Co,1974-03-05,F,Usa,California,Home,1,Yes,Client,3.0,1188736.23,396245.41,1332.34,484844.4,"Apartment,Office",49.82614647501711,0,1,297.40562469039435
C0749,Individual,Dorothy,Anderson,,F,Usa,New York,Home,5,No,Agency,3.0,1170883.93,390294.6433333333,1258.6899999999998,526465.62,Apartment,53.36755646817248,0,0,310.0800382408165
C0750,Individual,Janice,Price,1976-06-08,F,Usa,Nevada,Investment,1,No,Agency,3.0,887696.78,295898.9266666667,964.2666666666665,533052.17,"Apartment,Office",47.564681724846,1,0,306.86420768805317
C0751,Individual,Keith,Parker,,M,Usa,California,Home,5,No,Client,4.0,1055948.97,263987.2425,967.0,335648.24,Apartment,53.36755646817248,0,0,272.99611427094106
C0752,Individual,Lisa,Young,,F,Belgium,Brussels,Investment,3,No,Agency,4.0,836214.24,209053.56,725.4225,237539.69,"Apartment,Office",53.36755646817248,1,0,288.1817975042131
C0753,Individual,Nicholas,Patterson,,M,Germany,Hamburg,Home,5,No,Website,4.0,1053102.32,263275.58,868.5725,360664.73,Apartment,53.36755646817248,0,0,303.1129583310547
C0754,Individual,Teresa,Johnson,,F,Usa,Arizona,Investment,3,No,Website,4.0,1300009.56,325002.39,1037.4175,370723.42,"Apartment,Office",53.36755646817248,1,0,313.2802271023961
C0755,Company,Celera,Co,,F,Usa,California,Home,5,No,Website,3.0,1040997.25,346999.0833333333,1286.4833333333333,348797.92,"Apartment,Office",53.36755646817248,0,0,269.7268393164829
C0756,Individual,Jessica,Patterson,,F,Usa,Utah,Home,5,Yes,Website,3.0,785768.09,261922.69666666666,934.8733333333333,349788.42,Apartment,53.36755646817248,0,1,280.16918156470393
C0757,Individual,Keith,Taylor,1946-05-09,M,Usa,Oregon,Home,3,Yes,Website,4.0,1392690.1199999999,348172.52999999997,1053.27,566678.96,"Apartment,Office",77.64818617385353,0,1,330.5634167877182
C0758,Individual,Joe,Allen,1958-08-12,M,Usa,California,Investment,2,No,Website,4.0,1135189.16,283797.29,928.1775,453645.31,"Apartment,Office",65.38809034907598,1,0,305.7575625351832
C0759,Individual,Samuel,Anderson,,M,Usa,Florida,Home,4,No,Website,3.0,1327801.32,442600.44,1451.5366666666666,605700.56,Apartment,53.36755646817248,0,0,304.9185392032811
C0760,Individual,Amanda,Adams,,F,Usa,California,Investment,3,No,Website,4.0,1288008.21,322002.0525,1133.69,520039.4,Apartment,53.36755646817248,1,0,284.03007215376334
C0761,Individual,Joyce,Patterson,,F,Belgium,Flanders,Home,2,No,Agency,4.0,1387948.07,346987.0175,1134.4225000000001,575218.75,Apartment,53.36755646817248,0,0,305.87106435212627
C0762,Individual,Anna,Young,1967-07-01,F,Usa,Ohio,Home,4,No,Website,4.0,1456185.33,364046.3325,1313.38,485326.73,Apartment,56.50376454483231,0,0,277.182789824727
C0763,Company,Summit,Co,,F,Usa,Georgia,Home,3,No,Agency,3.0,1036781.97,345593.99,1152.5966666666666,394871.49,Apartment,53.36755646817248,0,0,299.8394841792012
C0764,Individual,Debra,Parker,1983-02-09,F,Uk,Northern Ireland,Investment,4,No,Client,4.0,1670624.74,417656.185,1441.655,596267.69,Apartment,40.89253935660506,1,0,289.7060565808047
C0765,Individual,Joe,Green,,M,France,Brittany,Home,3,No,Website,4.0,1516418.29,379104.5725,1260.0625,556439.7,"Apartment,Office",53.36755646817248,0,0,300.8617211447845
C0766,Individual,Robert,Bennett,1994-09-04,M,Germany,North Rhine-Westphalia,Home,3,Yes,Client,4.0,1601876.1400000001,400469.03500000003,1286.2725,587630.43,"Apartment,Office",29.32511978097194,0,1,311.34074233881233
C0767,Individual,David,Brown,1961-02-02,M,Canada,British Columbia,Investment,2,No,Agency,4.0,1403932.48,350983.12,1242.0825,485150.67,"Apartment,Office",62.91033538672142,1,0,282.57633450274034
C0768,Individual,Matthew,Weaver,,M,Denmark,Southern Denmark,Investment,5,Yes,Website,3.0,1048127.47,349375.8233333333,1163.8866666666665,527746.08,"Apartment,Office",53.36755646817248,1,1,300.18027814850245
C0769,Individual,Nicole,Long,,F,Usa,Ohio,Home,4,No,Agency,3.0,675607.7899999999,225202.59666666665,753.3133333333334,324271.22,"Apartment,Office",53.36755646817248,0,0,298.9494367107091
C0770,Individual,Shirley,Hall,1951-02-09,F,Russia,Krasnodar Krai,Home,4,No,Website,3.0,984598.73,328199.57666666666,1104.51,535533.08,Apartment,72.89253935660507,0,0,297.14495719066974
C0771,Company,Quasar,Co,1984-06-09,M,Usa,California,Home,1,No,Website,4.0,1856997.08,464249.27,1408.3274999999999,728976.07,"Apartment,Office",39.56194387405886,0,0,329.64581746788303
C0772,Individual,Ethan,White,,M,Usa,California,Investment,1,No,Client,3.0,911164.52,303721.50666666665,1038.2,332253.48,"Apartment,Office",53.36755646817248,1,0,292.5462402876774
C0773,Individual,Christopher,Taylor,1964-12-09,M,Russia,Saint Petersburg,Home,1,No,Website,4.0,1451465.46,362866.365,1153.0825,514489.27,"Apartment,Office",59.06091718001369,0,0,314.6924569577632
C0774,Individual,David,Wood,,M,Usa,Georgia,Home,5,Yes,Agency,3.0,999792.6799999999,333264.2266666666,1144.8033333333333,564194.97,Apartment,53.36755646817248,0,1,291.1104614766437
C0775,Individual,Andrea,Reyes,,F,Usa,Arizona,Home,1,No,Agency,4.0,1043608.37,260902.0925,900.39,368476.78,"Apartment,Office",53.36755646817248,0,0,289.76564877441996
C0776,Individual,Ashley,Morales,1966-06-11,F,Germany,Bavaria,Home,4,Yes,Agency,3.0,914465.3300000001,304821.7766666667,980.8699999999999,382528.88,"Apartment,Office",57.55783709787816,0,1,310.7667444887362
C0777,Company,Meridian,Co,,M,Usa,Arizona,Home,1,No,Client,3.0,1130759.4100000001,376919.8033333334,1313.16,459850.51,Apartment,53.36755646817248,0,0,287.0326565942714
C0778,Individual,George,Pierce,,M,Usa,California,Investment,4,Yes,Agency,4.0,1646921.92,411730.48,1334.8775,601818.29,"Apartment,Office",53.36755646817248,1,1,308.44064717548986
C0779,Individual,Lisa,Hughes,1953-04-05,F,Usa,California,Home,5,Yes,Agency,3.0,1221957.12,407319.04000000004,1325.0800000000002,499912.08,Apartment,70.74058863791923,0,1,307.39203670721764
C0780,Individual,Martha,Hansen,1947-08-01,F,Usa,California,Home,3,No,Website,3.0,708761.6900000001,236253.8966666667,849.6366666666667,337660.44,Apartment,76.41889117043121,0,0,278.0646197786505
C0781,Individual,Gerald,Sanders,,M,Usa,California,Investment,5,Yes,Website,4.0,1181206.69,295301.6725,1030.635,356949.82,"Apartment,Office",53.36755646817248,1,1,286.5240094698899
C0782,Individual,Ethan,Williams,1970-10-02,M,Usa,Utah,Investment,2,Yes,Website,4.0,1166638.1600000001,291659.54000000004,905.0375,500885.96,"Apartment,Office",53.24845995893224,1,1,322.2623813930362
C0783,Individual,Betty,Sanders,,F,Canada,Alberta,Home,1,Yes,Agency,3.0,1031472.36,343824.12,1156.5633333333333,437818.55,Apartment,53.36755646817248,0,1,297.2808406514703
C0784,Individual,Charles,Baker,,M,Mexico,Baja California,Investment,4,No,Website,3.0,1172514.65,390838.2166666666,1356.7466666666667,509668.52,Apartment,53.36755646817248,1,0,288.07015065450685
C0785,Company,Rexon,Co,,F,Usa,California,Home,2,No,Website,4.0,1047112.48,261778.12,860.9325,431877.48,Apartment,53.36755646817248,0,0,304.06346606731654
C0786,Individual,Sarah,Martin,,F,Usa,California,Investment,3,No,Website,3.0,663797.37,221265.79,724.0866666666667,316398.13,"Apartment,Office",53.36755646817248,1,0,305.5791525876276
C0787,Individual,Andrew,Jackson,,M,Usa,Washington,Home,1,No,Website,3.0,1405947.6600000001,468649.22000000003,1527.8633333333335,528186.67,Apartment,53.36755646817248,0,0,306.7350395650571
C0788,Individual,Matthew,Stone,,M,France,Brittany,Investment,4,No,Website,4.0,1799447.01,449861.7525,1482.5875,599896.96,"Apartment,Office",53.36755646817248,1,0,303.4301533636295
C0789,Individual,Madison,Price,1974-04-06,F,Canada,Ontario,Investment,1,No,Website,3.0,1125271.6,375090.5333333334,1228.9099999999999,491362.13,"Apartment,Office",49.738535249828885,1,0,305.22213452029314
C0790,Individual,Brandon,Cooper,,M,Usa,California,Home,5,Yes,Agency,4.0,1521440.8599999999,380360.21499999997,1227.17,629276.73,"Apartment,Office",53.36755646817248,0,1,309.94908203427394
C0791,Individual,Walter,Adams,1983-01-07,M,Usa,Texas,Home,4,No,Website,4.0,1424465.81,356116.4525,1159.9675,386702.48,"Apartment,Office",40.982888432580424,0,0,307.0055432587551
C0792,Individual,Joseph,Richardson,,M,Usa,California,Investment,4,Yes,Website,4.0,1559979.82,389994.955,1219.85,542607.18,Apartment,53.36755646817248,1,1,319.7073041767431
C0793,Individual,Kevin,Brown,1969-09-04,M,Usa,New York,Home,4,No,Agency,4.0,1245234.35,311308.5875,1048.44,545577.55,Apartment,54.32443531827516,0,0,296.9255155278318
C0794,Individual,Gregory,Mitchell,1951-02-11,M,Usa,California,Home,4,Yes,Website,3.0,1120488.77,373496.25666666665,1308.5133333333333,453748.83,Apartment,72.8870636550308,0,1,285.4355757424456
C0795,Individual,Harold,Murray,,M,Usa,California,Investment,4,Yes,Website,3.0,1170869.0899999999,390289.6966666666,1169.0466666666669,601201.34,Apartment,53.36755646817248,1,1,333.8529656643304
C0796,Individual,Stephanie,Ward,1983-04-11,F,Usa,California,Investment,5,Yes,Website,3.0,559596.54,186532.18000000002,607.4466666666667,201976.86,Apartment,40.72553045859001,1,1,307.0758146119824
C0797,Individual,Joan,Gray,1990-06-08,F,Usa,Oregon,Home,5,Yes,Agency,3.0,881179.3,293726.43333333335,851.8699999999999,475185.8,"Apartment,Office",33.56605065023956,0,1,344.80194552376935
C0798,Company,Novex,Co,,M,Usa,Nevada,Home,4,Yes,Agency,4.0,987267.48,246816.87,840.8725,353070.7,Apartment,53.36755646817248,0,1,293.5247258056364
C0799,Individual,Pamela,Johnson,,F,Usa,California,Home,4,No,Website,4.0,1108935.8599999999,277233.96499999997,972.245,350745.37,Apartment,53.36755646817248,0,0,285.14825481231577
C0800,Individual,Lawrence,Smith,1974-01-02,M,Usa,Virginia,Investment,5,Yes,Website,3.0,983573.1799999999,327857.7266666666,1151.5466666666666,543292.36,Apartment,49.9958932238193,1,1,284.7107600213047
C0801,Individual,Betty,Price,1969-04-03,F,Usa,Washington,Home,4,Yes,Website,3.0,1361712.2999999998,453904.0999999999,1435.6633333333332,571066.07,Apartment,54.7460643394935,0,1,316.1633298428833
C0802,Individual,Matthew,Williams,1970-11-10,M,Usa,Virginia,Home,5,No,Agency,3.0,1074480.81,358160.27,1217.58,494631.27,Apartment,53.14168377823409,0,0,294.1574845184711
C0803,Individual,Evelyn,Moore,,F,Usa,Texas,Home,4,No,Agency,4.0,1542819.53,385704.8825,1329.5925,595397.77,Apartment,53.36755646817248,0,0,290.0925527934311
C0804,Individual,Tyler,Cook,1967-01-10,M,Usa,Washington,Home,5,No,Agency,3.0,1223755.92,407918.63999999996,1464.8466666666666,563216.05,"Apartment,Office",56.97467488021903,0,0,278.47190377149826
C0805,Individual,Albert,Cook,,M,Germany,Berlin,Home,1,Yes,Website,3.0,940964.73,313654.91,995.5099999999999,378804.75,Apartment,53.36755646817248,0,1,315.06957237998614
C0806,Individual,Jack,Richardson,,M,France,Ile-De-France,Home,5,No,Client,4.0,1485168.27,371292.0675,1220.42,543193.6,Apartment,53.36755646817248,0,0,304.23302428672093
C0807,Individual,Amy,Chavez,,F,Mexico,Mexico City,Investment,5,No,Website,4.0,1635419.92,408854.98,1412.375,548576.41,"Apartment,Office",53.36755646817248,1,0,289.48047083812725
C0808,Individual,Gregory,Ward,,M,Germany,Berlin,Home,3,Yes,Website,3.0,885158.15,295052.7166666667,1003.3133333333334,385179.19,Apartment,53.36755646817248,0,1,294.0783371097098
C0809,Individual,Hannah,Alexander,,F,France,Occitanie,Home,5,Yes,Agency,3.0,1386118.19,462039.39666666667,1464.8466666666666,619032.93,Apartment,53.36755646817248,0,1,315.41826675829554
C0810,Individual,Ronald,Sanders,,M,Usa,California,Home,1,Yes,Website,3.0,922597.5800000001,307532.5266666667,915.6366666666667,415564.76,Apartment,53.36755646817248,0,1,335.8674219395612
C0811,Individual,Carl,Allen,,M,Uk,Wales,Home,3,No,Agency,3.0,1515201.05,505067.01666666666,1471.8999999999999,531362.61,Apartment,53.36755646817248,0,0,343.1394909074439
C0812,Individual,Harold,Cooper,,M,Uk,Northern Ireland,Home,3,Yes,Website,4.0,1443224.01,360806.0025,1248.58,529272.37,Apartment,53.36755646817248,0,1,288.97307541366996
C0813,Individual,Gerald,Cook,1974-10-11,M,Uk,Scotland,Investment,3,No,Agency,4.0,1314024.52,328506.13,1099.4925,453762.41,"Apartment,Office",49.223819301848046,1,0,298.77978249055815
C0814,Individual,Joan,Stewart,,F,Usa,California,Home,2,No,Website,3.0,674363.74,224787.91333333333,706.7266666666666,245279.18,Apartment,53.36755646817248,0,0,318.06909790678156
C0815,Company,Horizon,Co,1965-11-06,F,Usa,Nevada,Home,4,Yes,Agency,3.0,962374.6499999999,320791.55,1205.9633333333334,376063.41,Apartment,58.15195071868583,0,1,266.00439759086095
C0816,Individual,Deborah,Wright,,F,Germany,Hamburg,Home,2,Yes,Website,3.0,1003090.8500000001,334363.6166666667,1151.5466666666666,530119.92,"Apartment,Office",53.36755646817248,0,1,290.3604572401177
C0817,Individual,Grace,Thompson,1972-05-12,F,Usa,California,Investment,1,No,Website,3.0,1338281.0,446093.6666666667,1448.82,487710.82,"Apartment,Office",51.63860369609856,1,0,307.9013726112745
C0818,Company,Sterling,Co,1991-09-08,F,Usa,Colorado,Home,2,No,Website,4.0,760443.3500000001,190110.83750000002,677.79,285509.27,"Apartment,Office",32.31485284052019,0,0,280.486341639741
C0819,Individual,Jose,Bryant,,M,Usa,California,Home,5,No,Website,3.0,1239378.27,413126.09,1313.16,540445.52,Apartment,53.36755646817248,0,0,314.6045341009473
C0820,Individual,Judith,Collins,,F,Usa,Texas,Investment,4,No,Agency,3.0,920197.78,306732.5933333333,976.2833333333333,497575.53,Apartment,53.36755646817248,1,0,314.1839903033614
C0821,Individual,Elizabeth,Moore,1957-09-04,F,Usa,California,Home,5,Yes,Agency,3.0,1371213.26,457071.08666666667,1467.89,555202.09,"Apartment,Office",66.32443531827515,0,1,311.379658330438
C0822,Individual,Jessica,Weaver,,F,Usa,California,Investment,3,Yes,Website,3.0,1407630.29,469210.0966666667,1563.9733333333334,508753.3,"Apartment,Office",53.36755646817248,1,1,300.01157095602656
C0823,Individual,Nancy,Hayes,,F,Usa,Oregon,Investment,5,Yes,Agency,4.0,1722388.8900000001,430597.22250000003,1338.9,589758.81,Apartment,53.36755646817248,1,1,321.60521510194934
C0824,Individual,Douglas,Cox,1976-06-01,M,Usa,California,Home,3,No,Agency,3.0,1234378.85,411459.6166666667,1435.6633333333332,519209.27,"Apartment,Office",47.58384668035592,0,0,286.5989589016924
C0825,Individual,Ruth,Hughes,,F,Mexico,Nuevo Leon,Home,4,Yes,Agency,4.0,1246198.0,311549.5,1075.0475000000001,507522.85,Apartment,53.36755646817248,0,1,289.8006832256249
C0826,Individual,Jason,Stewart,1970-09-11,M,Usa,Ohio,Investment,4,Yes,Website,4.0,1255265.82,313816.455,996.1925,623819.92,"Apartment,Office",53.30595482546201,1,1,315.01587795531486
C0827,Individual,Ruth,Wright,,F,Usa,Washington,Home,2,Yes,Website,4.0,1176467.77,294116.9425,1025.3225,557463.33,"Apartment,Office",53.36755646817248,0,1,286.85310475484545
C0828,Individual,Elizabeth,Stewart,1947-10-10,F,Usa,Arizona,Investment,4,Yes,Website,4.0,1313574.2,328393.55,1122.0925,500403.51,"Apartment,Office",76.22724161533196,1,1,292.6617458008141
C0829,Individual,Jonathan,Stewart,,M,Usa,Utah,Investment,3,No,Website,4.0,1296844.19,324211.0475,1102.08,444270.56,Apartment,53.36755646817248,1,0,294.1810462942799
C0830,Individual,William,Martin,,M,Usa,Oregon,Investment,3,No,Agency,4.0,1518798.69,379699.6725,1169.615,480172.84,Apartment,53.36755646817248,1,0,324.6364594332323
C0831,Individual,Judith,Martin,,F,Usa,California,Home,2,No,Website,3.0,909532.47,303177.49,979.0866666666667,393983.06,"Apartment,Office",53.36755646817248,0,0,309.65337423312883
C0832,Individual,Dorothy,Ward,1990-01-09,F,Usa,Nevada,Investment,3,Yes,Website,3.0,1290741.99,430247.33,1336.61,561351.99,"Apartment,Office",33.97672826830938,1,1,321.89444190900866
C0833,Individual,Roger,Green,1951-11-06,M,Denmark,Southern Denmark,Home,5,No,Website,3.0,1422486.6099999999,474162.2033333333,1623.3,504262.01,"Apartment,Office",72.1533196440794,0,0,292.09770426497465
C0834,Individual,Helen,Parker,,F,Usa,California,Home,5,No,Website,4.0,1384660.54,346165.135,1073.905,428653.51,Apartment,53.36755646817248,0,0,322.34241855657626
C0835,Individual,Maria,Foster,1974-06-06,F,Usa,California,Home,5,Yes,Website,4.0,1159317.69,289829.4225,941.61,498858.03,"Apartment,Office",49.57152635181382,0,1,307.8019801191576
C0836,Individual,Adam,Sanders,1942-02-04,M,Usa,Ohio,Home,4,No,Website,3.0,1280715.29,426905.0966666667,1493.243333333333,499955.33,"Apartment,Office",81.90554414784394,0,0,285.8911787094312
C0837,Individual,Peter,Montgomery,1967-06-06,M,France,Brittany,Home,1,No,Website,4.0,1415445.71,353861.4275,1253.3075,484359.77,Apartment,56.57221081451061,0,0,282.34206489628446
C0838,Individual,Jacob,Morris,1992-04-05,M,Usa,Nevada,Investment,1,Yes,Website,3.0,837604.3,279201.43333333335,853.8133333333334,345031.43,Apartment,31.73990417522245,1,1,327.0052392404273
C0839,Individual,Elizabeth,Baker,,F,Uk,England,Home,5,Yes,Agency,3.0,1123967.69,374655.89666666667,1308.5133333333333,531903.04,"Apartment,Office",53.36755646817248,0,1,286.32180286024345
C0840,Individual,Elizabeth,Wilson,1981-11-01,F,Belgium,Brussels,Home,1,No,Website,4.0,1508352.25,377088.0625,1329.5925,565118.87,Apartment,42.16563997262149,0,0,283.61175510541767
C0841,Individual,Timothy,Cooper,1999-02-05,M,Belgium,Wallonia,Home,5,No,Website,4.0,1344816.1,336204.025,1167.105,443394.23,Apartment,24.903490759753595,0,0,288.06664781660606
C0842,Individual,Keith,Morales,,M,Usa,Washington,Home,5,Yes,Client,4.0,1082477.8199999998,270619.45499999996,928.745,507216.3,"Apartment,Office",53.36755646817248,0,1,291.38187015811656
C0843,Individual,Amanda,Hansen,2000-12-04,F,Usa,Georgia,Home,4,No,Agency,3.0,1377127.37,459042.4566666667,1500.72,508725.94,Apartment,23.07460643394935,0,0,305.88148133340445
C0844,Individual,Margaret,Scott,,F,Usa,California,Home,2,No,Website,4.0,1363201.96,340800.49,1187.8925000000002,510261.37,"Apartment,Office",53.36755646817248,0,0,286.8950599486064
C0845,Individual,Ashley,Long,1993-09-05,F,Usa,Washington,Home,3,No,Client,3.0,1355270.16,451756.72,1471.4466666666667,541412.0,Apartment,30.321697467488022,0,0,307.015354503731
C0846,Individual,Martha,Harris,,F,Canada,Quebec,Investment,3,No,Agency,3.0,1069033.77,356344.59,1135.5233333333333,579072.02,Apartment,53.36755646817248,1,0,313.8152951502538
C0847,Individual,Nicole,James,,F,Usa,Utah,Home,2,Yes,Agency,4.0,1258765.46,314691.365,1011.5875,480678.5,"Apartment,Office",53.36755646817248,0,1,311.08664846095866
C0848,Individual,Aaron,Hughes,,M,Usa,California,Home,4,No,Agency,4.0,1366788.33,341697.0825,1184.9475000000002,546910.59,Apartment,53.36755646817248,0,0,288.36474400764587
C0849,Individual,Brian,Wilson,1977-04-11,M,Usa,Oregon,Home,1,Yes,Website,4.0,1262931.66,315732.915,995.0275,539249.94,Apartment,46.724161533196444,0,1,317.3107426679162
C0850,Individual,Judy,Stone,,F,Usa,Colorado,Investment,5,No,Agency,3.0,528432.48,176144.16,610.62,229915.53,Apartment,53.36755646817248,1,0,288.46772133241626
C0851,Individual,Kyle,White,,M,Usa,California,Investment,2,Yes,Website,4.0,1482957.8800000001,370739.47000000003,1259.95,492001.45,Apartment,53.36755646817248,1,1,294.24935116472875
C0852,Individual,Carl,Brown,,M,Germany,North Rhine-Westphalia,Home,2,No,Agency,4.0,1368458.37,342114.5925,1222.37,430669.69,Apartment,53.36755646817248,0,0,279.87809951160455
C0853,Individual,Gerald,Bryant,1950-08-07,M,Usa,Utah,Home,4,No,Website,4.0,1293562.22,323390.555,1092.085,431452.51,"Apartment,Office",73.40177960301163,0,0,296.1221470856206
C0854,Individual,David,Reyes,,M,Usa,California,Home,4,No,Website,3.0,1419031.6099999999,473010.5366666666,1454.4099999999999,622276.58,"Apartment,Office",53.36755646817248,0,0,325.2250305393023
C0855,Individual,Amanda,Foster,1973-03-10,F,Australia,Queensland,Home,4,No,Website,4.0,1198702.15,299675.5375,1114.2125,439175.81,Apartment,50.81177275838467,0,0,268.9572568069376
C0856,Individual,Janice,Chavez,,F,Usa,Florida,Home,5,Yes,Website,4.0,1565508.99,391377.2475,1226.185,557814.29,Apartment,53.36755646817248,0,1,319.1828700400021
C0857,Individual,Danielle,Ward,1951-05-11,F,Usa,California,Investment,1,Yes,Website,4.0,1431064.56,357766.14,1146.2825,532766.89,"Apartment,Office",72.64339493497604,1,1,312.10992054750903
C0858,Individual,Samuel,Howard,1994-07-12,M,Usa,Nevada,Home,1,No,Website,3.0,972150.6,324050.2,1156.5633333333333,377504.51,"Apartment,Office",29.472963723477072,0,0,280.1837051725082
C0859,Individual,Megan,Anderson,1942-12-03,F,Usa,California,Home,2,Yes,Agency,4.0,1440623.8900000001,360155.97250000003,1154.105,641122.99,Apartment,81.07871321013005,0,1,312.06516954696497
C0860,Individual,Virginia,Morales,1968-07-09,F,Usa,Utah,Home,5,Yes,Website,4.0,1362579.84,340644.96,1148.025,491343.75,Apartment,55.4798083504449,0,1,296.72259750440975
C0861,Individual,Christine,Peterson,1994-08-04,F,France,Brittany,Investment,2,No,Agency,3.0,1527460.57,509153.5233333334,1635.6233333333332,530773.97,"Apartment,Office",29.409993155373034,1,0,311.290205365131
C0862,Individual,Amanda,Jordan,,F,Usa,Colorado,Investment,1,No,Website,3.0,1354421.9100000001,451473.97000000003,1527.8633333333335,605272.25,Apartment,53.36755646817248,1,0,295.4936872626042
C0863,Individual,Brandon,Peterson,,M,Belgium,Wallonia,Home,5,Yes,Agency,4.0,1107744.96,276936.24,984.6475,331782.88,Apartment,53.36755646817248,0,1,281.25419502918555
C0864,Individual,Noah,Kim,1970-07-07,M,Usa,Texas,Home,3,No,Website,3.0,1085548.02,361849.34,1156.5633333333333,436782.69,"Apartment,Office",53.48665297741273,0,0,312.8659966740545
C0865,Individual,Rebecca,Gray,,F,Usa,Colorado,Investment,5,Yes,Website,4.0,1268059.13,317014.7825,1008.395,590633.76,"Apartment,Office",53.36755646817248,1,1,314.3755993435112
C0866,Individual,Lawrence,Bryant,,M,Belgium,Brussels,Home,3,No,Agency,4.0,1331713.08,332928.27,1148.025,467860.91,Apartment,53.36755646817248,0,0,290.0008884823937
C0867,Individual,Julia,Davis,1967-04-12,F,Usa,California,Home,2,No,Agency,3.0,1028747.3,342915.76666666666,1146.2633333333333,434559.42,Apartment,56.72279260780287,0,0,299.15967535092284
C0868,Individual,Victoria,Rogers,,F,Usa,Florida,Home,3,Yes,Agency,3.0,987211.1699999999,329070.38999999996,1049.3799999999999,390539.15,"Apartment,Office",53.36755646817248,0,1,313.5855362213879
C0869,Individual,Jose,Roberts,1993-03-07,M,Usa,California,Home,4,No,Agency,3.0,858807.13,286269.04333333333,1012.96,338104.13,Apartment,30.819986310746064,0,0,282.6064635655241
C0870,Company,Harmon,Co,1966-09-01,F,Uk,Northern Ireland,Home,2,Yes,Website,4.0,1097902.26,274475.565,909.9825,384011.41,"Apartment,Office",57.333333333333336,0,1,301.6273005250101
C0871,Individual,Pamela,Pierce,,F,Usa,Virginia,Home,1,Yes,Website,4.0,1939848.53,484962.1325,1524.2725,612113.6,"Apartment,Office",53.36755646817248,0,1,318.15973357782156
C0872,Individual,Sarah,Bennett,,F,Uk,England,Home,4,No,Website,4.0,1462320.39,365580.0975,1326.2525,455019.48,Apartment,53.36755646817248,0,0,275.6489412838053
C0873,Individual,Gerald,Murray,1940-09-09,M,Usa,New York,Home,2,No,Website,3.0,1325777.78,441925.9266666667,1463.22,554502.82,Apartment,83.31006160164272,0,0,302.02288559934027
C0874,Individual,Debra,Murray,,F,Belgium,Flanders,Investment,2,No,Website,4.0,1490289.1099999999,372572.27749999997,1186.5225,604547.34,Apartment,53.36755646817248,1,0,314.003550290871
C0875,Individual,Jeffrey,Evans,1972-07-09,M,Canada,Manitoba,Home,4,No,Website,3.0,1308981.48,436327.16,1370.5533333333333,551578.92,Apartment,51.4798083504449,0,0,318.35839539261514
C0876,Individual,Benjamin,Chavez,,M,Usa,California,Home,3,No,Client,3.0,873771.52,291257.17333333334,971.1899999999999,349877.5,Apartment,53.36755646817248,0,0,299.89721201138127
C0877,Individual,Jennifer,Weaver,,F,Usa,Utah,Investment,2,Yes,Agency,3.0,1407650.4,469216.8,1493.243333333333,573266.03,"Apartment,Office",53.36755646817248,1,1,314.22661633625245
C0878,Individual,Ashley,Hansen,,F,Usa,Nevada,Home,4,Yes,Website,3.0,970670.1499999999,323556.7166666666,1008.13,532017.08,Apartment,53.36755646817248,0,1,320.94741418930755
C0879,Individual,Brandon,Adams,,M,Uk,Northern Ireland,Home,4,Yes,Website,3.0,1349121.32,449707.1066666667,1463.22,610364.02,Apartment,53.36755646817248,0,1,307.34073253965
C0880,Individual,Judith,Bennett,,F,Usa,New York,Home,2,No,Website,4.0,1390002.6400000001,347500.66000000003,1151.37,485278.06,"Apartment,Office",53.36755646817248,0,0,301.81493351398774
C0881,Individual,Ruth,Weaver,,F,Usa,Colorado,Investment,1,No,Website,4.0,1247321.2,311830.3,1136.6925,542053.98,"Apartment,Office",53.36755646817248,1,0,274.33127252972986
C0882,Individual,Peter,Moore,2000-07-07,M,Uk,Wales,Home,3,No,Website,3.0,1142828.1400000001,380942.7133333334,1435.6633333333332,466293.15,"Apartment,Office",23.485284052019164,0,0,265.3426499713257
C0883,Individual,Gerald,Thompson,,M,Usa,Texas,Home,4,No,Client,4.0,1979258.27,494814.5675,1699.3675,555330.51,Apartment,53.36755646817248,0,0,291.1757271455409
C0884,Individual,Joe,Reed,1949-05-07,M,Usa,Nevada,Home,2,No,Website,3.0,1021697.5,340565.8333333333,1209.64,423868.45,"Apartment,Office",74.652977412731,0,0,281.5431312897501
C0885,Individual,Michael,Williams,,M,Canada,British Columbia,Investment,2,Yes,Agency,3.0,1540844.02,513614.67333333334,1671.7666666666667,661095.49,Apartment,53.36755646817248,1,1,307.2286842262676
C0886,Individual,Joseph,Brooks,,M,Usa,California,Home,3,Yes,Agency,3.0,807556.47,269185.49,941.2099999999999,441789.19,Apartment,53.36755646817248,0,1,285.99939439657464
C0887,Individual,Joan,Bryant,,F,Usa,California,Home,3,No,Agency,4.0,1247287.09,311821.7725,1012.5575,460816.43,"Apartment,Office",53.36755646817248,0,0,307.9546322060723
C0888,Individual,Sharon,Montgomery,,F,Germany,Berlin,Home,4,Yes,Website,4.0,1104713.19,276178.2975,933.355,506626.34,"Apartment,Office",53.36755646817248,0,1,295.8984496788467
C0889,Individual,Scott,Campbell,,M,Usa,Nevada,Investment,4,Yes,Website,3.0,1339350.5899999999,446450.1966666666,1451.2533333333333,525586.98,Apartment,53.36755646817248,1,1,307.6307812098048
C0890,Individual,Julie,Nelson,,F,Usa,Virginia,Investment,3,Yes,Website,4.0,1138394.29,284598.5725,922.66,480775.4,Apartment,53.36755646817248,1,1,308.4544387965231
C0891,Individual,Raymond,Roberts,,M,Germany,North Rhine-Westphalia,Investment,1,Yes,Website,4.0,1340373.08,335093.27,1154.105,544032.25,"Apartment,Office",53.36755646817248,1,1,290.3490323670723
C0892,Individual,Helen,Watson,1958-06-05,F,Usa,California,Investment,2,Yes,Website,3.0,984121.3999999999,328040.4666666666,1167.24,448877.05,"Apartment,Office",65.57426420260096,1,1,281.03943205053514
C0893,Individual,Evelyn,Thompson,,F,Usa,Colorado,Home,3,Yes,Website,4.0,1695839.47,423959.8675,1329.5925,603155.94,Apartment,53.36755646817248,0,1,318.86451487955895
C0894,Individual,Carl,Evans,,M,Usa,Georgia,Home,5,No,Website,3.0,882067.47,294022.49,932.37,301693.78,Apartment,53.36755646817248,0,0,315.349582247391
C0895,Individual,Amanda,Rogers,,F,Usa,Arizona,Investment,4,Yes,Website,3.0,1127680.6,375893.5333333334,1280.28,502145.17,Apartment,53.36755646817248,1,1,293.6025973484967
C0896,Individual,Timothy,Jones,1970-05-06,M,France,Brittany,Home,4,Yes,Agency,4.0,1157933.44,289483.36,935.765,403361.09,"Apartment,Office",53.65639972621492,0,1,309.35476321512346
C0897,Individual,Ann,Foster,1971-08-04,F,Australia,Victoria,Home,1,No,Website,3.0,745691.65,248563.88333333333,801.46,364650.23,Apartment,52.41067761806981,0,0,310.1388507640223
C0898,Individual,Deborah,King,,F,Usa,Arizona,Investment,5,Yes,Agency,4.0,836494.02,209123.505,706.0875,318001.46,"Apartment,Office",53.36755646817248,1,1,296.17222369748794
C0899,Company,Apex,Co,,F,Usa,Washington,Investment,2,No,Website,3.0,1050407.63,350135.87666666665,1076.6899999999998,481540.5,Apartment,53.36755646817248,1,0,325.196553015879
C0900,Individual,Betty,Cook,,F,Germany,North Rhine-Westphalia,Home,4,No,Agency,3.0,606058.22,202019.40666666665,753.3133333333334,316820.96,Apartment,53.36755646817248,0,0,268.17447365859266
C0901,Individual,Gregory,Allen,,M,France,Brittany,Investment,4,No,Agency,3.0,909138.8400000001,303046.28,909.0566666666667,535623.53,Apartment,53.36755646817248,1,0,333.36346469050335
C0902,Company,Peerex,Co,1964-02-11,F,Uk,Northern Ireland,Home,3,Yes,Agency,4.0,1281064.76,320266.19,1068.57,457348.2,Apartment,59.88774811772758,0,1,299.71474961864925
C0903,Individual,Christine,Morales,,F,Usa,Texas,Investment,3,No,Website,3.0,1108147.6099999999,369382.5366666666,1240.6066666666666,427664.89,Apartment,53.36755646817248,1,0,297.7434722796911
C0904,Individual,Nancy,Brooks,1984-03-08,F,Russia,Saint Petersburg,Home,1,Yes,Website,4.0,1050355.29,262588.8225,883.805,391528.7,"Apartment,Office",39.81656399726215,0,1,297.1117186483444
C0905,Individual,Emma,Allen,,F,Usa,Virginia,Home,5,Yes,Website,3.0,877477.72,292492.5733333333,927.6066666666666,408310.1,Apartment,53.36755646817248,0,1,315.3196110420365
C0906,Individual,Jacqueline,Baker,,F,Usa,California,Investment,5,No,Website,4.0,1757967.56,439491.89,1458.93,571612.79,"Apartment,Office",53.36755646817248,1,0,301.24261616390095
C0907,Individual,Danielle,Scott,,F,Usa,California,Home,3,No,Agency,3.0,1375380.46,458460.1533333333,1459.1899999999998,574177.29,Apartment,53.36755646817248,0,0,314.18811349675735
C0908,Individual,Carl,Kim,,M,Usa,California,Home,4,Yes,Agency,4.0,1129941.35,282485.3375,825.1325,467397.36,"Apartment,Office",53.36755646817248,0,1,342.3514859734649
C0909,Individual,Brandon,Turner,1967-07-10,M,Usa,California,Investment,1,Yes,Agency,4.0,1529455.73,382363.9325,1183.04,595281.62,"Apartment,Office",56.479123887748116,1,1,323.2045683155261
C0910,Individual,Victoria,Jackson,,F,Usa,Texas,Home,3,Yes,Agency,3.0,1293598.48,431199.49333333335,1238.36,705817.01,"Apartment,Office",53.36755646817248,0,1,348.2020521765346
C0911,Individual,Donald,Long,,M,Usa,California,Home,4,No,Website,4.0,1310405.32,327601.33,972.335,589085.76,Apartment,53.36755646817248,0,0,336.92228501493827
C0912,Individual,Christina,Freeman,1949-05-11,F,Usa,California,Home,1,No,Agency,3.0,1322130.05,440710.01666666666,1351.4633333333334,617512.0,"Apartment,Office",74.64202600958248,0,0,326.09838964677795
C0913,Individual,Nathan,Hansen,,M,Usa,California,Home,4,No,Agency,4.0,1935637.92,483909.48,1552.15,586679.08,"Apartment,Office",53.36755646817248,0,0,311.76721322037173
C0914,Individual,Helen,Freeman,1948-10-12,F,France,Provence,Investment,4,No,Website,4.0,1124290.78,281072.695,984.6475,362803.25,"Apartment,Office",75.21971252566735,1,0,285.4551451153839
C0915,Individual,Ronald,Harris,,M,Usa,Florida,Home,2,No,Agency,3.0,1309768.71,436589.57,1283.46,589191.73,Apartment,53.36755646817248,0,0,340.1660901001979
C0916,Individual,Nathan,Hansen,1988-02-10,M,Russia,Moscow Oblast,Home,2,No,Website,4.0,1377591.46,344397.865,1114.105,478922.56,Apartment,35.89048596851472,0,0,309.12514080809257
C0917,Individual,Kenneth,Hughes,1969-08-01,M,Usa,Arizona,Home,2,Yes,Agency,3.0,756785.49,252261.83,851.4266666666667,300300.85,Apartment,54.417522245037645,0,1,296.28133564057185
C0918,Individual,Susan,Cook,,F,Australia,Western Australia,Home,4,No,Client,3.0,1461361.8699999999,487120.6233333333,1583.2166666666665,591434.36,"Apartment,Office",53.36755646817248,0,0,307.67780152221746
C0919,Individual,Barbara,Foster,,F,Canada,Quebec,Investment,5,No,Agency,3.0,1059524.55,353174.85000000003,1179.5233333333333,486833.55,Apartment,53.36755646817248,1,0,299.4216731617575
C0920,Individual,Christian,Williams,1973-10-11,M,Usa,California,Home,4,No,Website,3.0,878368.79,292789.5966666667,934.4333333333334,447905.13,Apartment,50.223134839151264,0,0,313.3338529590126
C0921,Individual,Christina,Reyes,1999-03-10,F,Australia,New South Wales,Home,4,No,Agency,3.0,802736.76,267578.92,900.46,331896.95,Apartment,24.813141683778234,0,0,297.1580303400484
C0922,Individual,Joe,Bell,,M,Australia,Victoria,Investment,4,Yes,Website,3.0,1105753.98,368584.66,1200.3500000000001,442539.26,Apartment,53.36755646817248,1,1,307.0643229058191
C0923,Individual,Ruth,Richardson,,F,Usa,Oregon,Home,3,No,Client,4.0,1183422.85,295855.7125,1035.1925,554198.64,Apartment,53.36755646817248,0,0,285.79777432699717
C0924,Individual,Emily,Wright,,F,Usa,California,Home,4,No,Website,4.0,1558670.83,389667.7075,1313.38,535687.32,"Apartment,Office",53.36755646817248,0,0,296.6907578157121
C0925,Individual,Michael,Ward,1944-05-12,M,Germany,Hamburg,Home,2,No,Website,3.0,1308035.02,436011.67333333334,1471.8999999999999,523966.96,"Apartment,Office",79.63860369609856,0,0,296.2237063206287
C0926,Individual,Lauren,Harris,1961-04-04,F,Usa,California,Home,3,No,Website,3.0,1078841.73,359613.91,1207.6466666666668,416303.05,"Apartment,Office",62.743326488706366,0,0,297.78073332707686
C0927,Individual,Carol,Hayes,1962-11-04,F,France,Ile-De-France,Home,4,No,Client,3.0,933499.38,311166.46,952.2633333333333,571089.66,"Apartment,Office",61.158110882956876,0,0,326.7651384946041
C0928,Individual,Jordan,Jordan,,M,Usa,California,Home,1,Yes,Agency,3.0,758070.13,252690.04333333333,883.7466666666666,392319.37,"Apartment,Office",53.36755646817248,0,1,285.93040614957533
C0929,Individual,Jack,Hall,,M,Usa,Washington,Home,4,No,Website,3.0,1167841.72,389280.5733333333,1117.9399999999998,407054.73,Apartment,53.36755646817248,0,0,348.21240257378156
C0930,Individual,Debra,Moore,,F,Usa,Washington,Investment,1,Yes,Agency,3.0,924305.53,308101.8433333333,1110.6233333333332,410092.17,Apartment,53.36755646817248,1,1,277.41344350169726
C0931,Individual,Daniel,Parker,,M,Usa,Nevada,Investment,2,Yes,Client,3.0,997418.61,332472.87,1090.9466666666667,380782.35,Apartment,53.36755646817248,1,1,304.7563003385439
C0932,Individual,Kathleen,Moore,,F,Usa,New York,Home,5,No,Website,4.0,1468310.6600000001,367077.66500000004,1196.9724999999999,567793.82,Apartment,53.36755646817248,0,0,306.67176146486247
C0933,Individual,Kimberly,Johnson,1955-09-03,F,Usa,California,Home,4,No,Website,3.0,1077170.94,359056.98,1155.4633333333334,411210.31,"Apartment,Office",68.32854209445586,0,0,310.7471865543115
C0934,Individual,Barbara,Allen,1943-10-02,F,Uk,Northern Ireland,Investment,5,Yes,Website,3.0,912489.5900000001,304163.1966666667,1086.9833333333333,426691.03,Apartment,80.24914442162903,1,1,279.82323862678055
C0935,Individual,Katherine,Cooper,,F,Canada,Manitoba,Home,4,No,Agency,3.0,1133032.49,377677.49666666664,1221.6766666666665,459433.77,"Apartment,Office",53.36755646817248,0,0,309.1468528224872
C0936,Individual,Carolyn,Brooks,1951-04-10,F,Usa,California,Home,3,No,Client,3.0,782945.97,260981.99,879.3433333333332,312643.26,"Apartment,Office",72.72826830937714,0,0,296.79191290470544
C0937,Individual,Gerald,Chavez,1982-04-03,M,Usa,Arizona,Home,5,No,Client,4.0,1370340.9100000001,342585.22750000004,1127.3175,462252.41,Apartment,41.74674880219028,0,0,303.8941802109876
C0938,Individual,William,Chavez,1963-05-08,M,Russia,Krasnodar Krai,Home,4,No,Website,3.0,854217.7,284739.23333333334,851.87,448751.61,Apartment,60.65160848733744,0,0,334.25197897957827
C0939,Individual,Anna,Alexander,1978-02-02,F,Belgium,Brussels,Investment,1,No,Website,4.0,1190833.68,297708.42,996.3625,478857.61,Apartment,45.91101984941821,1,0,298.7952878595893
C0940,Individual,Kyle,Bell,,M,Usa,Virginia,Investment,5,No,Website,4.0,1628937.85,407234.4625,1332.2825,627200.92,"Apartment,Office",53.36755646817248,1,0,305.6667504827242
C0941,Individual,Grace,Moore,,F,Mexico,Jalisco,Home,1,No,Agency,3.0,1028314.09,342771.36333333334,1089.46,410663.51,"Apartment,Office",53.36755646817248,0,0,314.6250099437642
C0942,Individual,Joan,Jackson,,F,Usa,California,Home,1,No,Website,4.0,1402631.76,350657.94,1008.6625,500962.79,Apartment,53.36755646817248,0,0,347.64645260431513
C0943,Individual,Karen,Cox,,F,Canada,Manitoba,Investment,5,No,Website,3.0,975048.28,325016.0933333333,1129.1766666666665,404116.95,"Apartment,Office",53.36755646817248,1,0,287.8345815387613
C0944,Individual,Virginia,Hughes,,F,Usa,Florida,Home,2,No,Website,3.0,1256722.03,418907.3433333333,1283.46,673008.78,"Apartment,Office",53.36755646817248,0,0,326.3890914662968
C0945,Individual,Emily,Hayes,1945-09-04,F,France,Provence,Home,4,No,Website,3.0,973406.55,324468.85000000003,1102.8633333333335,415439.74,Apartment,78.32443531827515,0,0,294.20585506212615
C0946,Individual,Ashley,Weaver,1946-07-04,F,Usa,Nevada,Investment,3,Yes,Agency,3.0,827605.63,275868.54333333333,897.3100000000001,378567.66,Apartment,77.49486652977413,1,1,307.43950622787366
C0947,Individual,Samantha,Cox,,F,Usa,Texas,Home,2,No,Website,3.0,1096583.29,365527.76333333337,1190.3133333333333,488382.72,Apartment,53.36755646817248,0,0,307.0853304732088
C0948,Individual,Emma,Nelson,,F,Usa,California,Investment,3,Yes,Website,4.0,1532000.51,383000.1275,1299.3675,465555.5,"Apartment,Office",53.36755646817248,1,1,294.7588942312317
C0949,Individual,Julia,Price,,F,Usa,Colorado,Investment,5,Yes,Client,4.0,1397057.95,349264.4875,1102.2725,679222.65,"Apartment,Office",53.36755646817248,1,1,316.8585694553751
C0950,Individual,Christina,Price,1991-12-11,F,Usa,Texas,Investment,5,No,Website,4.0,1418212.48,354553.12,1146.9925,518468.37,"Apartment,Office",32.05749486652977,1,0,309.1154650095794
C0951,Individual,Rachel,Chavez,,F,Mexico,Nuevo Leon,Home,1,Yes,Client,4.0,1658301.92,414575.48,1290.8,601046.95,Apartment,53.36755646817248,0,1,321.1771614502634
C0952,Individual,Ann,Martin,1959-09-03,F,Usa,Oregon,Home,5,No,Website,4.0,1886501.9300000002,471625.48250000004,1510.65,548316.4,"Apartment,Office",64.32854209445586,0,0,312.20036573660343
C0953,Company,Helios,Co,,M,Usa,Washington,Home,5,Yes,Website,3.0,639815.0,213271.66666666666,839.1433333333334,294124.85,Apartment,53.36755646817248,0,1,254.1540380467381
C0954,Individual,Michael,Evans,1950-04-08,M,France,Brittany,Investment,4,Yes,Agency,4.0,1493788.0,373447.0,1204.4975,533253.25,"Apartment,Office",73.73305954825462,1,1,310.0438149518783
C0955,Individual,Megan,Garcia,1969-01-11,F,Usa,California,Home,1,No,Website,3.0,1098111.78,366037.26,1205.9633333333334,398094.9,Apartment,54.97056810403833,0,0,303.52271075129426
C0956,Individual,Donald,Jackson,1966-03-10,M,Usa,California,Home,1,Yes,Website,4.0,1647197.45,411799.3625,1294.645,512614.55,"Apartment,Office",57.81245722108145,0,1,318.07898111065197
C0957,Company,Crestwood,Co,,M,Usa,Oregon,Home,2,Yes,Client,4.0,1295242.02,323810.505,1072.5575,438504.35,Apartment,53.36755646817248,0,1,301.9050307326181
C0958,Individual,Betty,Rogers,1991-07-11,F,Usa,Nevada,Home,1,Yes,Website,4.0,936091.4500000001,234022.86250000002,834.6575,319340.28,Apartment,32.47638603696099,0,1,280.3819081479529
C0959,Individual,Carl,Hayes,,M,Usa,California,Home,3,No,Agency,4.0,1840159.66,460039.915,1572.79,590672.73,Apartment,53.36755646817248,0,0,292.4992624571621
C0960,Individual,Linda,Bennett,1960-04-01,F,Usa,Arizona,Investment,1,Yes,Client,4.0,1380084.58,345021.145,1148.2475,499350.81,"Apartment,Office",63.75085557837098,1,1,300.47628668906316
C0961,Individual,Brandon,Morales,1974-08-03,M,Uk,Wales,Home,2,Yes,Website,4.0,1681311.67,420327.9175,1271.345,693731.35,Apartment,49.412731006160165,0,1,330.616722840771
C0962,Individual,Nicholas,Hansen,,M,Usa,California,Home,4,No,Website,4.0,1335726.82,333931.705,1114.2125,523288.27,Apartment,53.36755646817248,0,0,299.7019913167371
C0963,Individual,James,Davis,1941-08-09,M,Canada,Alberta,Home,4,No,Agency,3.0,598874.99,199624.99666666667,678.9699999999999,222973.92,"Apartment,Office",82.39561943874058,0,0,294.01151253614546
C0964,Individual,Elizabeth,Hall,,F,Usa,California,Home,4,No,Website,3.0,1015121.6900000001,338373.89666666667,1168.3833333333334,485910.88,Apartment,53.36755646817248,0,0,289.60863015848105
C0965,Individual,Lauren,Adams,,F,Usa,New York,Investment,3,No,Website,3.0,840199.6100000001,280066.5366666667,862.1066666666666,359492.59,"Apartment,Office",53.36755646817248,1,0,324.86297519255163
C0966,Company,Corvus,Co,1995-10-11,M,Usa,California,Investment,3,No,Website,4.0,1606785.0499999998,401696.26249999995,1510.34,470809.32,"Apartment,Office",28.22450376454483,1,0,265.96412893785504
C0967,Individual,Jennifer,Moore,,F,Usa,California,Home,2,No,Agency,3.0,705599.66,235199.8866666667,879.3433333333332,283671.4,"Apartment,Office",53.36755646817248,0,0,267.47218947472174
C0968,Individual,Julie,Hansen,,F,Usa,Arizona,Home,4,No,Website,3.0,1089074.71,363024.9033333333,1168.3833333333334,514916.07,"Apartment,Office",53.36755646817248,0,0,310.70701967105543
C0969,Individual,Amber,Ward,,F,Russia,Tatarstan,Investment,1,Yes,Agency,3.0,1118760.19,372920.0633333333,1186.4366666666667,635034.32,"Apartment,Office",53.36755646817248,1,1,314.3194017941679
C0970,Individual,Peter,Johnson,1986-12-01,M,Denmark,North Denmark,Home,3,Yes,Website,4.0,1596404.25,399101.0625,1313.38,594737.23,"Apartment,Office",37.08418891170431,0,1,303.87326021410405
C0971,Individual,Cynthia,Mitchell,1969-06-02,F,Usa,Colorado,Investment,5,Yes,Website,4.0,1278450.05,319612.5125,1011.23,539007.54,Apartment,54.58179329226557,1,1,316.063123621728
C0972,Individual,Sandra,Evans,,F,Usa,Arizona,Home,5,No,Agency,4.0,1298009.03,324502.2575,1072.985,578906.36,Apartment,53.36755646817248,0,0,302.4294444936323
C0973,Individual,Charles,Stone,1992-12-03,M,Usa,California,Investment,2,No,Client,4.0,1595817.1600000001,398954.29000000004,1210.7375000000002,617314.75,"Apartment,Office",31.077344284736483,1,0,329.51344944713446
C0974,Individual,Michael,Hansen,,M,Usa,New York,Home,1,No,Agency,4.0,1210990.11,302747.5275,1008.395,589033.68,Apartment,53.36755646817248,0,0,300.2271208207102
C0975,Individual,Gregory,Reyes,1946-07-09,M,Usa,Utah,Home,4,No,Website,3.0,941310.61,313770.2033333333,1050.08,387772.79,Apartment,77.48117727583846,0,0,298.8059989080197
C0976,Individual,Ryan,Miller,,M,Usa,California,Home,4,Yes,Website,4.0,1206149.98,301537.495,947.7475000000001,437270.83,"Apartment,Office",53.36755646817248,0,1,318.162268958768
C0977,Individual,Ryan,James,1996-04-07,M,Usa,California,Home,1,No,Agency,3.0,944672.95,314890.98333333334,1092.5066666666667,465826.16,Apartment,27.734428473648187,0,0,288.2279742000049
C0978,Individual,Lauren,Brown,1963-11-11,F,Usa,California,Home,4,Yes,Website,3.0,1449360.9100000001,483120.3033333334,1526.9566666666667,511639.2,Apartment,60.139630390143736,0,1,316.3942460711612
C0979,Individual,Madison,Roberts,,F,Canada,Quebec,Investment,4,No,Website,3.0,864661.4500000001,288220.48333333334,939.3299999999999,387129.95,Apartment,53.36755646817248,1,0,306.836237885869
C0980,Individual,Daniel,Davis,,M,Usa,New York,Investment,1,Yes,Website,3.0,1156326.6400000001,385442.2133333334,1392.5566666666666,459833.04,"Apartment,Office",53.36755646817248,1,1,276.787453293343
C0981,Individual,Jessica,Stewart,,F,Usa,California,Investment,1,No,Website,4.0,2048324.19,512081.0475,1555.2975000000001,529558.26,"Apartment,Office",53.36755646817248,1,0,329.2495792605594
C0982,Individual,Joyce,Jackson,1961-07-08,F,Canada,Manitoba,Investment,5,Yes,Agency,3.0,1443503.73,481167.91,1456.36,567471.58,Apartment,62.483230663928815,1,1,330.3907756323986
C0983,Individual,Brittany,Freeman,,F,Germany,North Rhine-Westphalia,Home,4,No,Website,3.0,803219.7,267739.89999999997,899.62,354787.43,Apartment,53.36755646817248,0,0,297.61443720682064
C0984,Individual,Mark,Johnson,1962-12-03,M,Canada,British Columbia,Home,5,Yes,Agency,3.0,1206529.21,402176.4033333333,1337.1733333333334,508281.75,"Apartment,Office",61.07871321013005,0,1,300.7660961431078
C0985,Individual,Ruth,Griffin,,F,Usa,California,Home,1,Yes,Website,3.0,886990.72,295663.5733333333,934.4333333333334,460231.54,"Apartment,Office",53.36755646817248,0,1,316.40948881675166
C0986,Individual,Jacqueline,Ward,,F,Russia,Saint Petersburg,Home,2,No,Website,3.0,1445226.07,481742.0233333334,1510.3766666666668,667262.77,"Apartment,Office",53.36755646817248,0,0,318.95488983984126
C0987,Individual,Maria,Johnson,,F,Germany,North Rhine-Westphalia,Home,1,Yes,Agency,4.0,1086018.36,271504.59,984.12,443461.13,"Apartment,Office",53.36755646817248,0,1,275.8856541885136
C0988,Individual,Douglas,Cooper,,M,Usa,Texas,Home,3,Yes,Agency,3.0,695033.8,231677.93333333335,724.0866666666667,306320.78,Apartment,53.36755646817248,0,1,319.9588447055141
C0989,Individual,Amber,Cook,,F,Usa,Oregon,Home,4,No,Website,4.0,1129907.31,282476.8275,1035.1925,498692.85,"Apartment,Office",53.36755646817248,0,0,272.8737191391939
C0990,Individual,Carl,Carter,,M,Usa,Utah,Home,4,No,Website,4.0,1588383.3599999999,397095.83999999997,1321.76,495705.73,Apartment,53.36755646817248,0,0,300.42960900617356
C0991,Individual,Heather,Adams,,F,Usa,Nevada,Home,1,No,Website,3.0,1223116.15,407705.3833333333,1464.8466666666666,500394.39,Apartment,53.36755646817248,0,0,278.32632084359227
C0992,Individual,Scott,Hughes,,M,Denmark,Capital Region,Home,1,Yes,Website,4.0,1478482.61,369620.6525,1205.465,484664.3,Apartment,53.36755646817248,0,1,306.6208081528705
C0993,Individual,Ryan,Campbell,1954-03-11,M,Usa,California,Home,2,Yes,Website,3.0,530494.44,176831.47999999998,610.62,217783.6,Apartment,69.80971937029432,0,1,289.5933313681176
C0994,Individual,Michael,Moore,,M,Usa,California,Home,3,No,Website,4.0,1379902.8699999999,344975.71749999997,1187.8925000000002,578315.7,Apartment,53.36755646817248,0,0,290.40987926096
C0995,Individual,Amanda,Kim,,F,Australia,New South Wales,Home,1,Yes,Website,3.0,1004120.77,334706.92333333334,1037.11,570222.0,"Apartment,Office",53.36755646817248,0,1,322.73039825412286
C0996,Individual,Terry,Howard,1956-06-11,M,Canada,Manitoba,Home,2,Yes,Client,3.0,888968.0,296322.6666666667,941.2099999999999,463182.68,"Apartment,Office",67.5564681724846,0,1,314.83161745696145
C0997,Individual,Terry,Collins,1950-03-11,M,Usa,California,Investment,3,Yes,Agency,3.0,1607877.07,535959.0233333333,1654.4733333333334,578538.26,"Apartment,Office",73.80971937029432,1,1,323.94539853568705
C0998,Company,Grandis,Co,1969-05-06,F,Usa,Virginia,Home,4,No,Agency,4.0,1230552.15,307638.0375,1053.27,503618.69,"Apartment,Office",54.65571526351814,0,0,292.0789897177362
C0999,Individual,Jacqueline,Cox,,F,Usa,California,Investment,3,No,Agency,3.0,661984.35,220661.44999999998,753.3133333333334,322054.98,Apartment,53.36755646817248,1,0,292.9212058727222
C1000,Individual,Judith,Parker,,F,Usa,Utah,Home,2,Yes,Website,4.0,1629372.23,407343.0575,1316.6550000000002,574257.04,Apartment,53.36755646817248,0,1,309.3772153677311
C1001,Individual,Aaron,Nelson,,M,Usa,California,Home,3,No,Website,4.0,1650296.94,412574.235,1326.3725,574884.08,Apartment,53.36755646817248,0,0,311.0545755434465
C1002,Individual,Scott,Hughes,1967-06-08,M,Usa,California,Home,5,No,Website,3.0,1064050.72,354683.5733333333,1052.0866666666668,570302.17,"Apartment,Office",56.56673511293634,0,0,337.12391247869306
C1003,Individual,Lauren,Bennett,1977-08-11,F,Usa,Nevada,Home,2,No,Website,3.0,1164909.23,388303.07666666666,1303.7766666666666,522271.82,"Apartment,Office",46.390143737166326,0,0,297.82944164772596
C1004,Individual,Alexander,Anderson,,M,Usa,Oregon,Home,3,Yes,Website,4.0,1553467.6600000001,388366.91500000004,1254.045,554713.49,Apartment,53.36755646817248,0,1,309.6913707243361
C1005,Individual,Barbara,Chavez,1988-06-07,F,Germany,Hamburg,Home,3,No,Client,3.0,778101.6000000001,259367.20000000004,993.0033333333334,325562.57,"Apartment,Office",35.56741957563313,0,0,261.1946921964008
C1006,Individual,Stephanie,Weaver,,F,Usa,Georgia,Home,1,No,Website,3.0,738938.8,246312.93333333335,828.39,317877.17,Apartment,53.36755646817248,0,0,297.33933694676824
C1007,Individual,Joyce,Brooks,,F,Uk,England,Home,4,No,Agency,3.0,813104.68,271034.89333333337,847.0366666666667,334696.9,"Apartment,Office",53.36755646817248,0,0,319.98011892440707
C1008,Company,Sterling,Co,1987-10-02,M,Usa,California,Home,2,No,Website,4.0,1018262.69,254565.6725,849.79,361077.2,Apartment,36.24914442162902,0,0,299.5630361618753
C1009,Individual,Evelyn,Bell,1950-02-11,F,Usa,Nevada,Investment,4,Yes,Agency,3.0,741160.04,247053.34666666668,971.1899999999999,306507.89,Apartment,73.88637919233402,1,1,254.38209481838436
C1010,Individual,Dennis,Moore,1964-03-10,M,Mexico,Jalisco,Home,4,No,Website,4.0,1331479.73,332869.9325,1077.195,510151.14,"Apartment,Office",59.81108829568789,0,0,309.01548234070896
C1011,Individual,Virginia,Brooks,,F,Usa,California,Investment,1,No,Website,4.0,1281389.3900000001,320347.34750000003,1075.505,476326.35,Apartment,53.36755646817248,1,0,297.85760875123776
C1012,Individual,Raymond,Morales,,M,Usa,New York,Home,4,Yes,Website,3.0,1690270.5,563423.5,1736.0333333333335,599421.75,"Apartment,Office",53.36755646817248,0,1,324.5464756821105
C1013,Individual,Stephanie,Patterson,,F,Usa,Oregon,Home,1,Yes,Website,4.0,1627907.97,406976.9925,1298.145,488639.08,"Apartment,Office",53.36755646817248,0,1,313.5065747663011
C1014,Individual,David,Weaver,1969-01-06,M,Usa,California,Home,3,Yes,Website,3.0,1278106.36,426035.45333333337,1523.6933333333334,495367.08,Apartment,54.98425735797399,0,1,279.6070862903297
C1015,Individual,Kyle,Davis,1977-09-01,M,Usa,California,Home,4,Yes,Website,3.0,884426.51,294808.83666666667,973.09,471331.07,Apartment,46.332648870636554,0,1,302.9615314787601
C1016,Individual,Andrea,Wilson,1976-04-05,F,Usa,California,Home,4,Yes,Agency,4.0,1542774.6099999999,385693.65249999997,1214.5625,536215.12,"Apartment,Office",47.73990417522245,0,1,317.55768229300674
C1017,Individual,Megan,Baker,,F,Usa,California,Home,1,Yes,Agency,4.0,1116371.43,279092.8575,928.745,457871.48,"Apartment,Office",53.36755646817248,0,1,300.5053674582366
C1018,Individual,Tiffany,Turner,,F,Usa,Colorado,Home,5,Yes,Client,3.0,845680.5700000001,281893.5233333334,1033.4833333333333,347722.15,Apartment,53.36755646817248,0,1,272.7605895918335
C1019,Individual,Carolyn,Stewart,,F,Usa,Nevada,Home,2,No,Client,3.0,1167255.18,389085.06,1325.0800000000002,486688.21,Apartment,53.36755646817248,0,0,293.6313732001086
C1020,Individual,Deborah,Morales,,F,Usa,California,Home,3,No,Agency,4.0,1248826.8599999999,312206.71499999997,994.0725,515392.69,"Apartment,Office",53.36755646817248,0,0,314.0683551753016
C1021,Individual,Jeffrey,Bryant,1974-09-04,M,Usa,California,Investment,1,No,Client,4.0,1554739.9,388684.975,1340.7775000000001,505490.44,"Apartment,Office",49.32511978097194,1,0,289.8952100553596
C1022,Individual,Christina,King,,F,Usa,Colorado,Home,1,No,Agency,4.0,1389709.13,347427.2825,1122.0925,623455.64,"Apartment,Office",53.36755646817248,0,0,309.6244583222863
C1023,Individual,Heather,Bell,,F,Usa,Nevada,Home,1,Yes,Website,3.0,1336237.87,445412.62333333335,1599.3433333333332,549773.4,Apartment,53.36755646817248,0,1,278.4971894715123
C1024,Individual,Gregory,Long,1969-08-03,M,Usa,Arizona,Investment,2,No,Agency,3.0,1351032.92,450344.30666666664,1510.3766666666668,598612.25,Apartment,54.41204654346338,1,0,298.16688552303725
C1025,Individual,Michelle,King,,F,Usa,California,Home,1,No,Client,3.0,738424.1799999999,246141.3933333333,735.3566666666667,276688.99,"Apartment,Office",53.36755646817248,0,0,334.72382109361894
C1026,Individual,Robert,Parker,1991-08-12,M,Usa,California,Investment,1,No,Agency,3.0,1440775.1,480258.3666666667,1452.2633333333333,582011.89,Apartment,32.388774811772755,1,0,330.69647607527565
C1027,Individual,Gerald,White,1976-12-10,M,Usa,California,Investment,1,Yes,Client,3.0,1554407.81,518135.9366666667,1649.26,532123.09,"Apartment,Office",47.058179329226554,1,1,314.16267699857315
C1028,Individual,Nicholas,Cox,1942-04-07,M,Usa,California,Home,1,Yes,Website,4.0,1143826.71,285956.6775,984.12,479050.0,Apartment,81.73579739904176,0,1,290.5709440921839
C1029,Individual,Ryan,Jackson,1949-11-06,M,Australia,Victoria,Home,1,No,Agency,3.0,946560.97,315520.3233333333,1049.3799999999999,409647.06,Apartment,74.15195071868582,0,0,300.6730863303411
C1030,Individual,Christine,Owens,,F,Usa,Ohio,Home,4,No,Website,4.0,1353543.06,338385.765,1070.475,406491.67,Apartment,53.36755646817248,0,0,316.10805016464656
C1031,Individual,Alexander,Reed,,M,Uk,England,Home,1,No,Website,3.0,1011333.2,337111.06666666665,1088.5866666666668,394120.88,"Apartment,Office",53.36755646817248,0,0,309.6777472931262
C1032,Individual,Larry,Freeman,1977-01-03,M,Usa,Nevada,Home,5,No,Website,4.0,1494289.73,373572.4325,1086.2275,566395.41,Apartment,46.992470910335385,0,0,343.9173032352799
C1033,Individual,Eric,Jackson,,M,France,Ile-De-France,Home,2,No,Website,4.0,1496120.51,374030.1275,1313.38,507541.5,"Apartment,Office",53.36755646817248,0,0,284.7843940824437
C1034,Individual,Andrea,Wilson,,F,Usa,Colorado,Home,5,No,Client,4.0,1200049.6,300012.4,970.375,429156.03,"Apartment,Office",53.36755646817248,0,0,309.1716089140796
C1035,Individual,Jacob,Williams,1961-02-10,M,Usa,Virginia,Home,2,No,Website,4.0,1528550.1300000001,382137.53250000003,1227.17,550601.55,"Apartment,Office",62.888432580424364,0,0,311.39738789246803
C1036,Individual,Martha,Collins,,F,Usa,Oregon,Home,2,No,Agency,3.0,1176436.08,392145.36000000004,1350.4933333333333,443662.17,Apartment,53.36755646817248,0,0,290.3719332194655
C1037,Company,Corvus,Co,1970-01-02,M,Mexico,Baja California,Home,2,Yes,Website,3.0,1115637.13,371879.0433333333,1190.3133333333333,499833.64,"Apartment,Office",53.9958932238193,0,1,312.4211356113516
C1038,Individual,Gerald,Gray,,M,Usa,California,Investment,3,No,Website,3.0,907128.2000000001,302376.0666666667,939.3299999999999,419687.28,Apartment,53.36755646817248,1,0,321.90611038364233
C1039,Individual,Nicholas,Carter,,M,Usa,California,Home,1,Yes,Agency,4.0,1428452.94,357113.235,1210.7375000000002,585383.34,Apartment,53.36755646817248,0,1,294.9551285889798
C1040,Individual,Joseph,Young,1940-04-05,M,Usa,California,Investment,5,Yes,Website,3.0,901095.79,300365.26333333337,992.2199999999999,332452.89,Apartment,83.73990417522245,1,1,302.72042826523693
C1041,Individual,Evelyn,Morris,1990-12-07,F,Usa,Nevada,Home,5,Yes,Website,3.0,1150040.79,383346.93,1303.7766666666666,402848.9,Apartment,33.06776180698152,0,1,294.0280646225197
C1042,Individual,Rebecca,Parker,1945-08-03,F,Usa,Nevada,Home,2,No,Agency,4.0,1325783.46,331445.865,1122.0925,530985.4,Apartment,78.41204654346338,0,0,295.3819448931349
C1043,Individual,Carol,Griffin,,F,Usa,Washington,Home,5,No,Website,3.0,1067911.8599999999,355970.61999999994,1357.1933333333334,426620.64,Apartment,53.36755646817248,0,0,262.2843859140677
C1044,Individual,Eric,Howard,,M,Usa,Nevada,Investment,5,No,Website,4.0,1368036.3900000001,342009.09750000003,1145.535,443365.72,Apartment,53.36755646817248,1,0,298.55840065995363
C1045,Individual,Rebecca,Allen,1942-04-01,F,Usa,New York,Home,3,No,Website,3.0,974840.03,324946.6766666667,1060.1133333333335,425602.22,"Apartment,Office",81.75222450376455,0,0,306.5206959004383
C1046,Individual,Maria,Wood,,F,Canada,Quebec,Home,4,Yes,Website,4.0,1301128.39,325282.0975,1049.6999999999998,517811.18,Apartment,53.36755646817248,0,1,309.8810112413071
C1047,Individual,Ronald,Reyes,1984-12-12,M,Usa,Virginia,Home,3,No,Website,3.0,1333737.83,444579.2766666667,1454.5733333333335,547111.08,Apartment,39.05270362765229,0,0,305.6423945624375
C1048,Individual,Angela,Turner,,F,Usa,Oregon,Investment,1,No,Agency,3.0,1349339.41,449779.8033333333,1439.256666666667,583294.59,"Apartment,Office",53.36755646817248,1,0,312.5084036435474
C1049,Individual,Tiffany,Sanders,1940-11-05,F,Usa,California,Investment,5,No,Website,3.0,1214294.1600000001,404764.72000000003,1451.5366666666669,500013.28,Apartment,83.15400410677618,1,0,278.8525631457237
C1050,Individual,Tyler,Watson,1955-10-03,M,Usa,Georgia,Home,4,Yes,Website,4.0,1274655.09,318663.7725,1192.72,446439.12,Apartment,68.24640657084188,0,1,267.1739993460326
C1051,Individual,Cheryl,Hansen,,F,Usa,Virginia,Home,1,Yes,Agency,3.0,894972.26,298324.08666666667,1016.7433333333333,543773.78,"Apartment,Office",53.36755646817248,0,1,293.4114017631457
C1052,Individual,Kimberly,Parker,,F,Usa,Utah,Home,1,Yes,Agency,4.0,1008000.54,252000.135,836.9425,296702.8,Apartment,53.36755646817248,0,1,301.09611472711686
C1053,Individual,Adam,Kim,1974-11-10,M,Mexico,Nuevo Leon,Home,2,Yes,Website,3.0,1280976.9,426992.3,1336.61,630342.5,Apartment,49.14168377823409,0,1,319.45915412872864
C1054,Individual,Edward,Foster,1989-09-04,M,Usa,Arizona,Home,2,Yes,Website,3.0,837920.5800000001,279306.86000000004,879.3433333333332,317911.69,"Apartment,Office",34.32443531827516,0,1,317.6311793269979
C1055,Individual,Jonathan,Bennett,,M,Usa,New York,Investment,2,Yes,Website,3.0,811498.78,270499.5933333333,926.3966666666666,373299.4,"Apartment,Office",53.36755646817248,1,1,291.99111251839565
C1056,Individual,Larry,Wilson,,M,Usa,Colorado,Home,1,Yes,Website,3.0,1436352.77,478784.25666666665,1754.9366666666667,499350.78,"Apartment,Office",53.36755646817248,0,1,272.8213876664115
C1057,Individual,Jesse,Garcia,,M,Usa,Nevada,Investment,5,No,Website,4.0,1430593.53,357648.3825,1301.4,521044.57,Apartment,53.36755646817248,1,0,274.8181823420931
C1058,Individual,Rachel,Weaver,1973-06-12,F,Germany,Bavaria,Home,3,Yes,Website,4.0,1526007.8199999998,381501.95499999996,1190.4075,532913.83,"Apartment,Office",50.554414784394254,0,1,320.4801339037262
C1059,Individual,Danielle,Davis,,F,Usa,California,Home,4,No,Website,3.0,1266979.76,422326.58666666667,1422.97,580992.98,"Apartment,Office",53.36755646817248,0,0,296.7923334059514
C1060,Individual,Christian,Evans,,M,Usa,Nevada,Home,5,No,Agency,3.0,1167625.18,389208.3933333333,1321.5033333333333,557611.23,Apartment,53.36755646817248,0,0,294.51941854100505
C1061,Individual,Stephanie,Smith,1960-06-01,F,Uk,Scotland,Home,1,No,Website,4.0,1689767.29,422441.8225,1422.9925,575615.86,Apartment,63.58384668035592,0,0,296.8686219358148
C1062,Individual,Billy,Foster,,M,Usa,California,Home,4,No,Agency,4.0,1766882.53,441720.6325,1406.6075,704808.48,Apartment,53.36755646817248,0,0,314.03261570836213
C1063,Individual,Nicole,Weaver,1988-12-05,F,Usa,New York,Investment,5,Yes,Website,3.0,1315820.94,438606.98,1354.2933333333333,496232.48,"Apartment,Office",35.07186858316222,1,1,323.86409148190444
C1064,Individual,Brandon,Pierce,1945-08-06,M,Usa,California,Home,5,Yes,Website,3.0,695434.77,231811.59,883.7466666666668,348131.23,"Apartment,Office",78.40383299110198,0,1,262.30547592824485
C1065,Individual,Mark,Reyes,1955-01-06,M,Usa,Georgia,Home,3,Yes,Client,3.0,1107631.34,369210.4466666667,1263.5766666666666,450186.35,Apartment,68.98562628336755,0,1,292.194732940621
C1066,Individual,Ashley,Moore,,F,Australia,Victoria,Home,1,No,Website,4.0,1208868.77,302217.1925,990.9875000000001,538035.23,"Apartment,Office",53.36755646817248,0,0,304.9656958337012
C1067,Individual,Samuel,Howard,,M,Mexico,Jalisco,Investment,4,No,Agency,3.0,849001.36,283000.4533333333,904.0466666666667,324856.86,"Apartment,Office",53.36755646817248,1,0,313.03743907025444
C1068,Individual,Kathleen,Carter,1984-02-10,F,Usa,California,Home,3,No,Agency,3.0,1403831.31,467943.77,1609.0333333333335,524955.14,"Apartment,Office",39.89048596851472,0,0,290.8229185225083
C1069,Individual,Lawrence,Cox,,M,Usa,Virginia,Home,3,Yes,Agency,3.0,1323760.8399999999,441253.6133333333,1413.0600000000002,580190.12,Apartment,53.36755646817248,0,1,312.2681367622983
C1070,Individual,Virginia,Rogers,,F,Germany,Bavaria,Home,5,No,Agency,3.0,1286265.1400000001,428755.0466666667,1471.8999999999999,453127.52,Apartment,53.36755646817248,0,0,291.2935978440565
C1071,Individual,Aaron,Johnson,1966-08-11,M,Usa,Texas,Home,2,No,Agency,4.0,1047375.62,261843.905,874.6275,393101.99,"Apartment,Office",57.39082819986311,0,0,299.37762647527086
C1072,Individual,Kimberly,Jones,1962-06-10,F,Usa,Utah,Home,3,No,Agency,3.0,829884.93,276628.31,979.0866666666667,335251.84,Apartment,61.5605749486653,0,0,282.5371026058299
C1073,Individual,Carl,Collins,1955-07-02,M,Usa,California,Investment,2,No,Website,4.0,1197808.83,299452.2075,952.0525,333845.6,Apartment,68.50102669404518,1,0,314.5332925442662
C1074,Individual,George,Foster,1954-07-10,M,Uk,Northern Ireland,Home,1,No,Website,3.0,1004700.45,334900.14999999997,1092.5400000000002,467335.84,"Apartment,Office",69.47843942505133,0,0,306.5335365295549
C1075,Individual,Carolyn,Watson,,F,Mexico,Baja California,Home,3,No,Website,4.0,1178400.08,294600.02,984.9525,445987.2,"Apartment,Office",53.36755646817248,0,0,299.10073836047934
C1076,Individual,Betty,Thompson,,F,Usa,Florida,Investment,3,No,Agency,3.0,884169.44,294723.14666666667,976.8166666666666,445754.21,Apartment,53.36755646817248,1,0,301.7179750550257
C1077,Individual,Peter,Griffin,1982-03-07,M,Usa,Texas,Investment,2,No,Agency,4.0,1467449.24,366862.31,1245.935,537661.98,"Apartment,Office",41.82067077344285,1,0,294.44739091525645
C1078,Individual,Joshua,Howard,,M,Usa,Ohio,Home,1,No,Agency,3.0,1247337.58,415779.19333333336,1303.7766666666666,491669.54,Apartment,53.36755646817248,0,0,318.90369260584
C1079,Individual,Steven,Hayes,,M,Usa,California,Investment,4,Yes,Website,3.0,1151228.31,383742.77,1336.61,557229.76,Apartment,53.36755646817248,1,1,287.10152550108114
C1080,Individual,Hannah,Stewart,1956-10-06,F,Uk,England,Investment,4,No,Agency,4.0,1594795.52,398698.88,1425.28,482594.96,Apartment,67.23613963039014,1,0,279.73372249663225
C1081,Company,Meridian,Co,1974-09-08,M,Russia,Novosibirsk,Home,4,Yes,Agency,3.0,1006584.7,335528.23333333334,1203.39,455284.06,Apartment,49.31416837782341,0,1,278.8191968799253
C1082,Individual,Patricia,Martin,1993-02-04,F,Usa,Oregon,Investment,5,Yes,Website,3.0,829499.85,276499.95,953.1133333333333,388642.3,Apartment,30.90485968514716,1,1,290.10185917029804
C1083,Individual,Pamela,Jackson,1950-10-06,F,Usa,Colorado,Investment,4,No,Agency,4.0,1145122.1,286280.525,939.4875,413563.21,"Apartment,Office",73.2375085557837,1,0,304.7198871725276
C1084,Individual,Sarah,Hansen,,F,France,Ile-De-France,Home,4,No,Agency,4.0,1357921.15,339480.2875,1136.6925,498074.48,"Apartment,Office",53.36755646817248,0,0,298.65622188938517
C1085,Individual,Sarah,Flores,,F,Australia,Queensland,Investment,1,No,Client,3.0,797675.03,265891.6766666667,994.8266666666667,291083.4,Apartment,53.36755646817248,1,0,267.27437610572025
C1086,Individual,Timothy,Montgomery,1956-03-01,M,Usa,Colorado,Home,1,Yes,Website,4.0,1339827.27,334956.8175,1030.21,464470.15,"Apartment,Office",67.83572895277207,0,1,325.1345041302259
C1087,Individual,Matthew,Owens,1984-01-03,M,Usa,Colorado,Home,3,No,Website,4.0,1878433.21,469608.3025,1575.1075,602057.55,Apartment,39.99452429842574,0,0,298.143652099936
C1088,Individual,Nicholas,Stewart,,M,Usa,Utah,Home,4,Yes,Agency,3.0,802271.19,267423.73,883.7466666666666,460665.54,Apartment,53.36755646817248,0,1,302.60225026779926
C1089,Individual,Madison,Ward,,F,Usa,Utah,Home,1,Yes,Website,4.0,959344.08,239836.02,828.375,273895.07,"Apartment,Office",53.36755646817248,0,1,289.5259031235853
C1090,Individual,Laura,Moore,1962-09-07,F,Canada,Alberta,Home,3,Yes,Client,3.0,1217272.58,405757.5266666667,1396.0966666666666,495437.61,"Apartment,Office",61.31690622861054,0,1,290.63712875660474
C1091,Individual,Arthur,Phillips,,M,Usa,Nevada,Home,1,Yes,Agency,3.0,741797.49,247265.83,853.6566666666668,356627.2,Apartment,53.36755646817248,0,1,289.6548924821454
C1092,Individual,Terry,Adams,,M,Usa,Oregon,Investment,2,No,Website,3.0,1213248.05,404416.01666666666,1452.2633333333333,492551.34,Apartment,53.36755646817248,1,0,278.47292387285137
C1093,Individual,Adam,Allen,,M,Usa,Oregon,Home,1,Yes,Website,3.0,805402.8300000001,268467.61000000004,900.46,334313.56,"Apartment,Office",53.36755646817248,0,1,298.14495924305356
C1094,Individual,Sarah,Cook,1960-02-12,F,Usa,Washington,Home,2,Yes,Website,4.0,1631407.56,407851.89,1273.5475000000001,606086.6,"Apartment,Office",63.885010266940455,0,1,320.2486675997558
C1095,Individual,Cynthia,Howard,,F,Usa,California,Home,3,No,Agency,4.0,1454366.24,363591.56,1264.0125,566261.62,Apartment,53.36755646817248,0,0,287.64870600567633
C1096,Individual,Grace,Edwards,,F,Usa,New York,Home,2,No,Client,4.0,1756661.91,439165.4775,1339.695,561232.25,Apartment,53.36755646817248,0,0,327.81004445041594
C1097,Individual,Teresa,Pierce,,F,Canada,Alberta,Home,3,Yes,Agency,3.0,1064342.81,354780.9366666667,1162.6166666666666,453949.46,Apartment,53.36755646817248,0,1,305.1572774058518
C1098,Individual,Paul,Young,,M,Usa,California,Investment,3,No,Client,3.0,1187774.23,395924.74333333335,1290.0866666666668,443496.6,"Apartment,Office",53.36755646817248,1,0,306.89778722876497
C1099,Individual,Joan,Scott,,F,Usa,Colorado,Home,3,No,Agency,4.0,1426501.12,356625.28,1153.0825,444521.07,"Apartment,Office",53.36755646817248,0,0,309.279934436608
C1100,Individual,Frank,Thomas,,M,Russia,Novosibirsk,Home,1,No,Website,4.0,1314225.5899999999,328556.39749999996,1042.1725000000001,548635.7,Apartment,53.36755646817248,0,0,315.26105083371505
C1101,Individual,Matthew,King,1964-01-03,M,Belgium,Flanders,Home,5,No,Website,4.0,1037914.4299999999,259478.60749999998,868.5725,325612.79,Apartment,59.99452429842574,0,0,298.74144933209374
C1102,Company,Harmon,Co,1960-05-06,M,Germany,Berlin,Home,2,No,Agency,4.0,1248456.03,312114.0075,993.0625,516162.59,Apartment,63.65503080082136,0,0,314.29442507395055
C1103,Individual,Jose,Johnson,,M,Belgium,Wallonia,Home,4,No,Agency,4.0,1206840.81,301710.2025,997.415,496697.45,"Apartment,Office",53.36755646817248,0,0,302.4921446940341
C1104,Individual,Christian,Weaver,,M,Usa,Utah,Investment,5,Yes,Website,3.0,893996.19,297998.73,1025.0133333333333,381470.55,Apartment,53.36755646817248,1,1,290.72668648212704
C1105,Individual,Roger,Ward,,M,Usa,Nevada,Home,3,Yes,Website,4.0,1623510.31,405877.5775,1365.9450000000002,550595.85,Apartment,53.36755646817248,0,1,297.1404979702696
C1106,Individual,Sean,Martin,,M,Usa,California,Home,1,No,Agency,3.0,773499.85,257833.28333333333,842.68,329442.1,Apartment,53.36755646817248,0,0,305.96820066138196
C1107,Individual,Frank,Hayes,,M,Canada,British Columbia,Home,1,No,Website,3.0,1156527.59,385509.1966666667,1268.0466666666669,540584.92,Apartment,53.36755646817248,0,0,304.01814601986257
C1108,Individual,Helen,Ward,1994-01-12,F,Australia,South Australia,Home,4,No,Website,3.0,1069904.1,356634.7,1238.36,516476.18,Apartment,29.968514715947983,0,0,287.989518395297
C1109,Individual,Rebecca,Anderson,1967-09-05,F,Usa,California,Home,1,Yes,Client,4.0,1756965.37,439241.3425,1458.93,531593.91,"Apartment,Office",56.323066392881586,0,1,301.0708824275325
C1110,Individual,Harold,Watson,1977-05-12,M,Usa,New York,Home,5,Yes,Website,4.0,1445458.33,361364.5825,1152.9099999999999,441268.43,"Apartment,Office",46.639288158795345,0,1,313.43694000398995
C1111,Company,Corvus,Co,,M,Usa,California,Home,4,Yes,Website,3.0,885146.14,295048.7133333333,897.3100000000001,435943.19,Apartment,53.36755646817248,0,1,328.81469428997036
C1112,Individual,Donald,Green,1982-01-05,M,Usa,Nevada,Investment,3,Yes,Website,3.0,961599.4199999999,320533.13999999996,975.9433333333333,388182.22,"Apartment,Office",41.987679671457904,1,1,328.4341713829013
C1113,Individual,Brenda,Martin,,F,Usa,Texas,Investment,2,No,Client,4.0,1162770.88,290692.72,942.0350000000001,523652.47,"Apartment,Office",53.36755646817248,1,0,308.57953260759945
C1114,Individual,Cheryl,Wood,1992-02-04,F,Usa,California,Home,3,No,Website,3.0,872825.73,290941.91,1072.7266666666667,367529.08,Apartment,31.906913073237508,0,0,271.2171879758124
C1115,Individual,Joseph,Bell,,M,Usa,Colorado,Home,3,Yes,Agency,3.0,1054599.19,351533.0633333333,1108.9966666666667,472546.53,Apartment,53.36755646817248,0,1,316.9829756025717
C1116,Individual,Angela,Freeman,,F,Usa,California,Home,1,Yes,Agency,3.0,766951.9500000001,255650.65000000002,879.3433333333332,294707.51,"Apartment,Office",53.36755646817248,0,1,290.72904781219324
C1117,Individual,Rebecca,Patterson,,F,Mexico,Mexico City,Home,5,Yes,Website,4.0,1149629.49,287407.3725,1047.99,410756.82,"Apartment,Office",53.36755646817248,0,1,274.24629290355824
C1118,Company,Caldera,Co,,M,Uk,Scotland,Investment,2,Yes,Website,3.0,859368.99,286456.33,983.3166666666666,401356.84,Apartment,53.36755646817248,1,1,291.3164596010102
C1119,Individual,Larry,Green,,M,Usa,Oregon,Home,1,Yes,Website,3.0,938703.6599999999,312901.22,949.9033333333333,394144.56,Apartment,53.36755646817248,0,1,329.40322348589854
C1120,Individual,Kathleen,Carter,,F,Usa,Arizona,Home,1,No,Website,4.0,1371211.29,342802.8225,1123.6174999999998,436572.8,Apartment,53.36755646817248,0,0,305.08853991683117
C1121,Individual,Carolyn,Gray,1985-06-02,F,Usa,California,Home,1,No,Client,3.0,1014661.78,338220.5933333333,1124.5,568008.79,"Apartment,Office",38.58179329226557,0,0,300.77420483177707
C1122,Individual,Judith,Evans,1942-10-04,F,Usa,California,Home,4,No,Website,4.0,1558949.2,389737.3,1208.8775,625903.82,Apartment,81.24298425735797,0,0,322.39602441107553
C1123,Individual,Robert,Pierce,1951-03-11,M,Usa,Virginia,Home,5,No,Agency,3.0,1241771.44,413923.8133333333,1283.7066666666667,581087.19,Apartment,72.8104038329911,0,0,322.4442344045368
C1124,Individual,Sharon,Murray,1976-02-04,F,Usa,Oregon,Investment,5,Yes,Website,4.0,1272190.01,318047.5025,1040.8899999999999,531100.09,Apartment,47.90691307323751,1,1,305.55342303221283
C1125,Individual,Ronald,Price,1941-02-03,M,Usa,Oregon,Home,3,No,Agency,3.0,1186907.08,395635.69333333336,1332.34,440465.95,"Apartment,Office",82.90759753593429,0,0,296.9479962572117
C1126,Company,Elara,Co,,M,Usa,Virginia,Home,1,Yes,Website,3.0,893488.2,297829.39999999997,1015.9399999999999,440625.12,"Apartment,Office",53.36755646817248,0,1,293.15648561922944
C1127,Individual,Ann,Cooper,,F,Uk,England,Investment,1,No,Website,3.0,838728.4,279576.13333333336,932.37,309658.36,"Apartment,Office",53.36755646817248,1,0,299.85535070125957
C1128,Individual,Brian,Montgomery,1983-12-05,M,Usa,California,Investment,1,No,Website,3.0,1186634.53,395544.8433333333,1330.8533333333332,467492.04,Apartment,40.07392197125257,1,0,297.21144578916784
C1129,Individual,Martha,Hansen,1945-09-03,F,Usa,Colorado,Investment,5,No,Agency,4.0,1463125.26,365781.315,1219.4375,507394.76,Apartment,78.32717316906229,1,0,299.959050791861
C1130,Individual,Tiffany,Parker,1987-03-01,F,Usa,Arizona,Home,5,No,Website,4.0,1326217.01,331554.2525,1009.23,678504.41,"Apartment,Office",36.837782340862425,0,0,328.52199449084947
C1131,Individual,Cheryl,Kim,,F,Usa,California,Investment,3,No,Website,3.0,1210500.79,403500.26333333337,1317.7333333333333,581631.78,Apartment,53.36755646817248,1,0,306.2078291004756
C1132,Individual,Terry,Roberts,,M,Usa,New York,Home,2,Yes,Website,3.0,1383901.27,461300.42333333334,1448.82,574927.34,Apartment,53.36755646817248,0,1,318.3973325418847
C1133,Individual,Jason,Hansen,,M,Usa,Oregon,Investment,3,No,Website,4.0,1427019.92,356754.98,1210.7375000000002,502325.67,Apartment,53.36755646817248,1,0,294.6592304277351
C1134,Individual,Dorothy,Bennett,1943-10-10,F,Usa,California,Investment,1,No,Website,4.0,1088583.78,272145.945,905.0375,453416.1,"Apartment,Office",80.22724161533196,1,0,300.70129138295374
C1135,Individual,Melissa,Phillips,,F,Russia,Moscow Oblast,Investment,5,Yes,Client,3.0,1186082.75,395360.9166666667,1303.4733333333334,484226.87,Apartment,53.36755646817248,1,1,303.3133908889582
C1136,Individual,Shirley,Weaver,,F,Usa,California,Home,3,Yes,Agency,3.0,1016844.64,338948.2133333333,1023.8800000000001,430426.11,"Apartment,Office",53.36755646817248,0,1,331.04290867419354
C1137,Individual,Carol,Price,,F,Usa,Nevada,Home,4,Yes,Agency,3.0,1114902.43,371634.1433333333,1140.1733333333334,554352.77,Apartment,53.36755646817248,0,1,325.9453036380433
C1138,Individual,George,Green,,M,Usa,Oregon,Home,1,No,Website,3.0,840602.9199999999,280200.9733333333,952.0733333333334,348889.77,Apartment,53.36755646817248,0,0,294.3060828647653
C1139,Individual,Tiffany,Green,1996-03-03,F,Usa,California,Home,4,Yes,Client,3.0,1297382.59,432460.86333333334,1439.256666666667,568773.25,"Apartment,Office",27.83025325119781,0,1,300.4751503669718
C1140,Individual,Billy,Jackson,1976-07-01,M,Usa,Florida,Home,1,Yes,Website,3.0,1275809.71,425269.9033333333,1277.2733333333333,551828.54,"Apartment,Office",47.501711156741955,0,1,332.9513677573581
C1141,Individual,Kimberly,Montgomery,,F,Usa,Arizona,Investment,3,No,Website,3.0,990242.33,330080.7766666667,1101.55,436787.87,Apartment,53.36755646817248,1,0,299.65119755496045
C1142,Individual,Julia,Hughes,1948-03-10,F,Usa,Colorado,Home,2,Yes,Agency,4.0,1492680.13,373170.0325,1222.37,492869.13,Apartment,75.81108829568788,0,1,305.28402406799904
C1143,Individual,Michael,Garcia,1994-09-10,M,Usa,Arizona,Home,2,Yes,Website,3.0,1108329.67,369443.2233333333,1343.8166666666666,404667.67,"Apartment,Office",29.308692676249144,0,1,274.9208522988007
C1144,Individual,Diane,Young,1978-11-10,F,Usa,Georgia,Investment,4,No,Client,4.0,1244666.12,311166.53,1027.0725,494178.87,Apartment,45.14168377823409,1,0,302.96452295237196
C1145,Individual,Ethan,King,1993-04-04,M,Usa,Nevada,Home,5,No,Website,3.0,1118850.31,372950.10333333333,1267.4066666666668,568314.74,Apartment,30.743326488706366,0,0,294.2623809248281
C1146,Individual,Richard,Weaver,,M,Usa,California,Investment,2,No,Website,3.0,1037824.43,345941.4766666667,1136.0866666666668,565819.26,"Apartment,Office",53.36755646817248,1,0,304.50271692887276
C1147,Individual,Brittany,Edwards,1978-02-09,F,Usa,Utah,Home,3,No,Website,3.0,905314.84,301771.61333333334,1010.5300000000001,555067.12,Apartment,45.89185489390828,0,0,298.6270702832507
C1148,Individual,Joshua,Rogers,,M,Australia,New South Wales,Home,1,Yes,Agency,3.0,1083677.57,361225.8566666667,1221.3833333333334,523867.62,Apartment,53.36755646817248,0,1,295.7514212027346
C1149,Individual,Kimberly,Thomas,1980-03-06,F,Russia,Tatarstan,Home,3,No,Agency,4.0,1277449.99,319362.4975,1053.27,484921.76,Apartment,43.82203969883641,0,0,303.21047547162647
C1150,Individual,Tiffany,Cook,1992-11-08,F,Usa,Nevada,Investment,4,No,Agency,3.0,1476970.3,492323.43333333335,1550.1266666666668,523968.19,Apartment,31.145790554414784,1,0,317.602066927864
C1151,Individual,Tyler,Anderson,,M,Usa,Arizona,Investment,2,No,Website,4.0,1760000.3399999999,440000.08499999996,1350.2175,545707.37,Apartment,53.36755646817248,1,0,325.8734870493087
C1152,Individual,Jason,Williams,,M,Usa,Georgia,Home,1,No,Website,4.0,1654928.32,413732.08,1374.585,585559.25,Apartment,53.36755646817248,0,0,300.98690150118034
C1153,Individual,Scott,Sanders,,M,Usa,California,Home,1,No,Website,3.0,1007630.0,335876.6666666667,1170.3533333333332,492913.41,"Apartment,Office",53.36755646817248,0,0,286.9874055128651
C1154,Individual,Jerry,Brown,1956-07-12,M,Usa,Utah,Home,5,Yes,Agency,4.0,1373889.96,343472.49,1135.325,518104.03,Apartment,67.4715947980835,0,1,302.53230572743485
C1155,Individual,William,Young,1977-03-03,M,Usa,California,Home,5,No,Website,3.0,1577625.0,525875.0,1679.1066666666666,589821.06,"Apartment,Office",46.83093771389459,0,0,313.18736947424424
C1156,Individual,Dorothy,Kim,,F,Usa,Virginia,Home,4,No,Agency,3.0,859956.66,286652.22000000003,1008.13,441602.33,Apartment,53.36755646817248,0,0,284.34053147907514
C1157,Individual,Kenneth,Davis,1944-11-02,M,Canada,Alberta,Investment,2,No,Website,4.0,894080.38,223520.095,716.4525,329573.31,Apartment,79.16221765913758,1,0,311.98173640262263
C1158,Individual,Joan,Pierce,,F,Usa,California,Investment,2,No,Website,3.0,941360.29,313786.76333333337,972.0533333333333,596516.36,"Apartment,Office",53.36755646817248,1,0,322.80817582025685
C1159,Individual,Gerald,Howard,,M,Usa,Nevada,Investment,1,Yes,Website,3.0,1170550.92,390183.63999999996,1175.6833333333334,558548.42,"Apartment,Office",53.36755646817248,1,1,331.8781758126479
C1160,Individual,Walter,Griffin,,M,Usa,Florida,Home,2,Yes,Website,4.0,1359425.8599999999,339856.46499999997,1101.9875,510079.55,"Apartment,Office",53.36755646817248,0,1,308.40319422860966
C1161,Individual,Stephen,White,1994-02-12,M,Canada,Alberta,Investment,3,Yes,Website,4.0,2022416.31,505604.0775,1486.3274999999999,724345.49,"Apartment,Office",29.883641341546884,1,1,340.1700348678202
C1162,Individual,Charles,Nelson,,M,Usa,California,Investment,2,No,Website,4.0,1116223.63,279055.9075,872.6800000000001,446838.6,Apartment,53.36755646817248,1,0,319.7688814914974
C1163,Individual,Noah,Morales,,M,Usa,California,Home,3,Yes,Website,4.0,1202709.18,300677.295,1059.8375,498755.52,"Apartment,Office",53.36755646817248,0,1,283.7013174189439
C1164,Individual,Emma,Watson,1968-04-11,F,Belgium,Wallonia,Home,3,Yes,Agency,4.0,1315287.03,328821.7575,1169.615,411818.69,"Apartment,Office",55.723477070499655,0,1,281.1367479897231
C1165,Individual,Victoria,Alexander,,F,Russia,Moscow Oblast,Home,1,No,Website,3.0,970705.3999999999,323568.4666666666,1079.9266666666665,509155.44,Apartment,53.36755646817248,0,0,299.6207767194069
C1166,Individual,Scott,Hall,,M,Usa,New York,Investment,1,No,Website,4.0,1163601.79,290900.4475,939.4875,408434.17,Apartment,53.36755646817248,1,0,309.6373794222914
C1167,Individual,Kevin,Alexander,,M,Uk,Scotland,Home,3,No,Website,3.0,1163104.83,387701.61000000004,1193.7733333333333,662126.19,"Apartment,Office",53.36755646817248,0,0,324.7698697686887
C1168,Individual,Brittany,Reyes,,F,Germany,Hamburg,Home,2,Yes,Agency,4.0,1081069.19,270267.2975,901.245,382048.18,Apartment,53.36755646817248,0,1,299.8821602338987
C1169,Individual,Noah,Bryant,1994-01-05,M,Russia,Saint Petersburg,Home,5,Yes,Agency,4.0,900300.22,225075.055,832.615,269707.97,"Apartment,Office",29.987679671457904,0,1,270.323084498838
C1170,Individual,Amanda,Collins,1990-02-09,F,Usa,Nevada,Home,1,Yes,Website,4.0,1165955.62,291488.905,1009.9325,366328.69,"Apartment,Office",33.89185489390828,0,1,288.62216534273335
C1171,Individual,Anna,Patterson,,F,Usa,California,Investment,4,Yes,Website,4.0,1561809.25,390452.3125,1276.9875,527403.68,Apartment,53.36755646817248,1,1,305.7604812106618
C1172,Individual,Victoria,Freeman,1942-11-05,F,Usa,Nevada,Home,5,No,Website,4.0,1240274.79,310068.6975,990.4475,454693.74,"Apartment,Office",81.15537303216975,0,0,313.05919546467635
C1173,Individual,Cheryl,Price,1984-11-02,F,Canada,Manitoba,Investment,1,No,Website,4.0,1261072.17,315268.0425,1014.9825,468922.65,Apartment,39.162217659137575,1,0,310.6142642853448
C1174,Individual,Kenneth,White,1982-07-06,M,Usa,Nevada,Home,2,No,Agency,4.0,1414798.99,353699.7475,1244.8049999999998,446099.24,"Apartment,Office",41.489390828199866,0,0,284.1406866938999
C1175,Individual,Evelyn,Long,,F,Usa,California,Home,2,No,Website,4.0,1766232.62,441558.155,1449.3775,675388.05,Apartment,53.36755646817248,0,0,304.6536564835593
C1176,Individual,Lauren,Baker,1975-06-03,F,Usa,California,Investment,4,Yes,Agency,3.0,1003328.89,334442.9633333333,1170.3533333333332,441387.41,"Apartment,Office",48.580424366872,1,1,285.7623879967873
C1177,Individual,Larry,Sanders,1998-09-05,M,Usa,California,Investment,2,No,Agency,4.0,1047224.2699999999,261806.06749999998,816.1600000000001,321100.73,"Apartment,Office",25.322381930184804,1,0,320.7778713732601
C1178,Individual,Jessica,Richardson,,F,Usa,California,Home,1,No,Agency,3.0,744651.07,248217.02333333332,801.46,390678.42,Apartment,53.36755646817248,0,0,309.7060655969522
C1179,Individual,Melissa,Anderson,1991-02-09,F,Usa,California,Home,4,No,Agency,3.0,848152.02,282717.34,1045.8666666666668,361461.89,Apartment,32.89253935660506,0,0,270.3187213156553
C1180,Individual,Deborah,Miller,1995-07-11,F,Belgium,Brussels,Home,2,Yes,Website,4.0,1111089.24,277772.31,1050.5725,413510.38,"Apartment,Office",28.476386036960985,0,1,264.4008957021053
C1181,Individual,Judith,Hansen,,F,Usa,Nevada,Investment,5,No,Website,3.0,743723.3099999999,247907.77,939.3299999999999,352725.16,Apartment,53.36755646817248,1,0,263.91978324976316
C1182,Individual,Christopher,Murray,1961-03-11,M,Germany,Bavaria,Investment,3,Yes,Website,4.0,1522183.38,380545.845,1269.065,539392.07,Apartment,62.809034907597535,1,1,299.86316303735424
C1183,Individual,Carl,Rogers,,M,Usa,Arizona,Investment,1,No,Website,4.0,1364593.88,341148.47,1088.3825,546764.12,Apartment,53.36755646817248,1,0,313.4453834015155
C1184,Individual,David,Nelson,,M,France,Ile-De-France,Home,2,No,Website,3.0,500255.63,166751.87666666668,624.2366666666667,202634.18,"Apartment,Office",53.36755646817248,0,0,267.1292565319777
C1185,Individual,Ronald,Peterson,,M,Usa,California,Home,3,No,Website,4.0,1218570.99,304642.7475,1029.9125,388613.55,Apartment,53.36755646817248,0,0,295.79478596482716
C1186,Individual,Victoria,Bennett,,F,Usa,Nevada,Home,3,Yes,Website,3.0,1141153.96,380384.6533333333,1221.6766666666665,585004.16,"Apartment,Office",53.36755646817248,0,1,311.36278829914085
C1187,Individual,Melissa,Pierce,,F,Usa,Nevada,Home,4,No,Website,3.0,1097539.23,365846.41,1092.5066666666667,564972.81,Apartment,53.36755646817248,0,0,334.86881239473746
C1188,Individual,Matthew,White,1995-11-01,M,Canada,Alberta,Home,1,No,Client,4.0,1437535.25,359383.8125,1190.4075,581530.71,"Apartment,Office",28.16700889801506,0,0,301.8998221197363
C1189,Individual,Peter,Alexander,,M,Usa,Florida,Home,2,Yes,Client,4.0,1180295.09,295073.7725,989.2175,382331.32,"Apartment,Office",53.36755646817248,0,1,298.290085345235
C1190,Individual,Sandra,Baker,1946-08-04,F,Usa,Texas,Home,4,No,Client,4.0,1358669.02,339667.255,1115.61,495056.58,Apartment,77.40999315537303,0,0,304.46773962226945
C1191,Individual,Mary,Cox,,F,Usa,California,Investment,3,No,Website,3.0,1095538.81,365179.60333333333,1357.1933333333334,409260.76,"Apartment,Office",53.36755646817248,1,0,269.06970021465867
C1192,Individual,Adam,Jones,2000-01-05,M,Usa,Florida,Home,5,No,Website,4.0,1111237.94,277809.485,941.135,462493.65,"Apartment,Office",23.98904859685147,0,0,295.1855844273138
C1193,Individual,Amy,Owens,,F,Uk,England,Home,1,No,Website,4.0,946796.24,236699.06,716.4525,360341.5,"Apartment,Office",53.36755646817248,0,0,330.3764869269072
C1194,Individual,Melissa,Brooks,,F,Usa,Colorado,Home,1,No,Website,3.0,1084957.53,361652.51,1263.8633333333335,431485.71,"Apartment,Office",53.36755646817248,0,0,286.148431133113
C1195,Individual,Anna,Pierce,1990-06-07,F,Usa,California,Home,4,Yes,Agency,4.0,1118238.91,279559.7275,910.925,475030.73,"Apartment,Office",33.568788501026695,0,1,306.8965364876362
C1196,Individual,William,Freeman,1955-09-03,M,Usa,Nevada,Home,2,No,Agency,4.0,1731153.76,432788.44,1356.32,588124.15,Apartment,68.32854209445586,0,0,319.09021469859624
C1197,Individual,Deborah,Roberts,1959-04-10,F,Usa,Arizona,Home,4,No,Website,3.0,1439595.57,479865.19,1471.4466666666667,584272.04,Apartment,64.72826830937714,0,0,326.11796327423804
C1198,Individual,Lisa,Young,,F,Usa,New York,Home,1,No,Agency,3.0,1415391.5899999999,471797.1966666666,1493.243333333333,674268.09,"Apartment,Office",53.36755646817248,0,0,315.9546646784516
C1199,Individual,Justin,Campbell,1943-03-03,M,Usa,Colorado,Home,2,No,Website,4.0,1013002.89,253250.7225,910.2925,367400.47,"Apartment,Office",80.83230663928816,0,0,278.2080732292093
C1200,Individual,Henry,Taylor,1969-11-03,M,Usa,Utah,Home,4,No,Agency,4.0,1789601.3299999998,447400.33249999996,1422.9925,635580.39,"Apartment,Office",54.16016427104723,0,0,314.40807488444244
C1201,Individual,Timothy,Stewart,,M,Usa,Oregon,Investment,1,Yes,Website,4.0,1063833.91,265958.4775,896.2525,353358.62,Apartment,53.36755646817248,1,1,296.74503278930877
C1202,Company,Telnox,Co,1985-05-09,M,Canada,Quebec,Investment,5,Yes,Website,4.0,1527115.1600000001,381778.79000000004,1263.775,581236.54,Apartment,38.64750171115674,1,1,302.09395659828687
C1203,Individual,Ashley,Green,,F,Usa,Arizona,Home,2,Yes,Website,3.0,1083378.55,361126.18333333335,1329.57,437211.33,"Apartment,Office",53.36755646817248,0,1,271.61126028214636
C1204,Individual,William,Reed,1992-04-03,M,Mexico,Puebla,Investment,2,Yes,Website,3.0,1231356.24,410452.08,1280.28,603910.96,Apartment,31.745379876796715,1,1,320.59555722185775
C1205,Individual,Patrick,Pierce,,M,Belgium,Flanders,Home,4,No,Website,3.0,968123.38,322707.79333333333,1076.69,498260.56,Apartment,53.36755646817248,0,0,299.7221050936976
C1206,Individual,Melissa,Baker,1957-12-09,F,Usa,California,Investment,5,No,Website,3.0,941726.19,313908.73,1140.3999999999999,396440.12,Apartment,66.06160164271047,1,0,275.2619519466854
C1207,Individual,Lauren,Price,,F,Usa,Texas,Home,5,Yes,Agency,4.0,1084392.98,271098.245,1010.095,328706.37,"Apartment,Office",53.36755646817248,0,1,268.3888594637138
C1208,Individual,Noah,Ward,,M,Usa,Colorado,Home,1,No,Website,3.0,1277019.82,425673.2733333334,1477.03,561711.27,"Apartment,Office",53.36755646817248,0,0,288.19541467223644
C1209,Individual,Tiffany,Kim,1978-07-01,F,Usa,California,Home,4,Yes,Website,4.0,1201633.01,300408.2525,1123.3175,401888.63,Apartment,45.503080082135526,0,1,267.4295134723709
C1210,Individual,Dennis,Cox,1991-06-04,M,Usa,California,Investment,1,No,Website,4.0,1146800.83,286700.2075,897.47,409323.23,"Apartment,Office",32.577686516084874,1,0,319.4538062553623
C1211,Individual,Kathleen,Owens,1996-07-10,F,Canada,British Columbia,Home,5,Yes,Website,4.0,1447927.02,361981.755,1167.105,457810.49,Apartment,27.477070499657767,0,1,310.15354659606464
C1212,Individual,Lawrence,Gray,1957-07-11,M,Usa,California,Home,1,No,Agency,4.0,1052290.76,263072.69,904.0100000000001,396779.8,Apartment,66.47501711156742,0,0,291.00639373458256
C1213,Individual,Ruth,Martin,1993-08-06,F,Canada,Manitoba,Home,5,No,Website,3.0,829461.56,276487.1866666667,899.9899999999999,351625.35,Apartment,30.403832991101986,0,0,307.2113986451702
C1214,Individual,Jennifer,Peterson,2000-08-10,F,Usa,Florida,Home,1,No,Agency,4.0,1725018.4100000001,431254.60250000004,1446.1125,563581.06,Apartment,23.392197125256672,0,0,298.21649595034967
C1215,Individual,Charles,Patterson,,M,Usa,California,Home,3,No,Website,3.0,1140423.3800000001,380141.1266666667,1104.51,664530.42,"Apartment,Office",53.36755646817248,0,0,344.17173829722384
C1216,Individual,Martha,Jordan,1997-07-10,F,France,Normandy,Home,4,No,Website,3.0,1191384.37,397128.12333333335,1464.8466666666666,551096.05,Apartment,26.477754962354553,0,0,271.1055923941983
C1217,Individual,William,Carter,1997-01-05,M,Usa,California,Investment,4,Yes,Website,3.0,1007204.78,335734.9266666667,1186.4366666666667,461132.81,Apartment,26.986995208761122,1,1,282.9775377811992
C1218,Individual,Teresa,Smith,,F,Usa,California,Home,1,Yes,Website,4.0,1308613.5699999998,327153.39249999996,1121.525,449085.55,Apartment,53.36755646817248,0,1,291.70405697599244
C1219,Individual,Danielle,Howard,1983-12-06,F,Usa,Arizona,Home,1,Yes,Website,3.0,867409.27,289136.42333333334,1074.6233333333332,430666.39,Apartment,40.07118412046543,0,1,269.05838945118757
C1220,Individual,Christina,Martin,1967-09-08,F,Usa,Colorado,Investment,4,Yes,Website,4.0,1471199.75,367799.9375,1254.045,508492.43,"Apartment,Office",56.31485284052019,1,1,293.2908607745336
C1221,Individual,Cynthia,Thomas,,F,Usa,Nevada,Investment,2,No,Agency,3.0,1354868.93,451622.9766666666,1565.3233333333335,506860.65,Apartment,53.36755646817248,1,0,288.51737340741096
C1222,Individual,Christopher,Taylor,1969-01-07,M,Usa,Utah,Home,4,No,Website,3.0,1319349.8599999999,439783.2866666666,1362.3833333333334,626423.06,Apartment,54.98151950718686,0,0,322.8043648997467
C1223,Individual,Sharon,Stone,,F,Usa,Washington,Home,4,No,Website,3.0,1072582.78,357527.5933333333,1369.7300000000002,403699.08,Apartment,53.36755646817248,0,0,261.0204882227397
C1224,Individual,Paul,Carter,,M,Usa,New York,Investment,5,Yes,Client,3.0,827238.27,275746.09,964.2666666666665,432388.36,Apartment,53.36755646817248,1,1,285.96455683075226
C1225,Individual,Larry,James,1990-11-10,M,Usa,Oregon,Home,2,No,Website,3.0,1122587.7,374195.89999999997,1168.3366666666668,606790.94,"Apartment,Office",33.14168377823409,0,0,320.28088364940464
C1226,Individual,Michael,Sanders,1989-05-01,M,Usa,Utah,Home,4,No,Website,3.0,972596.1300000001,324198.71,1082.8966666666668,413286.53,Apartment,34.6694045174538,0,0,299.38102127319013
C1227,Individual,Alexander,Reyes,,M,Usa,Colorado,Home,3,Yes,Agency,4.0,2151534.73,537883.6825,1676.3825,627385.67,Apartment,53.36755646817248,0,1,320.85975754340075
C1228,Individual,Joseph,Howard,1954-07-07,M,Usa,California,Home,2,No,Website,3.0,1058718.77,352906.25666666665,1124.5,508674.8,Apartment,69.48665297741273,0,0,313.83393211797835
C1229,Individual,Madison,Reyes,1994-11-02,F,Uk,Scotland,Home,1,Yes,Website,3.0,1185126.78,395042.26,1303.4733333333334,556269.12,Apartment,29.163586584531142,0,1,303.06892354273964
C1230,Individual,Lawrence,Parker,,M,Usa,California,Home,5,No,Client,3.0,759973.15,253324.38333333333,801.46,341233.68,"Apartment,Office",53.36755646817248,0,0,316.07863565659335
C1231,Individual,Betty,Carter,1954-12-09,F,Usa,California,Home,2,No,Agency,3.0,859705.1699999999,286568.38999999996,922.6666666666666,372010.36,"Apartment,Office",69.06228610540725,0,0,310.58712789017335
C1232,Individual,Mary,Jackson,,F,Canada,British Columbia,Home,3,No,Website,4.0,1527373.03,381843.2575,1173.8125,516863.32,Apartment,53.36755646817248,0,0,325.3017475107822
C1233,Individual,Brian,Scott,1979-08-05,M,Usa,Utah,Home,4,No,Website,3.0,936287.8,312095.93333333335,1078.7866666666666,421407.86,Apartment,44.407939767282684,0,0,289.3027351716126
C1234,Individual,Karen,King,,F,Usa,Colorado,Investment,1,No,Website,4.0,1463190.28,365797.57,1278.045,539693.29,Apartment,53.36755646817248,1,0,286.2165025488148
C1235,Individual,Michael,Morales,,M,Usa,Arizona,Home,2,No,Website,4.0,1271344.1099999999,317836.02749999997,1025.3225,611112.1,"Apartment,Office",53.36755646817248,0,0,309.9863969629068
C1236,Individual,Brandon,Cook,,M,Usa,Arizona,Home,4,Yes,Website,4.0,1747766.02,436941.505,1415.4825,560683.85,Apartment,53.36755646817248,0,1,308.68732393371164
C1237,Individual,Helen,Cook,,F,Uk,Wales,Investment,4,Yes,Website,3.0,688233.74,229411.24666666667,775.5666666666666,340807.81,"Apartment,Office",53.36755646817248,1,1,295.79822925172994
C1238,Individual,Joshua,Bennett,,M,Usa,Nevada,Home,1,Yes,Agency,4.0,1648873.57,412218.3925,1343.6575,524988.7,Apartment,53.36755646817248,0,1,306.78829426397726
C1239,Individual,Catherine,Adams,1953-02-07,F,Usa,Oregon,Home,3,No,Agency,4.0,1457041.08,364260.27,1114.2125,555539.4,Apartment,70.89664613278576,0,0,326.92172274139807
C1240,Individual,Gloria,Wright,1984-11-12,F,Usa,Nevada,Investment,4,Yes,Website,3.0,1018594.4400000001,339531.48000000004,1104.51,534650.14,"Apartment,Office",39.134839151266256,1,1,307.40462286443767
C1241,Individual,Danielle,Martin,,F,Usa,California,Home,1,No,Agency,4.0,1157084.5899999999,289271.14749999996,948.835,410171.8,Apartment,53.36755646817248,0,0,304.8698114002961
C1242,Individual,Gerald,Collins,,M,Usa,California,Home,3,Yes,Website,3.0,1055842.78,351947.5933333333,1138.4233333333334,424910.39,Apartment,53.36755646817248,0,1,309.1535310531817
C1243,Individual,Jeffrey,Edwards,1948-10-04,M,Usa,Colorado,Home,1,No,Website,4.0,1419502.04,354875.51,1246.6175,541890.18,Apartment,75.24161533196441,0,0,284.67072698722745
C1244,Individual,Joseph,Phillips,1992-06-10,M,Usa,Utah,Investment,5,Yes,Website,3.0,1438309.93,479436.6433333333,1513.17,598240.7,"Apartment,Office",31.55920602327173,1,1,316.8425512885752
C1245,Individual,Edward,Reyes,1963-02-10,M,Usa,California,Home,3,Yes,Agency,3.0,1422519.51,474173.17,1529.4633333333334,500160.52,Apartment,60.889801505817935,0,1,310.02585002582606
C1246,Individual,Joyce,Jackson,1943-05-10,F,Canada,Alberta,Home,2,No,Agency,3.0,859984.47,286661.49,980.8699999999999,360318.53,"Apartment,Office",80.64613278576317,0,0,292.2522760406578
C1247,Individual,Judy,Moore,1957-04-09,F,Usa,Nevada,Investment,2,No,Website,4.0,1774416.3199999998,443604.07999999996,1489.73,544990.2,Apartment,66.7296372347707,1,0,297.774818255657
C1248,Individual,Sara,Scott,1976-07-04,F,Usa,Arizona,Home,3,No,Agency,3.0,786895.89,262298.63,899.62,371938.81,Apartment,47.493497604380565,0,0,291.5660278784376
C1249,Individual,Janet,James,,F,Usa,California,Investment,1,No,Website,4.0,1289938.6400000001,322484.66000000003,1146.0149999999999,465116.85,"Apartment,Office",53.36755646817248,1,0,281.39654367525736
C1250,Individual,Jordan,Stewart,,M,Usa,Nevada,Home,5,No,Agency,3.0,1582661.61,527553.87,1674.54,554882.17,"Apartment,Office",53.36755646817248,0,0,315.0440538894264
C1251,Individual,Aaron,Thompson,1975-11-01,M,Usa,Texas,Investment,5,No,Website,4.0,1246714.37,311678.5925,967.0,448815.67,"Apartment,Office",48.167008898015055,1,0,322.31498707342297
C1252,Individual,Margaret,Cook,,F,Usa,Arizona,Home,3,Yes,Website,3.0,1137673.55,379224.51666666666,1221.6766666666665,513716.25,Apartment,53.36755646817248,0,1,310.41316169308305
C1253,Individual,Jason,Flores,,M,Usa,California,Home,2,No,Agency,3.0,767162.2200000001,255720.74000000002,814.3533333333334,378213.4,"Apartment,Office",53.36755646817248,0,0,314.0169377747579
C1254,Individual,Ethan,Freeman,1956-04-04,M,Usa,California,Home,5,Yes,Agency,4.0,1604050.8800000001,401012.72000000003,1279.9,471923.26,Apartment,67.74264202600958,0,1,313.3156652863505
C1255,Individual,Mark,Patterson,,M,Usa,California,Home,3,No,Agency,4.0,1105130.19,276282.5475,942.035,469476.95,"Apartment,Office",53.36755646817248,0,0,293.2826779259794
C1256,Company,Triton,Co,,F,Usa,California,Investment,4,No,Agency,3.0,1227293.02,409097.67333333334,1357.1933333333334,483098.81,"Apartment,Office",53.36755646817248,1,0,301.4291798269959
C1257,Individual,Michael,Scott,,M,Usa,California,Home,5,Yes,Agency,3.0,850550.13,283516.71,893.3766666666667,426820.06,Apartment,53.36755646817248,0,1,317.354057452437
C1258,Individual,Betty,Stone,,F,Usa,Nevada,Home,1,No,Website,4.0,1015636.19,253909.0475,821.355,364302.2,"Apartment,Office",53.36755646817248,0,0,309.1343542073768
C1259,Individual,William,Edwards,,M,Usa,California,Investment,3,Yes,Agency,4.0,1256766.51,314191.6275,1004.1575,464754.23,"Apartment,Office",53.36755646817248,1,1,312.89078406524874
C1260,Individual,Elizabeth,Ward,,F,Usa,California,Home,2,No,Agency,4.0,1633449.34,408362.335,1423.1725,541416.84,"Apartment,Office",53.36755646817248,0,0,286.93804510697055
C1261,Individual,Patrick,Kim,1976-09-03,M,Usa,Utah,Home,3,No,Client,3.0,1491163.72,497054.5733333333,1504.28,596435.43,Apartment,47.3264887063655,0,0,330.4268974747609
C1262,Individual,Dorothy,Evans,1950-11-10,F,Usa,California,Investment,4,No,Agency,3.0,961425.37,320475.12333333335,1077.3233333333335,443089.55,Apartment,73.14168377823408,1,0,297.47348211771765
C1263,Individual,Lawrence,Alexander,,M,Usa,California,Investment,3,No,Agency,4.0,1975384.2000000002,493846.05000000005,1602.67,599817.91,Apartment,53.36755646817248,1,0,308.1395733369939
C1264,Individual,Sarah,Garcia,1999-12-06,F,Usa,California,Investment,1,No,Agency,3.0,1287173.46,429057.82,1452.2633333333333,564663.44,"Apartment,Office",24.071184120465436,1,0,295.4407855324677
C1265,Individual,Gary,White,,M,Usa,Washington,Home,1,Yes,Agency,3.0,1070432.96,356810.98666666663,1325.71,421254.04,Apartment,53.36755646817248,0,1,269.14708847837505
C1266,Individual,Christopher,Hughes,,M,Uk,England,Home,2,No,Website,4.0,1204291.73,301072.9325,1101.9875,444502.63,Apartment,53.36755646817248,0,0,273.2090268719019
C1267,Individual,Dorothy,Peterson,1965-04-07,F,Usa,Colorado,Home,3,Yes,Website,3.0,1399933.8800000001,466644.6266666667,1529.4633333333334,555003.81,Apartment,58.73511293634497,0,1,305.1035068945752
C1268,Individual,Gloria,Green,1995-10-01,F,Uk,Northern Ireland,Investment,1,Yes,Website,3.0,968928.25,322976.0833333333,1003.3133333333334,396573.07,Apartment,28.251882272416154,1,1,321.9094898901639
C1269,Individual,Jack,Bennett,,M,Usa,California,Home,5,No,Website,3.0,1046535.0,348845.0,1169.0466666666669,535553.54,Apartment,53.36755646817248,0,0,298.40126142668953
C1270,Individual,Cheryl,Ward,,F,Usa,Texas,Home,4,No,Agency,3.0,1310435.53,436811.8433333333,1465.92,556733.5,Apartment,53.36755646817248,0,0,297.977954686022
C1271,Individual,Noah,Anderson,1992-09-10,M,Usa,California,Home,2,Yes,Agency,4.0,1296911.85,324227.9625,1040.5175,477444.0,"Apartment,Office",31.307323750855577,0,1,311.6026039927248
C1272,Individual,Ryan,Collins,,M,France,Occitanie,Home,1,Yes,Website,3.0,778830.7999999999,259610.26666666663,899.62,361880.91,Apartment,53.36755646817248,0,1,288.57769576784267
C1273,Individual,Gerald,Jordan,,M,Canada,Alberta,Home,5,No,Website,3.0,1462080.32,487360.1066666667,1592.1233333333332,584971.87,Apartment,53.36755646817248,0,0,306.1070059480317
C1274,Individual,Linda,Jones,1979-07-09,F,Usa,California,Investment,1,Yes,Website,3.0,1038831.8500000001,346277.2833333334,1193.7733333333333,514067.14,Apartment,44.48186173853525,1,1,290.06954139814377
C1275,Individual,Jessica,Roberts,,F,Usa,Georgia,Investment,1,No,Website,4.0,1737593.0,434398.25,1312.8225,567459.84,"Apartment,Office",53.36755646817248,1,0,330.8887911351306
C1276,Individual,Arthur,Griffin,1940-03-09,M,Australia,Victoria,Home,1,Yes,Agency,3.0,1635917.97,545305.99,1754.9366666666667,569679.58,"Apartment,Office",83.81382614647502,0,1,310.72687713326786
C1277,Individual,Lauren,Griffin,1981-04-01,F,Usa,California,Investment,2,No,Agency,3.0,1270250.68,423416.8933333333,1267.4066666666668,534790.76,"Apartment,Office",42.75154004106776,1,0,334.0813209125195
C1278,Individual,Arthur,Griffin,,M,Usa,Utah,Home,4,No,Website,3.0,685587.81,228529.27000000002,791.0400000000001,366304.94,Apartment,53.36755646817248,0,0,288.8972365493527
C1279,Individual,Peter,Martin,1943-10-12,M,Usa,California,Home,4,Yes,Website,3.0,1278123.59,426041.1966666667,1366.5633333333335,498957.88,Apartment,80.22176591375771,0,1,311.76103315128705
C1280,Individual,Jacob,Bennett,,M,Usa,Texas,Home,2,Yes,Website,3.0,1295836.68,431945.56,1445.2933333333333,522661.73,Apartment,53.36755646817248,0,1,298.86359401090436
C1281,Individual,Deborah,Edwards,1998-06-12,F,Canada,Manitoba,Investment,2,Yes,Website,3.0,889312.14,296437.38,899.9899999999999,372974.76,Apartment,25.555099247091032,1,1,329.37852642807144
C1282,Individual,Ashley,Taylor,,F,Usa,Colorado,Investment,3,Yes,Agency,4.0,1302998.6,325749.65,1155.47,387508.03,Apartment,53.36755646817248,1,1,281.9196084710118
C1283,Individual,Janice,Collins,1945-11-08,F,Usa,New York,Home,3,No,Agency,4.0,1479050.94,369762.735,1185.59,705490.95,"Apartment,Office",78.14647501711157,0,0,311.8807808770317
C1284,Individual,Patrick,Bennett,,M,Usa,California,Home,2,No,Website,4.0,1443865.51,360966.3775,1111.6475,575967.88,"Apartment,Office",53.36755646817248,0,0,324.71298455670524
C1285,Individual,Steven,Cox,1954-03-02,M,Usa,Utah,Home,4,Yes,Website,3.0,1609592.58,536530.86,1680.5266666666666,634786.2,"Apartment,Office",69.83436002737851,0,1,319.2635205629981
C1286,Individual,Stephen,Evans,1963-07-10,M,Usa,California,Home,5,No,Agency,3.0,1203306.91,401102.3033333333,1192.5933333333332,558250.19,Apartment,60.479123887748116,0,0,336.32780942372085
C1287,Individual,Diane,Hughes,1998-04-07,F,Usa,California,Investment,4,No,Website,3.0,843581.37,281193.79,901.6266666666667,473066.31,"Apartment,Office",25.73579739904175,1,0,311.87386131732273
C1288,Individual,Sean,Cooper,,M,Belgium,Wallonia,Home,3,No,Agency,3.0,971136.6900000001,323712.23000000004,1155.4633333333334,408970.7,Apartment,53.36755646817248,0,0,280.1579424127118
C1289,Individual,Samuel,Freeman,,M,Mexico,Jalisco,Investment,1,Yes,Agency,4.0,1076161.8599999999,269040.46499999997,854.58,501437.39,Apartment,53.36755646817248,1,1,314.82185986098426
C1290,Individual,Teresa,Long,,F,Usa,Washington,Home,3,Yes,Website,4.0,1332432.9100000001,333108.22750000004,1195.1875,498675.17,Apartment,53.36755646817248,0,1,278.7079244888355
C1291,Individual,Paul,Johnson,1983-11-09,M,Usa,California,Investment,5,Yes,Website,3.0,1123403.46,374467.82,1240.6066666666666,493844.01,Apartment,40.145106091718,1,1,301.8425017867603
C1292,Individual,Jordan,Evans,,M,Usa,Texas,Investment,5,Yes,Website,4.0,1099365.94,274841.485,1000.415,398499.79,"Apartment,Office",53.36755646817248,1,1,274.72747309866406
C1293,Individual,Anna,Wright,1972-08-01,F,Usa,California,Home,1,No,Agency,4.0,1853570.08,463392.52,1552.15,545279.84,"Apartment,Office",51.41683778234086,0,0,298.5488000515414
C1294,Individual,Henry,Davis,1963-02-09,M,Canada,Ontario,Investment,3,Yes,Agency,3.0,1220533.28,406844.4266666667,1371.6133333333335,466941.91,Apartment,60.89253935660506,1,1,296.6174334846555
C1295,Individual,Anna,Bryant,,F,Usa,California,Investment,1,Yes,Website,4.0,1478836.57,369709.1425,1202.2649999999999,555296.53,Apartment,53.36755646817248,1,1,307.5105259655734
C1296,Individual,Keith,Hughes,1963-06-02,M,Usa,Virginia,Home,1,No,Website,3.0,1025127.71,341709.23666666663,1089.46,398516.06,"Apartment,Office",60.58316221765914,0,0,313.6500988257179
C1297,Company,Vertex,Co,1983-09-06,M,Germany,Berlin,Home,5,No,Website,3.0,1169866.19,389955.39666666667,1267.4066666666668,475302.44,"Apartment,Office",40.32032854209446,0,0,307.6797739215511
C1298,Individual,Margaret,Taylor,1968-08-04,F,Usa,California,Home,2,No,Agency,4.0,1571360.11,392840.0275,1276.8225,531754.05,Apartment,55.408624229979466,0,0,307.67003831777714
C1299,Individual,Karen,James,1944-05-05,F,Usa,California,Investment,3,No,Website,3.0,1296600.42,432200.13999999996,1440.1933333333334,592203.73,Apartment,79.65776865160849,1,0,300.0986950826046
C1300,Individual,Judith,Collins,1961-01-06,F,Usa,California,Home,2,No,Website,3.0,1428770.88,476256.95999999996,1451.5366666666669,608055.99,"Apartment,Office",62.98425735797399,0,0,328.1053596074045
C1301,Individual,Benjamin,Hayes,,M,Usa,Virginia,Home,2,No,Agency,3.0,742139.88,247379.96,851.8699999999999,361857.17,"Apartment,Office",53.36755646817248,0,0,290.39637503374934
C1302,Individual,Jerry,Anderson,,M,Usa,Arizona,Investment,5,No,Website,4.0,1709532.6,427383.15,1486.3274999999999,562560.39,"Apartment,Office",53.36755646817248,1,0,287.5430549458313
C1303,Individual,Christian,Miller,,M,Usa,Arizona,Home,3,Yes,Website,3.0,979418.98,326472.99333333335,1106.3533333333332,461029.16,Apartment,53.36755646817248,0,1,295.0892662380313
C1304,Individual,Angela,Cook,1985-06-08,F,Usa,California,Investment,1,No,Website,3.0,965747.81,321915.9366666667,1049.3799999999999,399943.02,Apartment,38.56536618754278,1,0,306.7677453988705
C1305,Individual,Catherine,Anderson,,F,Usa,Georgia,Home,4,No,Website,4.0,1034190.9,258547.725,853.07,354247.08,Apartment,53.36755646817248,0,0,303.0791435638341
C1306,Individual,Kathleen,Morales,,F,Usa,Washington,Home,5,No,Website,3.0,967094.76,322364.92,1090.7733333333333,448817.69,"Apartment,Office",53.36755646817248,0,0,295.5379547232544
C1307,Individual,Rachel,Rogers,,F,Usa,Colorado,Home,5,No,Agency,3.0,920439.02,306813.00666666665,1012.96,357710.2,Apartment,53.36755646817248,0,0,302.88758358342545
C1308,Individual,Timothy,Sanders,2000-03-04,M,Usa,California,Investment,5,No,Agency,4.0,1363559.13,340889.7825,1042.1975,599958.23,"Apartment,Office",23.82751540041068,1,0,327.08750740622577
C1309,Individual,David,Reyes,1999-12-06,M,Usa,California,Home,5,No,Website,3.0,1460171.4100000001,486723.8033333334,1674.54,541188.53,Apartment,24.071184120465436,0,0,290.6611984982941
C1310,Individual,Ann,Roberts,1955-05-04,F,Usa,New York,Home,5,No,Agency,4.0,1244334.1400000001,311083.53500000003,1077.195,411257.15,Apartment,68.66255989048597,0,0,288.79036293335935
C1311,Individual,Christopher,Ward,,M,Uk,England,Home,4,Yes,Client,3.0,1352275.6400000001,450758.5466666667,1330.2166666666667,660723.3,Apartment,53.36755646817248,0,1,338.8609975818476
C1312,Individual,Timothy,Stone,1942-09-03,M,Usa,New York,Home,5,No,Website,3.0,786877.06,262292.35333333333,801.46,375142.73,Apartment,81.32785763175907,0,0,327.26817724319784
C1313,Individual,Heather,Reed,,F,Australia,Western Australia,Investment,3,No,Website,3.0,997579.61,332526.5366666667,1138.4233333333334,408030.78,Apartment,53.36755646817248,1,0,292.093922296041
C1314,Individual,Rachel,Miller,,F,Usa,Arizona,Home,3,No,Website,3.0,803329.23,267776.41,1037.11,446138.39,Apartment,53.36755646817248,0,0,258.1948009372198
C1315,Individual,Joshua,Garcia,,M,Usa,Colorado,Home,3,No,Agency,3.0,1066308.48,355436.16,1136.21,500985.77,Apartment,53.36755646817248,0,0,312.8261148907332
C1316,Individual,Emma,King,1993-05-09,F,Usa,Colorado,Home,2,Yes,Website,4.0,1238162.97,309540.7425,1052.8325,476167.41,Apartment,30.647501711156742,0,1,294.007586676893
C1317,Company,Atlas,Co,,M,Usa,Utah,Home,2,Yes,Website,3.0,1315200.12,438400.04000000004,1460.493333333333,510290.62,Apartment,53.36755646817248,0,1,300.1725718250455
C1318,Individual,William,Montgomery,,M,Usa,Texas,Home,1,No,Website,4.0,1423923.98,355980.995,1169.615,453584.44,"Apartment,Office",53.36755646817248,0,0,304.35741248188504
C1319,Individual,Grace,James,,F,Usa,Florida,Home,3,Yes,Client,4.0,1424704.13,356176.0325,1227.645,477046.12,Apartment,53.36755646817248,0,1,290.12950201401867
C1320,Individual,Peter,Reyes,1969-05-03,M,Usa,California,Investment,1,No,Website,3.0,1077693.04,359231.01333333337,1129.1766666666665,429318.55,Apartment,54.66392881587954,1,0,318.1353493548397
C1321,Individual,Christopher,Reed,1990-09-11,M,Usa,Colorado,Investment,5,No,Client,3.0,787847.37,262615.79,853.8133333333334,334266.66,Apartment,33.30595482546201,1,0,307.57986523205693
C1322,Individual,Barbara,Reyes,,F,Usa,California,Home,5,No,Agency,3.0,1094026.3399999999,364675.4466666666,1255.1200000000001,461651.6,Apartment,53.36755646817248,0,0,290.55026345422476
C1323,Individual,Nicholas,Moore,,M,Usa,Utah,Home,3,No,Website,4.0,1180654.6,295163.65,975.4225,496038.87,Apartment,53.36755646817248,0,0,302.60082169521417
C1324,Individual,Carl,Edwards,,M,Usa,Arizona,Investment,2,Yes,Agency,3.0,1323306.51,441102.17,1471.6200000000001,487388.83,Apartment,53.36755646817248,1,1,299.7391785922996
C1325,Individual,George,Jones,1974-12-09,M,Canada,Alberta,Home,5,Yes,Agency,4.0,1380292.56,345073.14,1098.1675,448348.86,Apartment,49.06228610540725,0,1,314.22632704027393
C1326,Individual,Brandon,Mitchell,,M,Usa,Colorado,Investment,4,No,Website,4.0,1489578.01,372394.5025,1239.145,578726.68,"Apartment,Office",53.36755646817248,1,0,300.5253642632622
C1327,Individual,Betty,Carter,,F,Usa,California,Home,4,Yes,Website,3.0,664017.81,221339.27000000002,775.5666666666666,294967.99,Apartment,53.36755646817248,0,1,285.39038552456276
C1328,Individual,Sandra,Cooper,,F,Usa,Washington,Home,4,No,Website,4.0,1337283.29,334320.8225,1173.8125,477048.94,Apartment,53.36755646817248,0,0,284.81620573984344
C1329,Individual,Scott,Parker,,M,Usa,California,Investment,3,Yes,Agency,3.0,1041797.56,347265.85333333333,1127.1499999999999,457406.52,Apartment,53.36755646817248,1,1,308.09196054946847
C1330,Individual,Kelly,James,1975-05-02,F,Usa,Colorado,Investment,2,No,Agency,4.0,835096.87,208774.2175,699.545,237035.97,"Apartment,Office",48.668035592060235,1,0,298.4428700083626
C1331,Individual,Christina,Bennett,1986-10-06,F,Usa,California,Investment,1,No,Agency,3.0,1047958.11,349319.37,1113.29,512206.73,Office,37.23750855578371,1,0,313.7721258611862
C1332,Individual,Michael,Howard,1995-12-11,M,Usa,Washington,Investment,5,Yes,Agency,3.0,1227353.63,409117.87666666665,1350.4933333333333,463019.11,Apartment,28.057494866529773,1,1,302.93957516759303
C1333,Individual,Jack,Hansen,,M,Usa,Nevada,Investment,2,Yes,Website,4.0,1364310.45,341077.6125,1146.9925,521531.29,"Apartment,Office",53.36755646817248,1,1,297.36690736861834
C1334,Individual,Victoria,Nelson,1965-12-08,F,Usa,California,Home,5,Yes,Agency,4.0,1906641.78,476660.445,1552.15,586460.03,"Apartment,Office",58.064339493497606,0,1,307.0968946300293
C1335,Individual,Elizabeth,Hall,1982-05-01,F,Usa,Oregon,Investment,2,Yes,Website,3.0,1001510.5800000001,333836.86000000004,1070.1933333333334,565457.28,Apartment,41.67008898015058,1,1,311.9407023030107
C1336,Individual,Joyce,Thompson,1948-12-09,F,Usa,California,Home,5,No,Client,4.0,1371591.4,342897.85,1182.3725,469331.42,"Apartment,Office",75.06091718001369,0,0,290.0083095640333
C1337,Individual,Jennifer,Johnson,,F,Usa,California,Investment,5,No,Website,4.0,1310989.71,327747.4275,1073.905,472750.27,"Apartment,Office",53.36755646817248,1,0,305.19219809945946
C1338,Individual,Christine,James,1968-12-01,F,Usa,California,Home,2,Yes,Website,3.0,1096818.64,365606.2133333333,1169.0466666666669,596755.57,Apartment,55.082819986310746,0,1,312.7387672006249
C1339,Company,Rexon,Co,,M,Usa,Nevada,Home,4,Yes,Website,4.0,1532340.63,383085.1575,1338.9,480760.06,"Apartment,Office",53.36755646817248,0,1,286.1193199641496
C1340,Company,Forsyte,Co,1988-12-05,M,Usa,Colorado,Home,5,No,Website,4.0,1746049.93,436512.4825,1421.4650000000001,528732.35,"Apartment,Office",35.07186858316222,0,0,307.08633874207237
C1341,Individual,Julie,Cox,,F,Usa,Colorado,Home,5,Yes,Website,3.0,756694.8300000001,252231.61000000002,952.2633333333333,432814.05,Apartment,53.36755646817248,0,1,264.87590267398025
C1342,Individual,Maria,Griffin,,F,Usa,California,Home,1,Yes,Agency,3.0,922722.19,307574.0633333333,1003.3133333333334,392025.92,Apartment,53.36755646817248,0,1,306.55833338870536
C1343,Individual,Megan,Turner,,F,Canada,Ontario,Home,5,No,Agency,3.0,1005148.6399999999,335049.54666666663,1161.5433333333333,503297.17,Apartment,53.36755646817248,0,0,288.4520422541274
C1344,Individual,Carl,Phillips,,M,Usa,Florida,Home,1,No,Agency,4.0,1319490.92,329872.73,1139.4675,531318.81,Apartment,53.36755646817248,0,0,289.4972695579295
C1345,Individual,Mary,Parker,,F,Usa,Texas,Home,5,No,Website,3.0,942467.41,314155.80333333334,1049.3066666666666,476279.51,"Apartment,Office",53.36755646817248,0,0,299.39369806094186
C1346,Company,Triton,Co,,F,Usa,Colorado,Investment,4,No,Agency,3.0,1037623.3900000001,345874.4633333334,1088.5866666666668,402065.13,"Apartment,Office",53.36755646817248,1,0,317.7279989956396
C1347,Individual,Mark,James,,M,Usa,Washington,Home,2,No,Client,3.0,1001705.48,333901.82666666666,1090.9466666666667,375916.09,Apartment,53.36755646817248,0,0,306.0661321665587
C1348,Individual,Peter,Harris,,M,Usa,Oregon,Home,4,Yes,Client,3.0,1021309.9299999999,340436.6433333333,1186.05,398340.41,Apartment,53.36755646817248,0,1,287.0339727105378
C1349,Individual,Joyce,Johnson,,F,Usa,Virginia,Investment,3,No,Website,3.0,773186.34,257728.78,952.0733333333334,313612.06,"Apartment,Office",53.36755646817248,1,0,270.70265595787436
C1350,Individual,Julia,King,,F,Germany,Hamburg,Home,5,No,Website,4.0,743296.88,185824.22,632.215,213732.45,Apartment,53.36755646817248,0,0,293.9256740191232
C1351,Individual,Judith,Long,,F,Australia,South Australia,Home,2,No,Client,4.0,1400457.41,350114.3525,1234.8075000000001,482951.02,Apartment,53.36755646817248,0,0,283.53759796567476
C1352,Individual,Benjamin,Gray,,M,Usa,California,Home,2,Yes,Agency,3.0,1535963.18,511987.7266666666,1635.6233333333332,629513.2,"Apartment,Office",53.36755646817248,0,1,313.0230024435129
C1353,Individual,Debra,Jackson,,F,Canada,Alberta,Home,1,No,Agency,3.0,532598.24,177532.74666666667,564.01,256968.41,Apartment,53.36755646817248,0,0,314.7687925154992
C1354,Individual,Patrick,Johnson,1941-04-09,M,Usa,Florida,Home,5,No,Website,3.0,1545799.94,515266.64666666667,1685.2766666666666,693830.82,"Apartment,Office",82.7296372347707,0,0,305.7460278529935
C1355,Individual,Shirley,Owens,,F,Usa,California,Investment,2,Yes,Client,3.0,1245446.7799999998,415148.9266666666,1523.6933333333334,565996.94,"Apartment,Office",53.36755646817248,1,1,272.46225837220084
C1356,Individual,Jonathan,Morales,,M,Usa,Oregon,Investment,4,No,Agency,3.0,1490237.62,496745.87333333335,1648.5966666666666,615554.68,Apartment,53.36755646817248,1,0,301.31437444776265
C1357,Individual,Danielle,Patterson,1987-03-01,F,Usa,California,Home,5,Yes,Website,3.0,1077383.54,359127.8466666667,1104.51,617600.77,Apartment,36.837782340862425,0,1,325.1467588945928
C1358,Individual,Gregory,Taylor,1943-01-05,M,Usa,Texas,Home,4,No,Agency,3.0,965180.83,321726.9433333333,1078.7866666666666,442609.68,"Apartment,Office",80.9883641341547,0,0,298.2303668318728
C1359,Individual,Gary,Owens,,M,Usa,Virginia,Home,3,No,Agency,4.0,1381335.3,345333.825,1093.05,558406.39,Apartment,53.36755646817248,0,0,315.9359818855496
C1360,Individual,Billy,Nelson,,M,Usa,Virginia,Home,4,No,Agency,3.0,1001006.54,333668.8466666667,1111.2966666666666,490050.27,Apartment,53.36755646817248,0,0,300.251819946069
C1361,Individual,Ashley,Owens,,F,Usa,California,Home,3,No,Client,4.0,1529260.3,382315.075,1296.5625,425691.8,"Apartment,Office",53.36755646817248,0,0,294.86821884791516
C1362,Individual,Laura,Jordan,,F,Usa,California,Investment,1,Yes,Agency,4.0,993131.84,248282.96,894.905,443196.31,Apartment,53.36755646817248,1,1,277.44057749146555
C1363,Individual,James,Stone,1981-06-04,M,Usa,Georgia,Home,5,Yes,Agency,4.0,1109919.3599999999,277479.83999999997,942.035,468875.36,"Apartment,Office",42.57631759069131,0,1,294.5536418498251
C1364,Individual,Andrea,Watson,,F,Usa,California,Investment,1,No,Website,4.0,1201578.93,300394.7325,1120.62,375792.14,Apartment,53.36755646817248,1,0,268.0611915725224
C1365,Individual,Tiffany,Sanders,,F,Belgium,Brussels,Investment,5,Yes,Website,4.0,1443894.02,360973.505,1260.0625,549656.89,Apartment,53.36755646817248,1,1,286.47269877486235
C1366,Individual,George,Thompson,,M,Usa,California,Home,1,No,Website,3.0,1488525.13,496175.0433333333,1678.6133333333335,568157.47,Apartment,53.36755646817248,0,0,295.5862636620702
C1367,Individual,Stephanie,Jordan,1953-01-11,F,Germany,Berlin,Home,2,No,Client,3.0,1035889.5,345296.5,1124.5,511596.53,"Apartment,Office",70.97056810403834,0,0,307.0666963094709
C1368,Individual,Jose,Gray,,M,Usa,California,Home,5,Yes,Client,4.0,1378979.49,344744.8725,1042.6625,508149.11,"Apartment,Office",53.36755646817248,0,1,330.6389867286874
C1369,Individual,Peter,Garcia,1983-10-07,M,France,Brittany,Home,4,Yes,Agency,4.0,1615394.12,403848.53,1338.9,581627.97,Apartment,40.23545516769336,0,1,301.6271043393831
C1370,Individual,Frank,Evans,1965-06-04,M,Usa,Colorado,Investment,1,No,Agency,4.0,834659.23,208664.8075,700.7825,234080.49,Apartment,58.57631759069131,1,0,297.759729302601
C1371,Individual,Timothy,Thomas,,M,Uk,England,Home,2,Yes,Website,4.0,1036681.19,259170.2975,948.835,312372.65,Apartment,53.36755646817248,0,1,273.1458024840989
C1372,Individual,Lisa,Turner,,F,Usa,Washington,Investment,2,No,Website,3.0,874872.8,291624.26666666666,1049.3066666666666,394401.98,Apartment,53.36755646817248,1,0,277.9209128567435
C1373,Individual,Melissa,Evans,1992-10-11,F,Usa,California,Home,3,Yes,Website,3.0,1275663.27,425221.09,1221.6766666666665,609943.05,Apartment,31.222450376454482,0,1,348.06352744725154
C1374,Company,Quasar,Co,,M,France,Ile-De-France,Home,3,Yes,Agency,3.0,1230590.28,410196.76,1321.5233333333333,525078.29,"Apartment,Office",53.36755646817248,0,1,310.396910635958
C1375,Individual,Carolyn,Flores,,F,Usa,California,Investment,4,Yes,Agency,4.0,1097182.3900000001,274295.59750000003,987.505,385581.71,"Apartment,Office",53.36755646817248,1,1,277.76628725930505
C1376,Individual,Carolyn,Edwards,,F,Usa,Arizona,Investment,3,Yes,Agency,3.0,1272387.2999999998,424129.0999999999,1493.243333333333,540188.44,"Apartment,Office",53.36755646817248,1,1,284.0321403298859
C1377,Individual,Laura,Long,1984-01-04,F,Usa,Utah,Investment,2,No,Website,3.0,828441.4099999999,276147.13666666666,862.1066666666666,333823.75,Apartment,39.9917864476386,1,0,320.3166700176313
C1378,Individual,Maria,Morales,,F,Usa,California,Investment,1,No,Website,3.0,1399739.87,466579.9566666667,1464.8466666666666,657622.51,Apartment,53.36755646817248,1,0,318.5179495464827
C1379,Individual,Kevin,Gray,1970-06-11,M,Uk,Scotland,Home,2,No,Website,3.0,827767.69,275922.5633333333,1077.3233333333335,353529.48,Apartment,53.55783709787816,0,0,256.1186180564794
C1380,Individual,Michael,Hughes,,M,Canada,Alberta,Investment,4,No,Website,3.0,1012542.1799999999,337514.06,1052.4533333333334,349143.67,"Apartment,Office",53.36755646817248,1,0,320.69266095725544
C1381,Individual,Eric,Cox,,M,Germany,Hesse,Home,3,Yes,Website,3.0,1082639.9100000001,360879.97000000003,1131.0966666666666,537510.16,Apartment,53.36755646817248,0,1,319.0531637437414
C1382,Individual,Adam,James,,M,Usa,Oregon,Home,2,No,Website,4.0,1176910.13,294227.5325,1024.3375,348186.07,Apartment,53.36755646817248,0,0,287.23690434061035
C1383,Individual,Noah,Moore,1992-11-11,M,Usa,California,Home,2,No,Agency,3.0,864768.8300000001,288256.2766666667,899.9899999999999,340376.82,"Apartment,Office",31.137577002053387,0,0,320.2883106108587
C1384,Individual,Mary,Young,1988-03-10,F,Usa,California,Home,2,Yes,Agency,3.0,905480.04,301826.68,1016.7633333333333,344081.34,Apartment,35.81108829568789,0,1,296.85047651206935
C1385,Individual,Kenneth,Owens,1946-06-01,M,Usa,California,Home,1,No,Agency,3.0,1182983.03,394327.6766666667,1186.4366666666667,666248.73,"Apartment,Office",77.58521560574948,0,0,332.36302260831457
C1386,Individual,Harold,Howard,,M,Usa,Washington,Home,4,Yes,Website,3.0,1284366.78,428122.26,1431.79,551266.41,"Apartment,Office",53.36755646817248,0,1,299.011908170891
C1387,Individual,Jose,Reed,,M,Germany,Hamburg,Investment,4,No,Website,3.0,804550.47,268183.49,901.6266666666667,463001.84,Apartment,53.36755646817248,1,0,297.44405297092663
C1388,Individual,Hannah,Stone,,F,Usa,Washington,Home,3,No,Website,3.0,1183031.06,394343.6866666667,1283.46,567781.4,Apartment,53.36755646817248,0,0,307.25046878489917
C1389,Individual,Jordan,Montgomery,1952-07-03,M,Uk,Scotland,Home,2,No,Website,4.0,1742522.83,435630.7075,1282.79,705388.85,"Apartment,Office",71.49623545516769,0,0,339.59627647549485
C1390,Individual,Lauren,Thomas,,F,Usa,Nevada,Home,3,No,Website,3.0,906492.19,302164.0633333333,971.1899999999999,378139.97,"Apartment,Office",53.36755646817248,0,0,311.1276509574165
C1391,Individual,Barbara,Campbell,1974-03-06,F,Usa,Utah,Home,1,No,Website,4.0,1579627.98,394906.995,1343.6575,578903.12,Apartment,49.82340862422998,0,0,293.9045069148946
C1392,Individual,Jose,Johnson,1990-06-05,M,Usa,Colorado,Home,4,Yes,Agency,4.0,1434978.2000000002,358744.55000000005,1125.5149999999999,520703.06,"Apartment,Office",33.57426420260096,0,1,318.73813321013057
C1393,Individual,Virginia,Miller,1981-07-09,F,Mexico,Baja California,Investment,1,No,Agency,4.0,1187799.99,296949.9975,1027.325,459972.28,Apartment,42.48049281314169,1,0,289.0516608668143
C1394,Individual,Debra,Hansen,,F,Usa,Nevada,Home,4,No,Website,4.0,1325404.6,331351.15,967.0,439396.11,Apartment,53.36755646817248,0,0,342.6588934850052
C1395,Individual,Megan,Campbell,,F,Canada,Alberta,Investment,4,No,Website,4.0,1497964.92,374491.23,1278.045,548965.53,"Apartment,Office",53.36755646817248,1,0,293.0188138915296
C1396,Individual,Steven,Foster,1971-06-02,M,Canada,Manitoba,Investment,3,Yes,Website,3.0,977070.1199999999,325690.04,1075.8333333333333,451060.97,Apartment,52.58316221765914,1,1,302.73280247869866
C1397,Individual,Linda,Chavez,1983-03-10,F,Usa,Nevada,Home,4,No,Website,4.0,1551369.83,387842.4575,1175.235,583905.11,Apartment,40.813141683778234,0,0,330.01268469710317
C1398,Individual,Alexander,Jones,,M,Usa,California,Home,5,Yes,Website,3.0,926545.71,308848.57,1182.08,338606.44,Apartment,53.36755646817248,0,1,261.275522807255
C1399,Individual,Lauren,Evans,,F,Canada,British Columbia,Home,5,No,Agency,4.0,1259614.96,314903.74,1061.1325,619157.65,Apartment,53.36755646817248,0,0,296.7619406624526
C1400,Individual,Maria,Jones,,F,Uk,Northern Ireland,Home,4,No,Client,4.0,1146194.54,286548.635,939.4875,426811.39,Apartment,53.36755646817248,0,0,305.00526616905495
C1401,Individual,Virginia,Brooks,,F,Usa,Virginia,Investment,1,No,Website,4.0,1223523.71,305880.9275,1005.5625,368829.15,"Apartment,Office",53.36755646817248,1,0,304.18887687239726
C1402,Individual,Helen,Jordan,,F,Usa,Utah,Home,3,No,Agency,4.0,1394159.93,348539.9825,1132.7375,491592.98,Apartment,53.36755646817248,0,0,307.69704587338197
C1403,Individual,Pamela,Scott,,F,Usa,Oregon,Home,2,No,Website,4.0,1463350.69,365837.6725,1210.7375000000002,607483.38,Apartment,53.36755646817248,0,0,302.16101549675295
C1404,Individual,Sharon,Williams,,F,Usa,California,Home,4,No,Agency,4.0,1193678.04,298419.51,1024.3375,368901.23,Apartment,53.36755646817248,0,0,291.3292835613262
C1405,Individual,Ryan,Williams,1955-06-08,M,Usa,Oregon,Home,5,No,Agency,3.0,1306722.3599999999,435574.11999999994,1438.2933333333333,556748.94,"Apartment,Office",68.56673511293634,0,0,302.8409503856422
C1406,Individual,Sara,Wood,1970-09-01,F,Usa,California,Home,3,No,Website,4.0,1364413.45,341103.3625,1151.6100000000001,474806.32,"Apartment,Office",53.333333333333336,0,0,296.196943843836
C1407,Individual,Sharon,Hansen,,F,Usa,California,Home,1,No,Agency,4.0,1429717.0899999999,357429.27249999996,1123.3175,517271.54,"Apartment,Office",53.36755646817248,0,0,318.1907808789589
C1408,Company,Grandis,Co,,F,Usa,California,Home,2,No,Agency,4.0,1345035.74,336258.935,1103.3025,595268.86,Apartment,53.36755646817248,0,0,304.77492346840506
C1409,Individual,Katherine,Price,1957-08-01,F,Usa,Oregon,Investment,2,No,Website,3.0,1072801.12,357600.37333333335,1117.9399999999998,395005.44,"Apartment,Office",66.41752224503765,1,0,319.87438801128275
C1410,Individual,Jennifer,Edwards,,F,Usa,Nevada,Home,2,No,Agency,4.0,1439196.49,359799.1225,1164.0149999999999,577676.3,Apartment,53.36755646817248,0,0,309.10179207312626
C1411,Individual,Anthony,Watson,1987-04-04,M,Usa,California,Home,2,No,Client,4.0,1318823.1600000001,329705.79000000004,1099.4925,461367.86,"Apartment,Office",36.74469541409993,0,0,299.87088588598834
C1412,Company,Optima,Co,,F,Usa,Nevada,Home,2,No,Agency,4.0,1498125.2,374531.3,1158.7275,573336.74,"Apartment,Office",53.36755646817248,0,0,323.2263841153334
C1413,Individual,Margaret,Rogers,,F,Usa,California,Home,4,No,Agency,4.0,1489065.1600000001,372266.29000000004,1425.7675,530069.18,Apartment,53.36755646817248,0,0,261.09887481654624
C1414,Individual,Michelle,Wright,1975-05-01,F,Usa,Florida,Home,4,No,Website,4.0,1188718.7,297179.675,972.335,479065.61,"Apartment,Office",48.67077344284736,0,0,305.6350691891169
C1415,Individual,Tyler,Murray,,M,Usa,California,Investment,1,No,Website,3.0,748797.26,249599.08666666667,879.3433333333332,318935.71,"Apartment,Office",53.36755646817248,1,0,283.8471359309788
C1416,Individual,Bryan,Peterson,1954-07-01,M,Usa,Oregon,Home,2,No,Agency,3.0,1418066.3900000001,472688.7966666667,1452.2633333333333,606381.67,Apartment,69.50308008213553,0,0,325.4842188859229
C1417,Individual,Dennis,Williams,,M,Uk,Scotland,Home,5,No,Website,3.0,1023021.48,341007.16,1066.59,575664.65,Apartment,53.36755646817248,0,0,319.71719217318747
C1418,Individual,Kyle,Cox,1954-04-06,M,Usa,Ohio,Investment,2,No,Website,3.0,1443234.8900000001,481078.2966666667,1529.4633333333334,542134.93,Apartment,69.73853524982889,1,0,314.5405883109326
C1419,Individual,Jason,Peterson,1971-08-08,M,Germany,Hamburg,Investment,4,Yes,Website,4.0,1143605.72,285901.43,928.745,451642.29,"Apartment,Office",52.39972621492129,1,1,307.83630598280473
C1420,Company,Terova,Co,,M,Uk,Wales,Home,5,No,Website,4.0,1196856.69,299214.1725,929.6975,431727.12,"Apartment,Office",53.36755646817248,0,0,321.84035398610837
C1421,Individual,James,Jones,,M,Usa,Colorado,Home,1,No,Website,3.0,938557.1900000001,312852.39666666667,1098.0666666666666,396446.03,Apartment,53.36755646817248,0,0,284.9120241636816
C1422,Individual,Billy,Hansen,,M,Usa,Florida,Investment,1,Yes,Website,4.0,2032565.11,508141.2775,1555.2975000000001,649524.31,Apartment,53.36755646817248,1,1,326.71644974675263
C1423,Individual,Jack,Brooks,,M,Uk,Northern Ireland,Home,4,Yes,Website,4.0,1822778.3599999999,455694.58999999997,1504.0974999999999,588224.19,"Apartment,Office",53.36755646817248,0,1,302.96878360611595
C1424,Individual,Judy,Harris,1954-03-12,F,Usa,Utah,Home,2,Yes,Agency,3.0,1382756.57,460918.8566666667,1465.1466666666665,602654.49,Apartment,69.80698151950719,0,1,314.5888852993102
C1425,Individual,Raymond,Taylor,,M,Belgium,Flanders,Home,3,No,Website,3.0,1449563.3199999998,483187.77333333326,1521.64,576814.21,"Apartment,Office",53.36755646817248,0,0,317.544079633378
C1426,Individual,Christina,Campbell,,F,Usa,Washington,Home,2,No,Website,4.0,1709098.18,427274.545,1510.65,507717.69,Apartment,53.36755646817248,0,0,282.84152186145036
C1427,Individual,Julia,Richardson,1955-05-10,F,Australia,Victoria,Home,5,No,Website,4.0,1378636.21,344659.0525,1184.9475,487252.76,"Apartment,Office",68.64613278576317,0,0,290.86440749484683
C1428,Individual,Nicole,Allen,1953-12-05,F,Usa,Oregon,Home,4,Yes,Agency,4.0,1136052.54,284013.135,946.6525,474549.83,"Apartment,Office",70.072553045859,0,1,300.0183647114437
C1429,Individual,Jesse,Stewart,1991-10-01,M,Usa,Nevada,Investment,5,No,Agency,4.0,1697550.01,424387.5025,1421.4650000000001,499234.71,"Apartment,Office",32.251882272416154,1,0,298.556420664596
C1430,Individual,Patrick,Allen,1963-09-11,M,Usa,Nevada,Home,4,No,Website,3.0,928463.2,309487.73333333334,1022.67,438596.72,Apartment,60.3066392881588,0,0,302.6271752699633
C1431,Individual,Melissa,Griffin,1943-07-01,F,Germany,Hesse,Home,3,Yes,Website,4.0,1620159.73,405039.9325,1365.9450000000002,567788.73,"Apartment,Office",80.50376454483231,0,1,296.527263176775
C1432,Individual,Larry,Weaver,,M,Usa,Utah,Home,3,No,Agency,3.0,863383.74,287794.58,1033.6200000000001,301035.57,"Apartment,Office",53.36755646817248,0,0,278.4336409899189
C1433,Individual,Christian,Mitchell,1953-04-12,M,Germany,Hamburg,Home,4,No,Website,3.0,1358111.0699999998,452703.68999999994,1493.243333333333,626692.98,Apartment,70.72142368240931,0,0,303.1680637002677
C1434,Company,Terova,Co,,F,Usa,California,Investment,5,No,Agency,4.0,1038640.05,259660.0125,894.905,531069.6,Apartment,53.36755646817248,1,0,290.1537174336941
C1435,Individual,Zachary,Morales,1967-04-08,M,Usa,Texas,Investment,2,No,Agency,3.0,903765.87,301255.29,945.65,410695.68,"Apartment,Office",56.733744010951405,1,0,318.56954475757414
C1436,Individual,Kyle,Wright,1998-10-09,M,Usa,California,Home,2,No,Website,3.0,969917.19,323305.73,992.2199999999999,363203.22,"Apartment,Office",25.229295003422312,0,0,325.8407711999355
C1437,Individual,Gerald,Stewart,1997-04-08,M,Usa,Arizona,Investment,5,No,Agency,4.0,1668948.58,417237.145,1332.2825,614304.54,"Apartment,Office",26.732375085557837,1,0,313.1746795443159
C1438,Individual,Benjamin,Taylor,1988-08-04,M,Usa,California,Home,2,Yes,Agency,3.0,1255115.0,418371.6666666667,1321.5033333333333,574838.1,"Apartment,Office",35.408624229979466,0,1,316.5876741387965
C1439,Individual,Helen,Morales,,F,Usa,Virginia,Home,2,No,Agency,3.0,1040682.81,346894.27,1138.4233333333334,420285.34,Apartment,53.36755646817248,0,0,304.7146521358487
C1440,Individual,Mary,Phillips,,F,Usa,Colorado,Investment,2,No,Agency,3.0,901013.4199999999,300337.80666666664,1010.5300000000001,472362.72,"Apartment,Office",53.36755646817248,1,0,297.2082042756441
C1441,Individual,Helen,Campbell,1945-09-08,F,Usa,California,Investment,5,No,Website,3.0,1201777.78,400592.5933333333,1334.84,424676.81,Apartment,78.31348391512662,1,0,300.10532598164076
C1442,Individual,Timothy,Foster,,M,Usa,Colorado,Home,2,Yes,Client,3.0,1007348.75,335782.9166666667,1110.6233333333332,534107.07,Apartment,53.36755646817248,0,1,302.3373510971317
C1443,Individual,Betty,Hughes,,F,Usa,Florida,Home,2,No,Website,3.0,1045348.1100000001,348449.37000000005,1072.4833333333333,618238.68,Apartment,53.36755646817248,0,0,324.89956642682876
C1444,Individual,Frank,Alexander,,M,Usa,Colorado,Home,3,No,Website,3.0,1089631.7,363210.56666666665,1186.05,387724.0,Apartment,53.36755646817248,0,0,306.2354594381912
C1445,Individual,Gregory,Hall,,M,Usa,Florida,Home,5,No,Website,4.0,1249138.91,312284.7275,976.9675,404402.26,Apartment,53.36755646817248,0,0,319.6469969574218
C1446,Individual,Amber,Gray,1951-12-09,F,Usa,Ohio,Home,4,No,Website,4.0,1550820.49,387705.1225,1385.6475,605564.38,Apartment,72.06297056810403,0,0,279.80068704342193
C1447,Individual,Janet,Rogers,,F,Usa,Nevada,Investment,4,Yes,Client,4.0,1372408.9,343102.225,1151.37,470911.04,Apartment,53.36755646817248,1,1,297.9947584182322
C1448,Individual,Henry,Ward,,M,Russia,Tatarstan,Home,1,No,Website,4.0,1221304.62,305326.155,984.9525,456799.28,"Apartment,Office",53.36755646817248,0,0,309.9907406702354
C1449,Individual,Nicole,Cox,,F,Usa,California,Investment,5,No,Website,3.0,1110557.49,370185.83,1221.6766666666665,543452.8,Apartment,53.36755646817248,1,0,303.01457013994434
C1450,Individual,Pamela,White,1996-04-06,F,Usa,Virginia,Home,5,No,Website,3.0,1028509.6,342836.5333333333,1037.5833333333333,374768.98,Apartment,27.737166324435318,0,0,330.4183117821862
C1451,Individual,Hannah,Turner,,F,Usa,California,Home,1,No,Website,4.0,1529673.3199999998,382418.32999999996,1259.875,483688.37,Apartment,53.36755646817248,0,0,303.5367238813374
C1452,Individual,Kelly,Edwards,1993-08-05,F,Belgium,Wallonia,Home,3,No,Client,3.0,1320005.77,440001.92333333334,1487.6599999999999,545747.26,Apartment,30.406570841889117,0,0,295.7677986457479
C1453,Individual,Kenneth,Stone,1981-10-07,M,Usa,California,Home,2,No,Agency,3.0,1145044.9,381681.6333333333,1243.8233333333333,526401.55,Apartment,42.234086242299796,0,0,306.86161217965036
C1454,Individual,Ann,Kim,,F,Usa,California,Investment,1,No,Client,3.0,1188825.44,396275.14666666667,1321.5033333333333,478984.35,Apartment,53.36755646817248,1,0,299.8669293304847
C1455,Individual,Christina,Nelson,,F,Usa,Colorado,Home,3,Yes,Agency,3.0,985992.4299999999,328664.1433333333,983.4266666666667,472251.6,"Apartment,Office",53.36755646817248,0,1,334.2030010710847
C1456,Company,Quasar,Co,,F,Usa,Oregon,Investment,1,Yes,Website,4.0,1598853.55,399713.3875,1313.38,586824.88,Apartment,53.36755646817248,1,1,304.3394809575294
C1457,Individual,Julie,Foster,,F,Usa,California,Home,3,Yes,Agency,4.0,1537205.06,384301.265,1227.17,538355.66,"Apartment,Office",53.36755646817248,0,1,313.16057677420406
C1458,Individual,Keith,Reed,,M,Usa,Arizona,Home,1,No,Website,3.0,917921.54,305973.8466666667,979.0866666666667,344813.48,"Apartment,Office",53.36755646817248,0,0,312.509461198532
C1459,Individual,Terry,Hall,,M,Usa,Arizona,Home,5,No,Website,4.0,1556253.48,389063.37,1385.6475,530674.29,Apartment,53.36755646817248,0,0,280.7809128945132
C1460,Individual,Pamela,Long,1972-12-05,F,Uk,England,Home,1,Yes,Agency,4.0,1569390.69,392347.6725,1294.645,517417.7,Apartment,51.07186858316222,0,1,303.05425232399614
C1461,Individual,Gloria,Reyes,,F,Usa,California,Home,5,No,Website,4.0,1507966.87,376991.7175,1294.645,538246.86,Apartment,53.36755646817248,0,0,291.1931205079385
C1462,Individual,Virginia,Allen,,F,Germany,Hamburg,Investment,3,No,Agency,4.0,1220331.12,305082.78,956.6725,563520.95,"Apartment,Office",53.36755646817248,1,0,318.8999161154941
C1463,Individual,Lawrence,Ward,,M,Usa,California,Home,2,Yes,Website,4.0,1639044.0,409761.0,1386.5875,560165.35,Apartment,53.36755646817248,0,1,295.5175926510227
C1464,Individual,Terry,Weaver,,M,Usa,Arizona,Home,1,No,Website,3.0,1094818.68,364939.56,1086.24,516866.8,Apartment,53.36755646817248,0,0,335.9658638974812
C1465,Individual,Edward,Stewart,1990-07-09,M,Usa,Ohio,Home,3,Yes,Website,3.0,1312191.47,437397.1566666667,1457.8333333333333,561841.89,Apartment,33.48117727583847,0,1,300.032347090431
C1466,Individual,Ashley,Howard,,F,Belgium,Flanders,Investment,2,No,Website,4.0,1387827.15,346956.7875,1053.27,536046.25,Apartment,53.36755646817248,1,0,329.4091614685693
C1467,Individual,Rebecca,Adams,,F,Usa,California,Home,5,No,Client,3.0,761353.26,253784.42,849.6366666666667,375027.09,Apartment,53.36755646817248,0,0,298.69758445767013
C1468,Individual,Jason,Martin,,M,Canada,Manitoba,Home,3,No,Website,3.0,1072452.07,357484.0233333334,1185.3533333333332,438900.24,"Apartment,Office",53.36755646817248,0,0,301.58435740679295
C1469,Individual,Keith,Richardson,,M,Usa,Colorado,Home,1,No,Website,3.0,1512121.6400000001,504040.5466666667,1538.7766666666666,581837.55,Apartment,53.36755646817248,0,0,327.5592602781864
C1470,Individual,Alexander,Richardson,,M,Usa,Colorado,Investment,3,Yes,Agency,3.0,1440682.21,480227.4033333333,1590.8633333333335,555106.11,Apartment,53.36755646817248,1,1,301.8659071908544
C1471,Individual,Judith,Williams,,F,Uk,Northern Ireland,Home,1,Yes,Website,4.0,1048588.76,262147.19,801.0649999999999,354725.76,"Apartment,Office",53.36755646817248,0,1,327.24833814983805
C1472,Individual,Paul,Flores,,M,Usa,Washington,Home,1,No,Website,4.0,1610320.87,402580.2175,1237.1025,566227.62,Apartment,53.36755646817248,0,0,325.4218769261238
C1473,Individual,Maria,Freeman,,F,Usa,California,Home,2,No,Agency,4.0,1415300.74,353825.185,1009.23,736652.27,Apartment,53.36755646817248,0,0,350.5892462570474
C1474,Individual,Kevin,Brown,1969-04-10,M,Usa,Oregon,Home,3,No,Website,4.0,1563434.47,390858.6175,1307.3,517206.46,Apartment,54.72689938398357,0,0,298.98157844412145
C1475,Individual,Raymond,Brown,1944-08-02,M,Mexico,Jalisco,Home,4,Yes,Agency,4.0,1579186.25,394796.5625,1287.055,661652.26,Apartment,79.41409993155374,0,1,306.7441270963556
C1476,Individual,Kevin,Jackson,2000-06-08,M,Usa,Nevada,Home,1,No,Agency,4.0,1505369.42,376342.355,1141.225,610193.44,"Apartment,Office",23.564681724845997,0,0,329.7705141405069
C1477,Company,Zynex,Co,1968-04-10,F,Usa,California,Investment,1,No,Agency,4.0,1051466.92,262866.73,920.7075,458559.81,"Apartment,Office",55.72621492128679,1,0,285.50514685717235
C1478,Individual,Emily,Reed,1958-09-12,F,Canada,British Columbia,Investment,1,No,Agency,3.0,965772.74,321924.24666666664,1082.8966666666668,398549.19,Apartment,65.30321697467488,1,0,297.28067005469893
C1479,Individual,Paul,Carter,,M,Usa,California,Investment,1,No,Website,4.0,1275455.51,318863.8775,1018.5225,612698.53,Apartment,53.36755646817248,1,0,313.0651286544971
C1480,Individual,Danielle,White,1985-04-09,F,Usa,Virginia,Investment,3,No,Client,4.0,1466467.79,366616.9475,1220.42,573332.74,"Apartment,Office",38.729637234770706,1,0,300.402277494633
C1481,Company,Caldera,Co,1984-12-04,F,Usa,Arizona,Investment,3,No,Website,4.0,1059700.8800000001,264925.22000000003,901.245,367368.12,"Apartment,Office",39.07460643394935,1,0,293.9547181953853
C1482,Individual,Kimberly,Murray,,F,Usa,Oregon,Home,2,Yes,Website,4.0,1665015.1700000002,416253.79250000004,1312.8225,610377.15,"Apartment,Office",53.36755646817248,0,1,317.0678385691897
C1483,Individual,Gary,Hall,1975-06-01,M,Usa,Colorado,Home,3,Yes,Agency,4.0,1831769.62,457942.405,1486.3274999999999,623318.65,Apartment,48.58590006844627,0,1,308.1032982300335
C1484,Individual,Christina,Nelson,1971-10-09,F,Usa,Colorado,Home,3,No,Client,4.0,1117191.81,279297.9525,995.0275,452777.15,Apartment,52.2299794661191,0,0,280.69370193286113
C1485,Individual,Rachel,Scott,,F,Usa,Washington,Investment,4,No,Website,4.0,1604885.52,401221.38,1350.2175,526180.38,"Apartment,Office",53.36755646817248,1,0,297.15314754845053
C1486,Individual,Madison,Campbell,,F,Uk,Wales,Home,5,Yes,Website,3.0,1019385.69,339795.23,1156.5633333333333,416556.23,"Apartment,Office",53.36755646817248,0,1,293.79733924356356
C1487,Individual,Sandra,Martin,1965-12-10,F,Usa,New York,Home,3,No,Agency,4.0,1553533.51,388383.3775,1294.645,506031.7,Apartment,58.05886379192334,0,0,299.9921812543207
C1488,Individual,Keith,Scott,1975-09-07,M,Usa,Florida,Investment,2,No,Website,3.0,1029238.79,343079.5966666667,1140.1866666666667,554297.11,Apartment,48.31759069130732,1,0,300.8977448137147
C1489,Individual,Gloria,Montgomery,,F,Usa,Arizona,Home,5,No,Agency,3.0,1056549.47,352183.1566666667,1240.6066666666666,416649.42,"Apartment,Office",53.36755646817248,0,0,283.87978730835994
C1490,Individual,Dennis,Hall,1994-11-06,M,Uk,Wales,Investment,5,Yes,Client,3.0,861119.76,287039.92,939.3299999999999,357655.99,Apartment,29.152635181382614,1,1,305.57942363173754
C1491,Individual,Rebecca,Evans,1997-07-10,F,Usa,Georgia,Home,4,No,Agency,4.0,1056750.03,264187.5075,901.245,415532.62,Apartment,26.477754962354553,0,0,293.1361699648819
C1492,Individual,Mary,Taylor,,F,Germany,Bavaria,Home,2,No,Agency,3.0,1309655.49,436551.83,1579.3133333333335,472764.91,Apartment,53.36755646817248,0,0,276.41875794121495
C1493,Individual,Thomas,Bennett,,M,Usa,Washington,Home,4,Yes,Agency,3.0,864605.61,288201.87,1037.11,449252.81,Apartment,53.36755646817248,0,1,277.8893945675965
C1494,Individual,Nicholas,Cooper,1996-04-09,M,Usa,New York,Home,1,No,Client,3.0,913338.07,304446.0233333333,934.8733333333333,424747.54,Apartment,27.72895277207392,0,0,325.65483737547333
C1495,Individual,Jason,Hughes,1991-11-09,M,Denmark,Capital Region,Home,1,No,Website,4.0,2059292.68,514823.17,1591.4724999999999,650190.52,"Apartment,Office",32.145106091718,0,0,323.4885742606297
C1496,Individual,Bryan,Patterson,,M,Usa,Florida,Home,5,No,Agency,3.0,1119013.6099999999,373004.5366666666,1151.5466666666669,617811.07,"Apartment,Office",53.36755646817248,0,0,323.9161272954634
C1497,Individual,Samuel,Parker,,M,Usa,California,Investment,4,No,Agency,3.0,794765.34,264921.77999999997,880.66,355085.18,"Apartment,Office",53.36755646817248,1,0,300.82186087706947
C1498,Individual,Nicole,Carter,1967-02-03,F,Mexico,Puebla,Investment,5,No,Website,4.0,1142631.83,285657.9575,889.8725000000001,431607.68,Apartment,56.90896646132786,1,0,321.00998457644215
C1499,Individual,Lauren,Gray,1997-11-04,F,Russia,Saint Petersburg,Home,3,Yes,Agency,3.0,1321905.54,440635.18,1523.6933333333334,565905.82,Apartment,26.157426420260094,0,1,289.18888752767396
C1500,Individual,Shirley,Ward,1995-01-04,F,Australia,Victoria,Home,2,No,Agency,4.0,1020299.92,255074.98,841.385,363010.65,Apartment,28.99110198494182,0,0,303.1608360025434
C1501,Individual,Brenda,White,,F,Usa,Oregon,Investment,4,No,Agency,3.0,761279.08,253759.69333333333,851.4266666666667,340778.92,"Apartment,Office",53.36755646817248,1,0,298.04057503484347
C1502,Individual,Elizabeth,Weaver,,F,Uk,Wales,Home,5,Yes,Website,4.0,1045772.34,261443.085,911.0425,352637.6,Apartment,53.36755646817248,0,1,286.9713377806194
C1503,Company,Triton,Co,,M,Usa,Arizona,Investment,5,No,Website,4.0,1299971.48,324992.87,1050.5725,570156.97,"Apartment,Office",53.36755646817248,1,0,309.34835054220434
C1504,Individual,Patrick,Hughes,,M,Usa,California,Home,4,No,Website,3.0,871805.96,290601.98666666663,979.0866666666667,384006.83,Apartment,53.36755646817248,0,0,296.80925760743
C1505,Individual,William,Cook,,M,Usa,Virginia,Home,3,No,Agency,4.0,1012922.06,253230.515,799.9225,380365.78,"Apartment,Office",53.36755646817248,0,0,316.56881135359987
C1506,Individual,Larry,Price,1950-01-11,M,Usa,Utah,Investment,3,No,Website,3.0,1010109.4,336703.13333333336,1155.4633333333334,369810.4,"Apartment,Office",73.97125256673512,1,0,291.4009675772201
C1507,Individual,Joyce,Cooper,,F,Usa,Florida,Home,3,No,Agency,4.0,1499666.44,374916.61,1220.915,572514.83,Apartment,53.36755646817248,0,0,307.0783879303637
C1508,Individual,Benjamin,Morris,1994-12-03,M,Uk,Scotland,Home,3,No,Agency,4.0,965283.79,241320.9475,783.64,288985.79,"Apartment,Office",29.078713210130047,0,0,307.948736026747
C1509,Individual,Rebecca,Campbell,,F,Usa,California,Home,3,No,Website,4.0,1821912.8699999999,455478.21749999997,1482.5875,601608.38,Apartment,53.36755646817248,0,0,307.21843904659926
C1510,Company,Altira,Co,1962-12-01,M,Usa,California,Home,5,No,Agency,3.0,804243.22,268081.0733333333,842.68,356271.34,Apartment,61.08418891170431,0,0,318.1291514374772
C1511,Individual,Ann,Hansen,,F,France,Provence,Home,2,Yes,Website,3.0,1093080.8599999999,364360.2866666666,1152.6466666666668,556945.98,"Apartment,Office",53.36755646817248,0,1,316.1075264463813
C1512,Individual,Anna,Young,,F,Usa,Nevada,Home,4,Yes,Client,4.0,1209056.95,302264.2375,1046.42,387618.51,"Apartment,Office",53.36755646817248,0,1,288.8555622981212
C1513,Individual,Danielle,Morales,1995-06-08,F,Usa,Florida,Home,2,No,Website,3.0,1452266.37,484088.79000000004,1538.7766666666666,552490.44,Apartment,28.566735112936346,0,0,314.59327431097864
C1514,Individual,Linda,Bryant,1986-12-08,F,Usa,New York,Home,4,No,Website,3.0,1211908.53,403969.51,1386.32,458308.65,"Apartment,Office",37.06502395619439,0,0,291.39701511916445
C1515,Individual,Angela,Williams,,F,Usa,Nevada,Investment,5,No,Website,4.0,1433703.52,358425.88,1227.17,499781.62,"Apartment,Office",53.36755646817248,1,0,292.0751648100915
C1516,Individual,Grace,Wood,,F,Usa,Texas,Home,4,No,Website,3.0,690456.91,230152.30333333334,801.46,355876.81,"Apartment,Office",53.36755646817248,0,0,287.16630066794767
C1517,Individual,Benjamin,Chavez,,M,Usa,California,Investment,2,No,Agency,4.0,1328693.42,332173.355,1076.59,442491.43,"Apartment,Office",53.36755646817248,1,0,308.5421144539704
C1518,Individual,Teresa,Rogers,1994-10-08,F,Australia,Victoria,Home,5,Yes,Agency,4.0,961942.8799999999,240485.71999999997,886.4275,280586.67,Apartment,29.232032854209447,0,1,271.29767521878546
C1519,Individual,Kyle,Freeman,,M,Usa,California,Home,1,No,Agency,4.0,1366990.1300000001,341747.53250000003,1072.9850000000001,630466.93,Apartment,53.36755646817248,0,0,318.5016868828548
C1520,Individual,Patrick,Griffin,1945-12-05,M,Usa,Utah,Home,1,No,Website,4.0,1425469.02,356367.255,1187.8925,556062.8,Apartment,78.072553045859,0,0,299.9995832956265
C1521,Individual,Bryan,Foster,,M,Usa,Nevada,Home,4,No,Agency,3.0,913579.4099999999,304526.47,1032.28,346864.73,Apartment,53.36755646817248,0,0,295.0037489828341
C1522,Individual,Debra,Mitchell,,F,Usa,Washington,Home,5,No,Website,4.0,1598304.98,399576.245,1378.985,568937.95,"Apartment,Office",53.36755646817248,0,0,289.76112503036654
C1523,Company,Horizon,Co,,M,Australia,Victoria,Investment,3,No,Website,4.0,1652083.92,413020.98,1334.8775,563972.46,Apartment,53.36755646817248,1,0,309.4074025519195
C1524,Individual,Jordan,Wilson,,M,Usa,Virginia,Home,2,No,Client,4.0,1434208.3,358552.075,1164.0149999999999,582397.59,"Apartment,Office",53.36755646817248,0,0,308.03045922947734
C1525,Individual,Timothy,Brown,,M,Usa,California,Home,1,No,Agency,3.0,1336757.18,445585.7266666666,1511.63,544081.2,Apartment,53.36755646817248,0,0,294.77168795714994
C1526,Individual,Victoria,Howard,1956-08-05,F,Usa,California,Home,3,No,Website,3.0,1429330.15,476443.3833333333,1600.9133333333332,559747.82,Apartment,67.40588637919234,0,0,297.60723045594807
C1527,Individual,Martha,Thomas,,F,Usa,California,Home,1,No,Agency,3.0,993447.0599999999,331149.01999999996,1200.3500000000001,403651.55,Apartment,53.36755646817248,0,0,275.8770525263464
C1528,Individual,Jennifer,Weaver,1997-09-02,F,Germany,Hamburg,Home,1,Yes,Website,3.0,1058452.68,352817.56,1125.17,522641.04,"Apartment,Office",26.32991101984942,0,1,313.5682252459628
C1529,Company,Helios,Co,,M,Usa,California,Home,4,No,Website,4.0,1614522.9000000001,403630.72500000003,1350.98,559177.67,Apartment,53.36755646817248,0,0,298.768838176731
C1530,Individual,Sarah,Wright,,F,Usa,California,Home,2,No,Website,3.0,1011087.75,337029.25,1107.81,506418.4,Apartment,53.36755646817248,0,0,304.23019290311515
C1531,Individual,Bryan,Cox,,M,France,Brittany,Investment,2,No,Website,4.0,1272471.05,318117.7625,1065.415,509367.59,"Apartment,Office",53.36755646817248,1,0,298.5857740880314
C1532,Individual,Linda,Freeman,,F,Usa,Texas,Home,3,Yes,Website,4.0,1446462.79,361615.6975,1164.0149999999999,553937.2,Apartment,53.36755646817248,0,1,310.6624034054544
C1533,Individual,Anthony,Bryant,1988-10-05,M,Canada,British Columbia,Home,4,No,Agency,4.0,1019127.09,254781.7725,727.265,479088.84,"Apartment,Office",35.238877481177276,0,0,350.32865942950644
C1534,Individual,Sandra,Pierce,1996-06-08,F,Usa,California,Home,4,Yes,Website,3.0,1195359.88,398453.2933333333,1303.4733333333334,552866.95,Apartment,27.564681724845997,0,1,305.68580357097187
C1535,Individual,Jeremy,Stone,1994-09-03,M,Uk,England,Investment,3,No,Agency,4.0,1967005.46,491751.365,1591.4724999999999,621748.81,Apartment,29.32785763175907,1,0,308.9914308918313
C1536,Individual,Sara,Baker,1982-06-05,F,Usa,Washington,Home,3,No,Website,3.0,1076884.84,358961.61333333334,1050.6433333333332,687894.92,"Apartment,Office",41.57426420260096,0,0,341.6588693276818
C1537,Individual,Lisa,Foster,1999-08-04,F,Usa,Arizona,Home,5,No,Website,3.0,1637300.4100000001,545766.8033333333,1579.3133333333335,581950.52,"Apartment,Office",24.410677618069816,0,0,345.572212818229
C1538,Individual,Jessica,Kim,1947-01-07,F,Usa,California,Investment,5,No,Website,3.0,775544.78,258514.92666666667,941.38,394524.62,"Apartment,Office",76.98288843258042,1,0,274.61272458164257
C1539,Individual,Terry,Brown,,M,Usa,Nevada,Home,1,No,Agency,3.0,811448.36,270482.7866666667,995.5099999999999,281239.32,Apartment,53.36755646817248,0,0,271.7027319330461
C1540,Individual,Roger,Cox,1957-12-02,M,Usa,California,Home,2,Yes,Client,3.0,842510.7,280836.89999999997,908.2333333333332,433230.74,Apartment,66.08076659822039,0,1,309.2122802510368
C1541,Individual,Carl,Adams,,M,Usa,California,Home,2,No,Website,4.0,1173616.46,293404.115,995.0275,412683.22,"Apartment,Office",53.36755646817248,0,0,294.8703578544311
C1542,Individual,Gary,Cook,,M,Usa,Nevada,Home,1,Yes,Website,3.0,1261648.92,420549.63999999996,1356.7466666666667,589311.2,Apartment,53.36755646817248,0,1,309.9691713510751
C1543,Individual,Virginia,Peterson,1955-11-10,F,Usa,New York,Investment,3,No,Agency,3.0,1199490.31,399830.10333333333,1267.4066666666668,586216.96,"Apartment,Office",68.14236824093086,1,0,315.4710432326377
C1544,Individual,Heather,Evans,,F,Russia,Tatarstan,Home,3,No,Website,3.0,1551623.3,517207.76666666666,1679.1066666666666,596353.18,Apartment,53.36755646817248,0,0,308.025557240755
C1545,Individual,Elizabeth,Price,,F,Usa,California,Investment,1,Yes,Website,3.0,1101811.15,367270.3833333333,1254.5033333333333,494550.09,Apartment,53.36755646817248,1,1,292.7615842657519
C1546,Individual,Sarah,Scott,1966-06-06,F,Mexico,Puebla,Home,4,Yes,Agency,4.0,1161022.51,290255.6275,874.9925000000001,519316.1,"Apartment,Office",57.57152635181382,0,1,331.7235604876613
C1547,Individual,Margaret,Martin,1975-04-03,F,Usa,Florida,Home,2,Yes,Agency,4.0,1199337.46,299834.365,997.415,455404.07,"Apartment,Office",48.747433264887064,0,1,300.61144558684197
C1548,Company,Telnox,Co,,M,Usa,California,Home,2,Yes,Website,3.0,615223.03,205074.34333333335,678.9699999999999,249761.11,Apartment,53.36755646817248,0,1,302.0374145151235
C1549,Individual,Gary,Reyes,,M,Mexico,Nuevo Leon,Home,4,No,Client,3.0,837044.35,279014.7833333333,983.4266666666667,334152.7,Apartment,53.36755646817248,0,0,283.7169183941863
C1550,Individual,Jason,Rogers,1998-10-01,M,Usa,California,Home,2,No,Agency,4.0,1368767.79,342191.9475,1164.0149999999999,579944.58,Apartment,25.251197809719372,0,0,293.97554799551557
C1551,Individual,Aaron,Howard,,M,Usa,California,Home,2,No,Agency,3.0,1252240.69,417413.5633333333,1438.2933333333333,487577.71,"Apartment,Office",53.36755646817248,0,0,290.21448800430136
C1552,Individual,Peter,Wilson,,M,Usa,California,Investment,2,Yes,Agency,4.0,1356450.7000000002,339112.67500000005,1074.0525,570187.06,"Apartment,Office",53.36755646817248,1,1,315.73193582250406
C1553,Company,Horizon,Co,,M,Usa,Utah,Home,4,No,Agency,3.0,979536.36,326512.12,1038.7166666666667,505829.79,Apartment,53.36755646817248,0,0,314.3418513229466
C1554,Individual,Gregory,Cox,1998-03-04,M,Germany,Bavaria,Home,1,No,Website,3.0,742034.24,247344.74666666667,678.9699999999999,293555.19,Apartment,25.828884325804243,0,0,364.29407288490904
C1555,Individual,Julia,Martin,,F,Uk,England,Home,5,No,Website,4.0,1233852.38,308463.095,1012.5575,488976.07,Apartment,53.36755646817248,0,0,304.63760823459404
C1556,Individual,Grace,Wood,,F,Usa,Colorado,Investment,2,No,Agency,4.0,1215734.71,303933.6775,1020.3875,410418.36,Apartment,53.36755646817248,1,0,297.86103563597163
C1557,Individual,Joan,Griffin,,F,Usa,New York,Home,2,Yes,Website,3.0,955054.1799999999,318351.3933333333,1072.4833333333333,528144.96,Apartment,53.36755646817248,0,1,296.83574880728526
C1558,Individual,Tyler,Phillips,1944-03-12,M,Mexico,Baja California,Home,4,No,Website,3.0,1482069.56,494023.1866666667,1680.5266666666666,578692.29,"Apartment,Office",79.80561259411363,0,0,293.9692636038702
C1559,Individual,Sara,Mitchell,,F,Uk,England,Home,2,No,Website,3.0,1345808.87,448602.9566666667,1445.2933333333333,527049.84,Apartment,53.36755646817248,0,0,310.38886454422175
C1560,Individual,Christina,Hughes,,F,Usa,California,Home,4,Yes,Client,3.0,1052677.5699999998,350892.52333333326,1148.0433333333333,415366.42,"Apartment,Office",53.36755646817248,0,1,305.643971046389
C1561,Individual,Jeffrey,Green,,M,Mexico,Nuevo Leon,Investment,5,No,Agency,3.0,1135294.51,378431.50333333336,1193.7733333333333,661640.07,Apartment,53.36755646817248,1,0,317.0044871723276
C1562,Individual,Maria,Morris,1987-07-05,F,Usa,California,Home,4,No,Client,3.0,1179775.32,393258.44,1268.0466666666669,534178.9,Apartment,36.492813141683776,0,0,310.1293117498304
C1563,Individual,Susan,Baker,,F,Usa,Utah,Home,5,No,Website,3.0,979729.05,326576.35000000003,1090.7733333333333,428024.76,"Apartment,Office",53.36755646817248,0,0,299.3989126980247
C1564,Individual,Jason,Wood,1964-11-06,M,Usa,Washington,Investment,5,No,Website,3.0,1595925.43,531975.1433333333,1635.6233333333332,634070.07,Apartment,59.15126625598905,1,0,325.24306329696935
C1565,Individual,Kenneth,Bennett,1980-08-08,M,Mexico,Jalisco,Home,4,No,Agency,4.0,1140899.22,285224.805,994.0725,422684.36,"Apartment,Office",43.397672826830934,0,0,286.9255562345805
C1566,Individual,Anthony,Wilson,1995-01-01,M,Usa,California,Home,3,No,Website,4.0,1450240.65,362560.1625,1175.235,530764.64,Apartment,28.999315537303218,0,0,308.5001403974524
C1567,Individual,Frank,Wilson,1977-10-11,M,Usa,Georgia,Home,4,No,Client,4.0,1594452.6199999999,398613.15499999997,1276.9875,537350.96,"Apartment,Office",46.223134839151264,0,0,312.151180023297
C1568,Individual,Betty,Owens,1990-03-06,F,Usa,California,Home,5,No,Website,3.0,1373808.0899999999,457936.02999999997,1357.1933333333334,570859.46,"Apartment,Office",33.82340862422998,0,0,337.4139989881078
C1569,Individual,Pamela,Turner,1993-11-05,F,Usa,California,Investment,1,Yes,Website,3.0,1175242.5499999998,391747.5166666666,1258.29,624932.71,Apartment,30.154688569472963,1,1,311.33325121129997
C1570,Individual,Amanda,Williams,,F,Usa,Ohio,Home,5,No,Website,4.0,1469638.4,367409.6,1333.5625,493931.35,Apartment,53.36755646817248,0,0,275.50984674509067
C1571,Individual,Ethan,Morales,1978-06-03,M,Usa,California,Home,2,No,Website,4.0,1243439.96,310859.99,1092.085,396729.97,Apartment,45.57973990417522,0,0,284.6481638334012
C1572,Individual,Donald,Baker,1960-06-10,M,Australia,Queensland,Home,3,No,Agency,4.0,886149.52,221537.38,748.33,284177.91,Apartment,63.559206023271734,0,0,296.0423609904721
C1573,Individual,Amanda,Richardson,1946-05-07,F,Usa,California,Home,1,No,Website,4.0,1175839.94,293959.985,1059.9375,410772.92,"Apartment,Office",77.65366187542779,0,0,277.3370929889734
C1574,Individual,Gary,Morris,,M,Usa,California,Home,4,No,Website,3.0,1195224.9,398408.3,1255.6333333333334,488398.75,Apartment,53.36755646817248,0,0,317.29668958560086
C1575,Individual,Paul,Freeman,,M,Usa,California,Home,2,No,Website,4.0,1395067.1600000001,348766.79000000004,1158.7275,494892.28,Apartment,53.36755646817248,0,0,300.9912080277719
C1576,Individual,Heather,Cook,,F,Usa,Nevada,Investment,3,Yes,Website,4.0,1359536.24,339884.06,1098.1675,516417.01,"Apartment,Office",53.36755646817248,1,1,309.501109803377
C1577,Individual,Ethan,Edwards,,M,Germany,Bavaria,Home,3,No,Website,3.0,1427933.58,475977.86000000004,1471.8999999999999,574268.12,"Apartment,Office",53.36755646817248,0,0,323.3764929682724
C1578,Individual,Mark,Turner,1996-03-12,M,Usa,California,Investment,2,No,Website,3.0,765431.01,255143.67,934.8733333333333,334041.57,Apartment,27.805612594113622,1,0,272.9179033166704
C1579,Individual,Robert,Bell,1945-10-03,M,Usa,Arizona,Investment,4,No,Website,4.0,1101753.5899999999,275438.39749999996,952.0525,300464.18,"Apartment,Office",78.24503764544832,1,0,289.31009319339
C1580,Individual,Jordan,Martin,1997-12-05,M,Usa,Georgia,Investment,1,Yes,Website,4.0,1008834.66,252208.665,872.2,458458.71,"Apartment,Office",26.072553045859,1,1,289.1637984407246
C1581,Individual,James,Reyes,1950-11-08,M,Usa,California,Investment,1,No,Website,3.0,1123364.22,374454.74,1023.9266666666666,518409.3,"Apartment,Office",73.14715947980835,1,0,365.70464681715487
C1582,Individual,Harold,Baker,,M,France,Ile-De-France,Home,4,Yes,Client,3.0,1030269.01,343423.00333333336,1050.08,446919.96,"Apartment,Office",53.36755646817248,0,1,327.04460929960896
C1583,Individual,Peter,Scott,1968-01-03,M,Usa,California,Home,2,No,Agency,4.0,1378030.61,344507.6525,1170.135,456061.7,"Apartment,Office",55.99452429842574,0,0,294.4170138488294
C1584,Company,Nexus,Co,1985-08-12,M,France,Brittany,Investment,1,Yes,Website,3.0,1199226.44,399742.14666666667,1361.7433333333333,491267.17,Apartment,38.38740588637919,1,1,293.55175595988476
C1585,Individual,Kevin,Watson,1960-10-10,M,Canada,Ontario,Home,5,No,Website,4.0,1480011.91,370002.9775,1276.8225,478106.01,Apartment,63.22518822724162,0,0,289.7841927910888
C1586,Individual,Carolyn,Roberts,,F,Germany,Berlin,Home,3,No,Website,3.0,1116579.83,372193.2766666667,1224.68,419816.08,Apartment,53.36755646817248,0,0,303.9106351591164
C1587,Individual,Carl,Cooper,1943-12-02,M,Canada,Quebec,Investment,4,Yes,Agency,3.0,743057.13,247685.71,850.2466666666668,358380.74,Apartment,80.08213552361396,1,1,291.31041580090476
C1588,Individual,Patricia,Thomas,,F,Usa,Utah,Investment,5,No,Website,3.0,957201.31,319067.10333333333,1104.51,503642.95,Apartment,53.36755646817248,1,0,288.87660893367496
C1589,Individual,Christina,Ward,1953-08-12,F,Usa,California,Investment,4,No,Agency,3.0,1380536.7000000002,460178.9000000001,1396.87,593745.43,"Apartment,Office",70.3874058863792,1,0,329.43573847244204
C1590,Company,Elara,Co,,F,Usa,Oregon,Home,1,No,Website,4.0,1470403.6,367600.9,1228.8325,497116.96,"Apartment,Office",53.36755646817248,0,0,299.14646625964076
C1591,Individual,Christine,Brooks,,F,Usa,California,Investment,4,No,Website,4.0,1676312.98,419078.245,1341.715,523585.37,Apartment,53.36755646817248,1,0,312.3452037131582
C1592,Individual,Heather,Allen,1975-06-01,F,Usa,Texas,Investment,2,Yes,Agency,4.0,878452.1900000001,219613.04750000002,735.11,273978.28,"Apartment,Office",48.58590006844627,1,1,298.74855123722983
C1593,Individual,Anthony,Williams,1975-08-05,M,Usa,California,Home,1,No,Website,4.0,825960.49,206490.1225,666.135,280450.33,Apartment,48.407939767282684,0,0,309.98239470978103
C1594,Individual,Kathleen,Green,,F,Usa,Colorado,Home,2,No,Agency,4.0,1522994.53,380748.6325,1259.875,524785.88,"Apartment,Office",53.36755646817248,0,0,302.2114356582994
C1595,Individual,Charles,Reed,,M,Usa,California,Home,5,No,Website,4.0,1310147.8599999999,327536.96499999997,1186.5225,583134.02,Apartment,53.36755646817248,0,0,276.04783305837014
C1596,Individual,Frank,Hall,1979-11-10,M,Germany,Berlin,Investment,4,No,Website,3.0,1642954.44,547651.48,1649.26,634487.77,Apartment,44.14236824093087,1,0,332.0589112692965
C1597,Individual,Rachel,Cox,,F,Usa,Nevada,Investment,4,Yes,Website,4.0,1155778.2,288944.55,947.7475,356644.67,Apartment,53.36755646817248,1,1,304.8750326431882
C1598,Individual,Angela,Adams,,F,Usa,Georgia,Home,4,Yes,Agency,3.0,1163931.67,387977.2233333333,1310.3966666666665,523992.65,Apartment,53.36755646817248,0,1,296.0761677761696
C1599,Individual,Stephanie,Thompson,,F,Usa,Virginia,Investment,5,Yes,Website,3.0,1321031.17,440343.7233333333,1337.1733333333334,584321.85,Apartment,53.36755646817248,1,1,329.30938148133373
C1600,Individual,Jennifer,Rogers,,F,Belgium,Wallonia,Home,5,No,Website,4.0,1237164.36,309291.09,984.6475,430028.88,Apartment,53.36755646817248,0,0,314.11351778174424
C1601,Individual,Tiffany,Parker,,F,Russia,Krasnodar Krai,Home,3,No,Website,3.0,829078.01,276359.33666666667,913.6700000000001,324581.41,Apartment,53.36755646817248,0,0,302.47172027829157
C1602,Individual,Harold,Turner,1986-11-01,M,Usa,Nevada,Investment,4,No,Website,4.0,1676863.99,419215.9975,1425.28,534260.23,Apartment,37.16632443531827,1,0,294.1288711691738
C1603,Individual,Hannah,Rogers,1962-09-07,F,Uk,England,Home,5,No,Website,4.0,1077719.71,269429.9275,976.2049999999999,371548.46,"Apartment,Office",61.31690622861054,0,0,275.997282845304
C1604,Individual,Ronald,Kim,1949-09-10,M,Usa,Texas,Home,4,No,Website,3.0,1050264.24,350088.08,1243.8233333333333,539529.66,"Apartment,Office",74.30800821355236,0,0,281.4612578956819
C1605,Individual,Joshua,Collins,,M,Uk,England,Investment,4,Yes,Website,4.0,1170783.34,292695.835,874.9925000000001,573983.92,"Apartment,Office",53.36755646817248,1,1,334.51239296336826
C1606,Individual,Zachary,Howard,,M,Usa,Washington,Home,1,Yes,Agency,3.0,917562.71,305854.23666666663,1033.4833333333333,396586.67,"Apartment,Office",53.36755646817248,0,1,295.9450112080504
C1607,Individual,Emma,Hall,1963-03-11,F,Usa,California,Home,3,No,Agency,3.0,829294.5700000001,276431.5233333334,927.6066666666666,345524.63,Apartment,60.8104038329911,0,0,298.00510633098804
C1608,Individual,Heather,Pierce,,F,Uk,England,Home,4,Yes,Website,3.0,1431381.65,477127.2166666666,1447.82,609069.59,"Apartment,Office",53.36755646817248,0,1,329.5487123169086
C1609,Individual,Justin,Reed,1964-10-02,M,Usa,California,Investment,2,No,Website,3.0,804844.43,268281.4766666667,900.46,327614.46,Apartment,59.24709103353867,1,0,297.93825007958895
C1610,Individual,Kenneth,White,,M,Usa,California,Investment,3,No,Website,4.0,1249167.74,312291.935,1114.2125,464148.93,"Apartment,Office",53.36755646817248,1,0,280.2804088089121
C1611,Individual,Sarah,Bryant,1975-09-02,F,Usa,Nevada,Investment,4,No,Website,4.0,1072189.52,268047.38,842.75,300261.31,Apartment,48.33127994524298,1,0,318.06274695935923
C1612,Individual,Jason,Price,,M,Usa,California,Home,1,No,Agency,3.0,766554.56,255518.18666666668,839.1433333333334,389142.71,Apartment,53.36755646817248,0,0,304.49885796228693
C1613,Individual,Ryan,Griffin,1998-01-08,M,Denmark,Southern Denmark,Home,2,Yes,Agency,4.0,1608368.22,402092.055,1400.6975,536339.3,"Apartment,Office",25.97946611909651,0,1,287.0655905361436
C1614,Individual,Julie,Williams,,F,Usa,Utah,Investment,4,No,Website,3.0,822155.05,274051.68333333335,1059.3466666666666,375800.81,Apartment,53.36755646817248,1,0,258.69877345785454
C1615,Individual,Jason,Mitchell,1963-08-01,M,Usa,Utah,Home,5,No,Agency,3.0,857125.52,285708.50666666665,903.87,475179.93,Apartment,60.41889117043121,0,0,316.0946891330243
C1616,Individual,Aaron,Nelson,1991-09-01,M,Uk,Wales,Investment,5,Yes,Website,4.0,1344053.71,336013.4275,1128.1275,542250.95,Apartment,32.33401779603012,1,1,297.85057761644845
C1617,Individual,Michelle,Baker,1952-10-09,F,Usa,California,Home,3,No,Website,3.0,776005.5,258668.5,839.1433333333334,389944.98,Apartment,71.22792607802874,0,0,308.2530596679947
C1618,Individual,Linda,Price,,F,Usa,Washington,Home,2,Yes,Website,4.0,1356655.6800000002,339163.92000000004,1103.3025,567758.66,"Apartment,Office",53.36755646817248,0,1,307.40791396738433
C1619,Individual,Jason,Baker,,M,Belgium,Wallonia,Home,2,No,Website,4.0,1390206.46,347551.615,1164.0149999999999,466648.29,"Apartment,Office",53.36755646817248,0,0,298.580014003256
C1620,Individual,Jacob,Morales,1944-05-07,M,Usa,California,Home,1,Yes,Website,3.0,788250.3500000001,262750.1166666667,979.0866666666667,306030.71,"Apartment,Office",79.65229295003422,0,1,268.3624704656721
C1621,Individual,Carl,Wood,,M,Usa,Oregon,Investment,2,No,Agency,3.0,739739.97,246579.99,973.09,330239.65,Apartment,53.36755646817248,1,0,253.3989559033594
C1622,Individual,Angela,Taylor,1961-02-01,F,Usa,Oregon,Home,1,Yes,Website,3.0,1054193.3599999999,351397.7866666666,1107.81,466599.16,Apartment,62.913073237508556,0,1,317.2004104193559
C1623,Individual,Julia,Hall,1994-01-12,F,Usa,Oregon,Home,4,No,Website,3.0,1060233.46,353411.1533333333,1111.2966666666666,508317.94,Apartment,29.968514715947983,0,0,318.01692917282816
C1624,Individual,Jennifer,Stewart,1951-01-04,F,Usa,California,Home,4,Yes,Website,4.0,1943363.94,485840.985,1602.67,663848.64,Apartment,72.99110198494182,0,1,303.1447428353934
C1625,Individual,Harold,Wright,2000-02-03,M,Australia,Western Australia,Home,4,No,Agency,3.0,910587.85,303529.2833333333,1094.84,437096.17,Apartment,23.90965092402464,0,0,277.23620194122736
C1626,Individual,Jennifer,Morales,,F,France,Provence,Home,2,Yes,Website,3.0,1225657.22,408552.4066666667,1464.8466666666666,506351.81,Apartment,53.36755646817248,0,1,278.9045542878208
C1627,Individual,David,Bryant,,M,Usa,California,Investment,1,No,Website,3.0,1275226.77,425075.59,1527.8633333333335,487397.65,Apartment,53.36755646817248,1,0,278.2157151926765
C1628,Company,Lumina,Co,,F,France,Normandy,Home,4,Yes,Website,3.0,800299.08,266766.36,842.73,369992.93,"Apartment,Office",53.36755646817248,0,1,316.55021181161226
C1629,Individual,Stephanie,Roberts,,F,Usa,Utah,Home,5,No,Agency,3.0,789150.05,263050.01666666666,1008.13,370439.82,"Apartment,Office",53.36755646817248,0,0,260.92866660715055
C1630,Company,Grandis,Co,1994-05-06,F,Usa,Virginia,Investment,1,Yes,Website,3.0,1206881.92,402293.9733333333,1338.1466666666668,466289.68,"Apartment,Office",29.65639972621492,1,1,300.63518697502013
C1631,Individual,Joan,Patterson,1966-03-12,F,Uk,Northern Ireland,Home,5,No,Website,4.0,1683720.2,420930.05,1267.07,605216.52,"Apartment,Office",57.80698151950719,0,0,332.2074155334749
C1632,Individual,Victoria,Wright,1963-07-12,F,Usa,California,Investment,3,Yes,Agency,4.0,1425130.6800000002,356282.67000000004,1152.755,587752.9,Apartment,60.473648186173854,1,1,309.07059175627086
C1633,Individual,Sara,Bennett,1977-07-03,F,Canada,Ontario,Home,2,No,Website,3.0,847190.3300000001,282396.7766666667,976.8166666666666,430268.83,"Apartment,Office",46.496919917864474,0,0,289.09905645890564
C1634,Individual,Sara,King,1944-01-11,F,Usa,Georgia,Investment,2,No,Website,4.0,1044217.01,261054.2525,872.2,444069.92,Apartment,79.97262149212868,1,0,299.3054947259803
C1635,Individual,Lawrence,Moore,,M,France,Brittany,Home,1,No,Website,4.0,1104480.44,276120.11,919.7425000000001,557253.35,Apartment,53.36755646817248,0,0,300.2145817987099
C1636,Company,Zynex,Co,1987-01-10,F,Usa,Arizona,Home,5,Yes,Website,3.0,1171439.72,390479.9066666667,1308.5133333333333,480665.23,"Apartment,Office",36.97467488021903,0,1,298.414923806661
C1637,Individual,Jacob,Cook,1969-02-11,M,Mexico,Nuevo Leon,Home,5,No,Agency,3.0,1333020.46,444340.1533333333,1525.18,558806.02,Apartment,54.88569472963724,0,0,291.3362051255152
C1638,Individual,Cynthia,Peterson,,F,France,Occitanie,Investment,1,Yes,Agency,3.0,1047895.71,349298.57,1175.6833333333334,487075.17,"Apartment,Office",53.36755646817248,1,1,297.1025956535915
C1639,Individual,Ronald,Smith,,M,Usa,Colorado,Home,1,No,Website,4.0,1088561.44,272140.36,975.4225,434288.76,Apartment,53.36755646817248,0,0,278.99741906712217
C1640,Individual,Helen,Adams,1966-11-04,F,Usa,California,Home,1,Yes,Website,4.0,1172146.65,293036.6625,1047.99,383671.53,Apartment,57.158110882956876,0,1,279.6178040821
C1641,Individual,Charles,Phillips,,M,Usa,Utah,Home,1,No,Agency,4.0,1898878.08,474719.52,1504.0974999999999,649429.33,"Apartment,Office",53.36755646817248,0,0,315.6175181462638
C1642,Individual,Maria,Adams,,F,Canada,British Columbia,Home,5,No,Website,4.0,1441785.62,360446.405,1167.1599999999999,590849.87,"Apartment,Office",53.36755646817248,0,0,308.8234732170397
C1643,Individual,Carl,Rogers,1978-01-09,M,France,Ile-De-France,Home,4,No,Agency,3.0,1182889.92,394296.63999999996,1468.6933333333334,522875.6,Apartment,45.97672826830938,0,0,268.46764470912916
C1644,Individual,Megan,Freeman,,F,Usa,California,Home,1,No,Client,4.0,1312822.17,328205.5425,1024.3375,406698.29,Apartment,53.36755646817248,0,0,320.40762199958505
C1645,Individual,Shirley,Chavez,1995-02-08,F,Australia,New South Wales,Investment,1,No,Website,4.0,1503973.21,375993.3025,1238.115,503034.95,"Apartment,Office",28.895277207392198,1,0,303.68205094034073
C1646,Individual,Billy,Patterson,1998-06-10,M,Usa,Washington,Investment,4,Yes,Agency,3.0,972186.46,324062.1533333333,1052.4533333333334,356950.7,Apartment,25.560574948665298,1,1,307.9111852940431
C1647,Individual,Paul,Stone,,M,Usa,Ohio,Home,4,Yes,Agency,3.0,1316368.95,438789.64999999997,1471.8999999999999,474177.38,Apartment,53.36755646817248,0,1,298.1110469461241
C1648,Individual,Julia,Wood,,F,Australia,New South Wales,Home,3,No,Website,3.0,1282946.7,427648.89999999997,1476.9433333333334,515026.76,"Apartment,Office",53.36755646817248,0,0,289.5499714500443
C1649,Individual,Melissa,Price,1982-03-02,F,Usa,Oregon,Home,4,Yes,Agency,4.0,1540887.81,385221.9525,1254.045,440680.26,"Apartment,Office",41.83436002737851,0,1,307.18351614176527
C1650,Individual,Edward,Griffin,1969-04-01,M,Usa,Washington,Investment,2,No,Website,3.0,1065238.5,355079.5,1057.95,573660.29,"Apartment,Office",54.75154004106776,1,0,335.6297556595302
C1651,Individual,Ryan,Bell,,M,Usa,California,Investment,4,No,Website,3.0,962066.4199999999,320688.80666666664,880.66,453763.04,Apartment,53.36755646817248,1,0,364.14598899310363
C1652,Individual,Paul,Weaver,,M,Usa,Nevada,Investment,4,Yes,Client,3.0,1078933.8,359644.60000000003,1168.3833333333334,468522.56,"Apartment,Office",53.36755646817248,1,1,307.81387387130366
C1653,Individual,Sara,White,1974-08-02,F,Usa,Colorado,Investment,4,Yes,Website,4.0,957106.48,239276.62,860.9325,394592.34,Apartment,49.4154688569473,1,1,277.9272707209915
C1654,Individual,Judith,Brooks,1968-04-05,F,Usa,California,Home,1,No,Website,4.0,1250065.3800000001,312516.34500000003,951.6375,579412.56,"Apartment,Office",55.73990417522245,0,0,328.3985183433818
C1655,Individual,Sara,Cox,,F,Usa,Texas,Investment,2,No,Website,3.0,974749.8,324916.60000000003,1088.5866666666668,398928.35,"Apartment,Office",53.36755646817248,1,0,298.47563813629904
C1656,Individual,Jacob,Baker,1991-05-05,M,Belgium,Wallonia,Investment,4,Yes,Website,4.0,1401657.84,350414.46,1182.3725,531573.93,"Apartment,Office",32.65982203969884,1,1,296.3655362417513
C1657,Individual,Donald,Kim,,M,Usa,California,Home,2,No,Website,4.0,1316624.69,329156.1725,1023.9675,487604.6,"Apartment,Office",53.36755646817248,0,0,321.45177703393904
C1658,Individual,Ronald,Patterson,1970-08-07,M,Usa,California,Home,5,No,Agency,4.0,1243178.6,310794.65,984.12,488058.16,Apartment,53.40177960301163,0,0,315.8097081656709
C1659,Individual,Joshua,Thompson,1946-09-05,M,Denmark,Zealand,Home,4,No,Website,4.0,1576416.87,394104.2175,1307.3,536988.38,Apartment,77.3223819301848,0,0,301.46425265815043
C1660,Individual,Henry,Richardson,,M,Usa,Nevada,Home,4,Yes,Website,4.0,1330046.48,332511.62,1068.57,529448.55,Apartment,53.36755646817248,0,1,311.1743919443743
C1661,Individual,Ronald,Cox,,M,Usa,Washington,Home,4,No,Agency,3.0,1511063.27,503687.75666666665,1599.3433333333332,626977.89,"Apartment,Office",53.36755646817248,0,0,314.93410212107887
C1662,Individual,Gary,Montgomery,,M,Russia,Tatarstan,Home,4,No,Website,4.0,1505862.74,376465.685,1320.35,536177.39,"Apartment,Office",53.36755646817248,0,0,285.12567501041394
C1663,Individual,Joshua,Garcia,,M,Usa,Colorado,Investment,3,No,Agency,3.0,926064.21,308688.07,1042.71,399712.39,"Apartment,Office",53.36755646817248,1,0,296.0440295000527
C1664,Individual,Judith,Hayes,,F,France,Occitanie,Investment,5,No,Agency,3.0,1390001.73,463333.91,1445.2933333333333,559963.06,"Apartment,Office",53.36755646817248,1,0,320.58122687897264
C1665,Individual,Harold,Bell,,M,Usa,Arizona,Home,5,No,Website,4.0,966971.19,241742.7975,827.2,324550.9,Apartment,53.36755646817248,0,0,292.2422600338491
C1666,Individual,Brenda,Edwards,1962-09-08,F,Usa,Ohio,Home,2,No,Website,3.0,706503.5900000001,235501.19666666668,736.0433333333334,272425.15,Apartment,61.31416837782341,0,0,319.9556140263481
C1667,Individual,Stephanie,Cook,,F,Usa,California,Investment,4,No,Agency,3.0,831811.52,277270.50666666665,862.11,312521.87,Apartment,53.36755646817248,1,0,321.6184786937475
C1668,Individual,Scott,Green,1957-11-12,M,Australia,Victoria,Home,5,No,Website,4.0,1046863.21,261715.8025,872.2,439078.0,Apartment,66.13552361396304,0,0,300.0639790185737
C1669,Individual,Steven,Collins,1960-04-07,M,Canada,Alberta,Investment,3,Yes,Agency,4.0,948271.3400000001,237067.83500000002,837.5225,330897.08,"Apartment,Office",63.73442847364819,1,1,283.0584670859589
C1670,Individual,Angela,Watson,1970-12-09,F,Usa,Colorado,Home,3,Yes,Website,4.0,1356021.03,339005.2575,1076.59,441253.62,"Apartment,Office",53.06228610540725,0,1,314.8879866058574
C1671,Individual,Ashley,Howard,,F,Usa,California,Home,3,No,Agency,4.0,1329236.75,332309.1875,1120.62,442394.76,"Apartment,Office",53.36755646817248,0,0,296.5404753618533
C1672,Individual,Jacqueline,Morales,1974-04-09,F,Usa,Nevada,Investment,4,No,Website,3.0,728363.1699999999,242787.7233333333,889.9166666666666,361228.37,Apartment,49.73032169746749,1,0,272.8207397696413
C1673,Individual,Katherine,Martin,1992-03-04,F,Usa,Washington,Home,1,Yes,Website,4.0,1803634.76,450908.69,1422.9925,726903.51,"Apartment,Office",31.82751540041068,0,1,316.87355344458945
C1674,Individual,Emily,Jackson,,F,Usa,California,Home,5,Yes,Website,4.0,1614623.53,403655.8825,1268.7075,551658.47,"Apartment,Office",53.36755646817248,0,1,318.163077383873
C1675,Individual,Emma,Reyes,1985-04-08,F,Canada,Alberta,Investment,5,No,Website,3.0,918037.6799999999,306012.56,1012.96,362023.29,Apartment,38.732375085557834,1,0,302.09737798136155
C1676,Individual,Amy,Allen,,F,Usa,Washington,Home,2,No,Website,4.0,1251637.0,312909.25,1019.1225,474039.53,Apartment,53.36755646817248,0,0,307.03791742405843
C1677,Individual,Kevin,Thomas,,M,Usa,Texas,Home,1,Yes,Website,3.0,942915.1799999999,314305.06,975.9433333333333,380233.97,Apartment,53.36755646817248,0,1,322.05257135830976
C1678,Individual,Gary,Sanders,1961-03-06,M,Usa,California,Home,1,Yes,Agency,3.0,1377654.29,459218.0966666667,1650.4733333333334,501738.52,"Apartment,Office",62.822724161533195,0,1,278.23418130556485
C1679,Individual,Christina,Nelson,,F,Usa,Nevada,Investment,4,No,Website,3.0,1194618.9,398206.3,1268.0466666666669,587797.99,"Apartment,Office",53.36755646817248,1,0,314.0312659365848
C1680,Individual,Danielle,Howard,,F,Usa,California,Investment,4,No,Agency,3.0,665078.77,221692.92333333334,692.13,278456.63,Apartment,53.36755646817248,1,0,320.30532318109795
C1681,Individual,Carl,Alexander,,M,Usa,Oregon,Home,3,Yes,Client,4.0,1408304.94,352076.235,1156.7625,484626.56,"Apartment,Office",53.36755646817248,0,1,304.3634583589976
C1682,Individual,Amanda,Brooks,1987-04-11,F,Usa,Nevada,Home,2,No,Website,4.0,1469905.41,367476.3525,1257.0925,492569.41,Apartment,36.72553045859001,0,0,292.3224444501896
C1683,Individual,Amber,Patterson,,F,Usa,Oregon,Investment,1,No,Client,4.0,1410114.6,352528.65,1144.74,533570.63,"Apartment,Office",53.36755646817248,1,0,307.9552125373447
C1684,Individual,Grace,Cooper,1977-07-01,F,Usa,Colorado,Investment,4,No,Website,4.0,1109440.17,277360.0425,883.4825000000001,357429.62,Apartment,46.502395619438744,1,0,313.93948663386084
C1685,Individual,Kathleen,Parker,,F,Usa,California,Home,5,No,Agency,3.0,1109623.75,369874.5833333333,1274.52,496154.56,Apartment,53.36755646817248,0,0,290.20696680580403
C1686,Individual,David,Howard,,M,Usa,California,Investment,2,Yes,Agency,4.0,1214377.82,303594.455,1073.905,407908.02,"Apartment,Office",53.36755646817248,1,1,282.7014074801775
C1687,Individual,Eric,Anderson,,M,Usa,California,Home,4,Yes,Website,4.0,1026117.62,256529.405,935.37,420273.62,"Apartment,Office",53.36755646817248,0,1,274.25447149256445
C1688,Individual,Amanda,Flores,,F,Usa,Oregon,Home,5,No,Client,3.0,1314384.27,438128.09,1281.9566666666667,578952.08,Apartment,53.36755646817248,0,0,341.76513246677604
C1689,Individual,Virginia,King,,F,Usa,Oregon,Investment,1,Yes,Client,3.0,896100.8,298700.26666666666,973.09,441341.34,"Apartment,Office",53.36755646817248,1,1,306.96057576037845
C1690,Individual,Terry,Martin,,M,Denmark,North Denmark,Home,2,Yes,Agency,3.0,1662639.06,554213.02,1754.9366666666667,598512.98,Apartment,53.36755646817248,0,1,315.802291060836
C1691,Individual,Robert,Reed,,M,Usa,Arizona,Home,5,No,Website,4.0,1212731.6,303182.9,984.9525,450265.88,Apartment,53.36755646817248,0,0,307.8147423352903
C1692,Individual,Joseph,Patterson,1991-03-08,M,Canada,Ontario,Home,5,Yes,Agency,4.0,1165619.9100000001,291404.97750000004,984.9525,504544.59,Apartment,32.818617385352496,0,1,295.8568839614093
C1693,Individual,Donald,Turner,,M,Belgium,Flanders,Home,1,No,Website,4.0,1557035.08,389258.77,1342.1525000000001,464582.73,"Apartment,Office",53.36755646817248,0,0,290.0257385058702
C1694,Individual,Gloria,Foster,,F,Usa,Virginia,Home,5,No,Agency,4.0,1457395.73,364348.9325,1202.695,522366.74,Apartment,53.36755646817248,0,0,302.94374924648395
C1695,Individual,Tiffany,Peterson,,F,Belgium,Flanders,Home,5,No,Website,3.0,975866.19,325288.73,1111.2966666666666,491123.63,Apartment,53.36755646817248,0,0,292.71097426729733
C1696,Individual,Emily,Jones,,F,Usa,Florida,Home,1,No,Website,4.0,1316025.35,329006.3375,1092.085,382303.57,Apartment,53.36755646817248,0,0,301.2644047853418
C1697,Individual,Maria,Brown,1980-08-07,F,Belgium,Brussels,Home,2,No,Client,4.0,802813.26,200703.315,700.7825,234850.32,Apartment,43.40041067761807,0,0,286.39886840781554
C1698,Individual,Zachary,Stone,1950-12-05,M,Uk,Northern Ireland,Home,4,Yes,Website,3.0,764529.97,254843.32333333333,901.6266666666667,362728.99,Apartment,73.07323750855578,0,1,282.6483873591435
C1699,Individual,Peter,Phillips,,M,Australia,Western Australia,Home,3,Yes,Agency,4.0,1161971.24,290492.81,946.6524999999999,480048.34,"Apartment,Office",53.36755646817248,0,1,306.86319425554785
C1700,Individual,Nicholas,Young,1943-11-04,M,Usa,Nevada,Home,3,No,Website,4.0,1293648.37,323412.0925,1050.5725,564037.73,"Apartment,Office",80.15879534565366,0,0,307.84366857118385
C1701,Individual,Karen,Montgomery,,F,Usa,Arizona,Home,1,No,Website,3.0,916043.72,305347.9066666667,979.0866666666667,417201.93,"Apartment,Office",53.36755646817248,0,0,311.8701510931957
C1702,Individual,Frank,Alexander,1990-01-04,M,Usa,Washington,Investment,5,Yes,Website,3.0,1259181.49,419727.16333333333,1477.03,505472.65,"Apartment,Office",33.99041752224504,1,1,284.16969413846255
C1703,Individual,Gerald,Cox,,M,Usa,Texas,Investment,4,No,Agency,3.0,868665.77,289555.25666666665,980.8699999999999,358849.76,Apartment,53.36755646817248,1,0,295.20248011119384
C1704,Individual,Susan,Flores,,F,Denmark,Capital Region,Home,4,No,Agency,3.0,1131490.6400000001,377163.5466666667,1251.25,441154.94,"Apartment,Office",53.36755646817248,0,0,301.42940792540793
C1705,Individual,Kenneth,Howard,,M,Usa,Virginia,Investment,3,Yes,Website,3.0,1031987.6799999999,343995.8933333333,1049.3066666666666,482341.23,Apartment,53.36755646817248,1,1,327.83160944369615
C1706,Individual,Matthew,Jordan,,M,Usa,California,Home,3,Yes,Website,4.0,1417221.48,354305.37,1128.9675,590931.68,Apartment,53.36755646817248,0,1,313.83132818260935
C1707,Individual,Adam,Allen,,M,Usa,Georgia,Home,1,Yes,Website,3.0,770609.62,256869.87333333332,899.7566666666667,272169.11,Apartment,53.36755646817248,0,1,285.48815790936067
C1708,Individual,Andrea,Wilson,1986-08-06,F,Germany,Hesse,Home,1,Yes,Agency,3.0,854426.52,284808.84,897.3100000000001,399400.23,Apartment,37.40451745379877,0,1,317.40294881367646
C1709,Individual,Danielle,Cox,1946-08-09,F,Usa,Arizona,Investment,3,No,Agency,3.0,1336416.1600000001,445472.0533333334,1513.17,502269.25,Apartment,77.39630390143738,1,0,294.39656703036235
C1710,Individual,Joe,Flores,,M,Canada,Alberta,Investment,2,Yes,Website,3.0,1027918.12,342639.37333333335,1156.0800000000002,455861.82,"Apartment,Office",53.36755646817248,1,1,296.38033123428596
C1711,Individual,Debra,Hayes,,F,Usa,California,Investment,3,Yes,Website,4.0,1015613.11,253903.2775,836.9425,330207.8,"Apartment,Office",53.36755646817248,1,1,303.3700373681585
C1712,Individual,Ryan,Turner,1971-03-04,M,France,Occitanie,Home,5,No,Website,4.0,1280242.15,320060.5375,1102.08,465704.47,"Apartment,Office",52.82956878850103,0,0,290.4149766804588
C1713,Individual,Julia,Cook,1981-02-08,F,Usa,Oregon,Home,1,No,Website,4.0,1401670.4500000002,350417.61250000005,1186.5225,537445.29,Apartment,42.893908281998634,0,0,295.3316203443256
C1714,Individual,Nathan,Brooks,1948-07-05,M,Usa,Colorado,Home,3,No,Website,4.0,1054289.58,263572.395,823.6625,413091.69,"Apartment,Office",75.49075975359342,0,0,320.000479565356
C1715,Individual,Hannah,Watson,,F,Usa,Florida,Home,3,Yes,Agency,4.0,987214.1799999999,246803.54499999998,900.39,315841.36,"Apartment,Office",53.36755646817248,0,1,274.10738124590455
C1716,Individual,Michelle,Montgomery,,F,Usa,California,Home,1,No,Website,3.0,1027286.48,342428.82666666666,1129.1766666666665,420929.08,Apartment,53.36755646817248,0,0,303.25531582008136
C1717,Individual,Martha,Thomas,,F,Usa,California,Home,4,Yes,Website,3.0,915606.0700000001,305202.0233333334,980.8699999999999,370077.4,Apartment,53.36755646817248,0,1,311.1544071419591
C1718,Individual,Janet,Peterson,1995-01-06,F,Usa,California,Home,1,No,Website,4.0,1362121.47,340530.3675,1150.74,577483.25,Apartment,28.985626283367555,0,0,295.92294306272487
C1719,Company,Halcyon,Co,1960-05-10,M,Usa,Florida,Home,2,No,Agency,3.0,1178759.88,392919.95999999996,1263.8633333333335,557392.74,"Apartment,Office",63.644079397672826,0,0,310.8880126806959
C1720,Individual,Danielle,Kim,1996-10-10,F,Usa,California,Home,5,Yes,Website,4.0,1396671.77,349167.9425,1122.0925,659880.36,Apartment,27.225188227241617,0,1,311.17572080733095
C1721,Individual,Carl,Weaver,1986-12-10,M,Usa,Nevada,Home,2,No,Agency,4.0,1282729.71,320682.4275,1034.0675,379081.98,Apartment,37.059548254620125,0,0,310.1174995829576
C1722,Individual,Jacqueline,Morris,,F,Usa,Nevada,Home,3,No,Website,4.0,1676365.72,419091.43,1307.3,605522.07,Apartment,53.36755646817248,0,0,320.57785512124224
C1723,Individual,Carol,Allen,1998-02-02,F,Canada,Quebec,Home,2,Yes,Agency,4.0,1084602.42,271150.605,900.39,399164.03,Apartment,25.911019849418206,0,1,301.1479525538933
C1724,Individual,Justin,Cook,,M,Usa,Virginia,Home,4,No,Website,4.0,1646338.3599999999,411584.58999999997,1358.9675,570262.07,Apartment,53.36755646817248,0,0,302.8656608785714
C1725,Individual,Sharon,Patterson,1959-01-12,F,Usa,Nevada,Home,3,Yes,Website,4.0,1352500.23,338125.0575,1167.3975,460172.3,Apartment,64.96919917864476,0,1,289.6400390612452
C1726,Individual,Diane,Scott,,F,Uk,Northern Ireland,Home,3,No,Website,3.0,1141107.24,380369.08,1193.7733333333333,669506.11,"Apartment,Office",53.36755646817248,0,0,318.6275563200161
C1727,Individual,Katherine,Morales,1945-12-06,F,Usa,New York,Home,3,No,Website,4.0,1563834.42,390958.605,1210.7375,619055.13,Apartment,78.06981519507187,0,0,322.9094704673804
C1728,Individual,Kimberly,Garcia,1944-03-08,F,Usa,Oregon,Home,3,Yes,Client,4.0,1436312.58,359078.145,1225.2649999999999,429908.37,Apartment,79.81656399726215,0,1,293.0616193231669
C1729,Individual,Robert,Richardson,,M,Canada,British Columbia,Home,3,Yes,Website,3.0,956356.54,318785.51333333337,1090.7733333333333,404268.31,Apartment,53.36755646817248,0,1,292.2564235771563
C1730,Individual,Jeffrey,Young,,M,Mexico,Puebla,Investment,5,Yes,Agency,3.0,796432.48,265477.49333333335,922.6899999999999,385425.29,"Apartment,Office",53.36755646817248,1,1,287.72122092288134
C1731,Individual,Nathan,Garcia,,M,Usa,California,Home,4,Yes,Website,4.0,1172220.1099999999,293055.02749999997,966.56,389967.22,"Apartment,Office",53.36755646817248,0,1,303.1938291466644
C1732,Individual,Megan,Wilson,,F,Canada,Alberta,Investment,2,No,Agency,3.0,1551003.8399999999,517001.27999999997,1654.4733333333334,597681.88,Apartment,53.36755646817248,1,0,312.4869223237203
C1733,Individual,Helen,Jones,,F,Usa,California,Home,3,Yes,Agency,4.0,1179975.09,294993.7725,1009.9325,432544.27,"Apartment,Office",53.36755646817248,0,1,292.092563116842
C1734,Individual,Zachary,Roberts,,M,Usa,California,Home,5,No,Website,3.0,1078504.94,359501.64666666667,1254.5033333333333,462160.46,Apartment,53.36755646817248,0,0,286.5689050912579
C1735,Individual,Amber,Miller,1969-10-07,F,Usa,Utah,Investment,3,No,Website,3.0,1139995.98,379998.66,1258.3999999999999,492594.19,Apartment,54.234086242299796,1,0,301.9696916719644
C1736,Individual,Ann,Cook,,F,Usa,California,Investment,4,Yes,Website,4.0,1482243.88,370560.97,1122.0925,606491.63,Apartment,53.36755646817248,1,1,330.2410184543609
C1737,Individual,Jennifer,Jackson,,F,Usa,California,Investment,3,No,Website,3.0,1060946.57,353648.8566666667,1090.7733333333333,520101.47,Apartment,53.36755646817248,1,0,324.218465797966
C1738,Individual,Sharon,Hall,,F,Usa,California,Home,5,No,Website,3.0,861195.69,287065.23,1016.7633333333333,347283.41,Apartment,53.36755646817248,0,0,282.3323979031502
C1739,Individual,Steven,Smith,,M,Russia,Novosibirsk,Investment,3,Yes,Website,4.0,998344.48,249586.12,872.2,442624.97,Apartment,53.36755646817248,1,1,286.1569823434992
C1740,Individual,Ashley,Alexander,,F,Usa,California,Home,5,Yes,Website,4.0,1439013.3399999999,359753.33499999996,1164.015,561035.94,Apartment,53.36755646817248,0,1,309.06245623982505
C1741,Individual,Alexander,Wright,,M,Usa,Virginia,Home,5,No,Website,4.0,1310713.04,327678.26,1140.38,454264.31,"Apartment,Office",53.36755646817248,0,0,287.3412897455234
C1742,Company,Crestwood,Co,,F,Usa,California,Home,5,No,Agency,3.0,1177856.21,392618.73666666663,1431.79,524488.63,"Apartment,Office",53.36755646817248,0,0,274.21530857644393
C1743,Individual,Linda,Bell,,F,Belgium,Flanders,Home,1,No,Client,3.0,839069.28,279689.76,881.7833333333333,283283.47,Apartment,53.36755646817248,0,0,317.1864895004442
C1744,Individual,Brian,Green,,M,Russia,Krasnodar Krai,Investment,1,No,Website,4.0,1320002.42,330000.605,1092.085,415154.19,Apartment,53.36755646817248,1,0,302.17483529212467
C1745,Individual,Ann,Sanders,,F,Usa,California,Home,1,No,Website,3.0,1261495.5,420498.5,1487.6599999999999,563558.93,Apartment,53.36755646817248,0,0,282.657663713483
C1746,Individual,Jennifer,Cox,,F,Belgium,Flanders,Home,3,No,Website,3.0,793835.85,264611.95,874.19,389328.46,Apartment,53.36755646817248,0,0,302.69386517805054
C1747,Individual,Bryan,Flores,,M,Usa,Colorado,Home,5,No,Client,3.0,1016661.44,338887.14666666667,1059.1499999999999,468372.55,"Apartment,Office",53.36755646817248,0,0,319.9614281892713
C1748,Individual,Albert,Jones,1950-11-11,M,Usa,California,Home,4,Yes,Website,3.0,1112272.46,370757.48666666663,1274.52,566107.2,"Apartment,Office",73.13894592744695,0,1,290.89970080239357
C1749,Individual,Brandon,Moore,,M,Usa,California,Home,3,No,Website,3.0,832665.62,277555.20666666667,862.1066666666666,388898.15,Apartment,53.36755646817248,0,0,321.9499597884253
C1750,Company,Stratos,Co,1991-01-12,M,Usa,Colorado,Home,3,No,Website,4.0,1497163.73,374290.9325,1150.2,509429.47,Apartment,32.969199178644764,0,0,325.41378238567205
C1751,Individual,Christine,Scott,,F,Usa,Ohio,Home,5,No,Website,4.0,873120.47,218280.1175,700.7825,231620.61,"Apartment,Office",53.36755646817248,0,0,311.4805485296793
C1752,Individual,Jonathan,Cook,1980-02-06,M,Usa,California,Investment,1,Yes,Website,3.0,1119600.47,373200.1566666667,1152.5966666666666,421157.07,Apartment,43.90143737166324,1,1,323.79076519973745
C1753,Individual,Arthur,Peterson,,M,Usa,Georgia,Investment,3,Yes,Website,3.0,770077.48,256692.49333333332,964.2666666666668,425499.05,Apartment,53.36755646817248,1,1,266.20488108407073
C1754,Individual,Frank,Gray,1995-11-11,M,Usa,Virginia,Home,2,Yes,Website,3.0,1361555.24,453851.74666666664,1471.8999999999999,506527.22,Apartment,28.139630390143736,0,1,308.3441447562108
C1755,Individual,Mark,Griffin,,M,Usa,Nevada,Home,1,Yes,Website,3.0,672116.9199999999,224038.9733333333,776.2433333333333,285197.86,Apartment,53.36755646817248,0,1,288.6195136404821
C1756,Individual,Daniel,Cook,,M,Usa,Utah,Home,1,No,Website,4.0,1481404.3900000001,370351.09750000003,1146.0149999999999,529820.54,"Apartment,Office",53.36755646817248,0,0,323.1642670471155
C1757,Individual,Brian,Hayes,1985-07-01,M,Germany,Bavaria,Home,3,No,Client,3.0,1125366.62,375122.2066666667,1182.08,477602.23,Apartment,38.502395619438744,0,0,317.3407947572641
C1758,Individual,Carl,Pierce,,M,Usa,Oregon,Investment,4,Yes,Agency,4.0,1006481.1799999999,251620.29499999998,801.065,321342.19,"Apartment,Office",53.36755646817248,1,1,314.1072135219988
C1759,Individual,Jose,Stone,1974-10-10,M,Usa,California,Investment,1,No,Website,4.0,1031917.22,257979.305,831.47,386654.16,Apartment,49.22655715263518,1,0,310.2689273214908
C1760,Individual,Mary,Harris,1975-10-07,F,Belgium,Brussels,Home,2,No,Website,4.0,1454358.32,363589.58,1265.3825,484534.28,"Apartment,Office",48.23545516769336,0,0,287.3357107435894
C1761,Individual,Nicholas,Thompson,1955-01-08,M,Usa,Washington,Home,1,No,Website,4.0,1181772.43,295443.1075,972.335,541585.04,Apartment,68.9801505817933,0,0,303.84909264810995
C1762,Individual,Larry,Harris,,M,Usa,Virginia,Home,1,No,Website,3.0,1023352.22,341117.4066666667,1090.9466666666667,399439.17,Apartment,53.36755646817248,0,0,312.680186015815
C1763,Individual,Kimberly,Young,,F,Usa,New York,Home,3,No,Website,4.0,1789381.67,447345.4175,1374.585,654120.74,"Apartment,Office",53.36755646817248,0,0,325.4403456315906
C1764,Individual,Kelly,Baker,1946-11-05,F,Usa,Nevada,Home,2,No,Agency,4.0,1668335.18,417083.795,1338.8999999999999,575177.72,"Apartment,Office",77.15537303216975,0,0,311.5122824706849
C1765,Individual,Pamela,Reyes,1997-05-01,F,Usa,Colorado,Home,1,Yes,Client,4.0,1734167.51,433541.8775,1577.2325,550819.24,Apartment,26.6694045174538,0,1,274.87505963768814
C1766,Individual,Sharon,Bennett,1993-05-05,F,Usa,California,Home,4,No,Website,4.0,1371247.08,342811.77,1071.3925,562229.33,Apartment,30.65845311430527,0,0,319.96842427028383
C1767,Individual,Joe,Sanders,,M,Usa,Colorado,Home,3,No,Website,4.0,1455838.9100000001,363959.72750000004,1123.3175,564116.06,"Apartment,Office",53.36755646817248,0,0,324.0043242449263
C1768,Individual,Cynthia,Hughes,1943-03-01,F,Russia,Saint Petersburg,Home,4,No,Website,4.0,985105.21,246276.3025,834.6575,377838.86,Apartment,80.83778234086242,0,0,295.06270835642164
C1769,Company,Forsyte,Co,,M,Usa,Oregon,Home,1,Yes,Client,3.0,985909.0,328636.3333333333,1101.55,484144.21,"Apartment,Office",53.36755646817248,0,1,298.33991496830225
C1770,Individual,Betty,Parker,,F,Usa,Washington,Home,1,Yes,Agency,3.0,1334771.42,444923.80666666664,1469.18,616403.86,Apartment,53.36755646817248,0,1,302.8381863806114
C1771,Company,Atlas,Co,,M,Usa,Georgia,Home,3,Yes,Client,3.0,1280895.97,426965.3233333333,1435.6633333333332,556838.33,Apartment,53.36755646817248,0,1,297.39933689188973
C1772,Company,Forsyte,Co,,F,Canada,Alberta,Investment,5,Yes,Agency,4.0,1105281.92,276320.48,1015.8675,401863.68,"Apartment,Office",53.36755646817248,1,1,272.00444939915883
C1773,Individual,Kenneth,Williams,,M,Usa,Nevada,Investment,3,Yes,Agency,4.0,1284141.19,321035.2975,984.6475,445068.24,"Apartment,Office",53.36755646817248,1,1,326.04083948824325
C1774,Individual,Frank,James,,M,Usa,Oregon,Home,4,No,Agency,4.0,1169335.49,292333.8725,1008.6625,399457.77,Apartment,53.36755646817248,0,0,289.823278351282
C1775,Individual,Betty,Howard,1970-10-07,F,Usa,California,Home,3,No,Agency,4.0,1414776.99,353694.2475,1102.9724999999999,496847.34,Apartment,53.23477070499658,0,0,320.67367726756567
C1776,Individual,Martha,Mitchell,1973-09-01,F,France,Occitanie,Home,1,No,Website,3.0,1071718.4,357239.4666666666,1196.1733333333334,439467.59,Apartment,50.332648870636554,0,0,298.6519233555894
C1777,Individual,Jason,Long,,M,Usa,California,Investment,5,No,Client,3.0,784629.95,261543.31666666665,900.46,341503.87,Apartment,53.36755646817248,1,0,290.45523028970376
C1778,Individual,Jeffrey,Cox,1994-01-09,M,Usa,Georgia,Investment,4,Yes,Website,3.0,1216664.8199999998,405554.93999999994,1339.73,514358.91,Apartment,29.976728268309376,1,1,302.71393489733003
C1779,Individual,Sharon,Thomas,,F,Usa,California,Home,5,No,Client,4.0,1563236.5499999998,390809.13749999995,1287.1,595227.23,Apartment,53.36755646817248,0,0,303.6354110014762
C1780,Individual,Richard,Patterson,,M,Usa,Utah,Investment,1,No,Website,4.0,1735557.1500000001,433889.28750000003,1341.715,543401.76,"Apartment,Office",53.36755646817248,1,0,323.38409237431205
C1781,Individual,Betty,Thomas,1968-10-08,F,Usa,California,Home,4,No,Website,4.0,1383316.42,345829.105,1164.0149999999999,524713.99,Apartment,55.23066392881588,0,0,297.10021348522145
C1782,Individual,Ann,King,1999-12-04,F,Uk,England,Investment,1,No,Website,4.0,897646.55,224411.6375,783.64,281637.63,Apartment,24.076659822039698,1,0,286.37083035577564
C1783,Individual,Jacob,Garcia,1954-03-07,M,Usa,California,Home,3,No,Website,4.0,1136482.92,284120.73,883.805,387708.89,"Apartment,Office",69.82067077344284,0,0,321.47445420652747
C1784,Individual,Albert,Moore,,M,Australia,Western Australia,Home,3,No,Client,4.0,1352274.53,338068.6325,1106.8725,441900.44,Apartment,53.36755646817248,0,0,305.4268965034365
C1785,Individual,Lauren,Allen,,F,Usa,Colorado,Home,1,Yes,Website,3.0,1006568.23,335522.74333333335,1156.5633333333333,370207.67,"Apartment,Office",53.36755646817248,0,1,290.1032167138851
C1786,Individual,Adam,White,1995-03-07,M,Usa,California,Home,1,No,Website,4.0,1247095.22,311773.805,1102.2725,581591.93,"Apartment,Office",28.82135523613963,0,0,282.84639687554574
C1787,Individual,Stephen,Flores,,M,Usa,Georgia,Investment,5,No,Agency,4.0,1289585.42,322396.355,1029.38,528523.4,"Apartment,Office",53.36755646817248,1,0,313.1946948648701
C1788,Individual,Zachary,James,,M,Usa,California,Home,3,No,Website,3.0,1116876.81,372292.27,1155.6966666666667,495478.74,Apartment,53.36755646817248,0,0,322.13666504186506
C1789,Individual,Edward,Brooks,,M,Usa,Colorado,Home,5,Yes,Agency,3.0,1359605.1,453201.7,1526.9566666666667,470652.98,"Apartment,Office",53.36755646817248,0,1,296.80062957473143
C1790,Individual,Jacob,Hansen,,M,Usa,Nevada,Investment,5,No,Client,4.0,1335521.08,333880.27,1159.9675,402189.34,Apartment,53.36755646817248,1,0,287.83588333293824
C1791,Individual,Gerald,Scott,,M,Usa,California,Home,5,No,Agency,3.0,894512.8,298170.93333333335,1050.08,358882.77,Apartment,53.36755646817248,0,0,283.9506831225558
C1792,Individual,Terry,Pierce,,M,Usa,California,Home,3,No,Agency,4.0,1948563.24,487140.81,1676.3825,566173.43,"Apartment,Office",53.36755646817248,0,0,290.590488745856
C1793,Individual,Richard,James,1969-04-05,M,Usa,Utah,Investment,1,No,Website,4.0,1317525.03,329381.2575,1102.08,538098.62,Apartment,54.74058863791923,1,0,298.87236634364115
C1794,Individual,Douglas,Chavez,,M,Usa,Colorado,Home,3,No,Website,4.0,1378476.06,344619.015,1137.5875,460529.82,Apartment,53.36755646817248,0,0,302.93846846945837
C1795,Individual,William,Brown,1945-12-01,M,Usa,California,Home,5,Yes,Website,4.0,1058019.94,264504.985,827.2,334197.72,"Apartment,Office",78.08350444900753,0,1,319.75941126692453
C1796,Individual,Betty,Hughes,,F,Usa,California,Investment,5,Yes,Client,3.0,1158919.94,386306.64666666667,1286.4833333333333,425005.86,Apartment,53.36755646817248,1,1,300.28111259376334
C1797,Individual,Katherine,Howard,,F,Usa,Oregon,Home,3,Yes,Website,3.0,910545.9199999999,303515.30666666664,1033.6200000000001,337603.6,Apartment,53.36755646817248,0,1,293.64302806318244
C1798,Individual,Bryan,Peterson,1966-08-10,M,Usa,Arizona,Investment,1,Yes,Website,4.0,1601121.79,400280.4475,1263.96,575322.53,"Apartment,Office",57.39356605065024,1,1,316.6875909838919
C1799,Individual,Cheryl,Freeman,1950-01-11,F,Usa,Colorado,Home,5,No,Agency,4.0,1022792.49,255698.1225,823.6625,365006.8,Apartment,73.97125256673512,0,0,310.4404079340749
C1800,Individual,James,Campbell,,M,Usa,Oregon,Home,1,No,Client,3.0,1120963.1,373654.3666666667,1301.6499999999999,539648.88,"Apartment,Office",53.36755646817248,0,0,287.0620878628408
C1801,Individual,Jose,Howard,1964-02-08,M,Usa,California,Home,5,Yes,Website,3.0,1473065.73,491021.91,1422.97,734629.38,"Apartment,Office",59.89596167008898,0,1,345.06835000035136
C1802,Individual,Jack,Morris,,M,Usa,Nevada,Investment,1,No,Client,4.0,1155979.49,288994.8725,1011.5875,386196.25,Apartment,53.36755646817248,1,0,285.68450331780497
C1803,Individual,Susan,Bennett,,F,Canada,Quebec,Investment,5,No,Agency,3.0,1329728.19,443242.73,1443.9800000000002,588353.61,"Apartment,Office",53.36755646817248,1,0,306.95905067937224
C1804,Individual,Albert,Kim,1989-03-03,M,Usa,California,Home,1,No,Website,4.0,1735376.55,433844.1375,1504.0974999999999,563448.9,Apartment,34.83093771389459,0,0,288.4414989719749
C1805,Individual,Austin,Kim,1953-01-09,M,Uk,Northern Ireland,Investment,3,No,Website,4.0,1871670.17,467917.5425,1699.3675,553251.13,"Apartment,Office",70.97604380561259,1,0,275.3480589101533
C1806,Individual,Martha,Turner,,F,Australia,New South Wales,Investment,2,No,Agency,3.0,974821.86,324940.62,1049.3066666666666,463318.62,Apartment,53.36755646817248,1,0,309.67173879895296
C1807,Individual,Angela,Allen,1957-02-05,F,France,Brittany,Home,5,No,Website,3.0,1520931.78,506977.26,1469.18,720719.85,"Apartment,Office",66.90212183436003,0,0,345.07498060142393
C1808,Individual,Victoria,Stewart,1990-01-08,F,Usa,Washington,Investment,2,No,Client,4.0,1102931.4500000002,275732.86250000005,989.46,411172.03,Apartment,33.97946611909651,1,0,278.67004477189585
C1809,Individual,Laura,White,1981-05-03,F,Usa,New York,Home,4,Yes,Agency,4.0,1221253.05,305313.2625,1104.2925,435031.56,Apartment,42.66392881587954,0,1,276.47861639918773
C1810,Individual,Maria,Collins,1945-01-06,F,Usa,Texas,Home,3,No,Agency,3.0,991862.87,330620.95666666667,1138.4233333333334,445150.57,Apartment,78.98425735797399,0,0,290.4200458528901
C1811,Individual,Stephanie,Williams,,F,Usa,California,Home,3,Yes,Agency,4.0,1189519.9,297379.975,1029.73,503113.61,Apartment,53.36755646817248,0,1,288.7941256445864
C1812,Individual,Ryan,White,,M,France,Provence,Home,5,Yes,Website,4.0,1080880.0,270220.0,955.7624999999999,406648.6,"Apartment,Office",53.36755646817248,0,1,282.7271419416435
C1813,Individual,Walter,Jordan,1947-12-02,M,Germany,Hamburg,Investment,3,Yes,Website,4.0,1552316.39,388079.0975,1294.645,520934.42,"Apartment,Office",76.08213552361396,1,1,299.7571515743698
C1814,Individual,Scott,Roberts,1987-04-07,M,Denmark,North Denmark,Home,2,No,Website,4.0,1303261.99,325815.4975,1153.0825,392801.93,Apartment,36.73648186173853,0,0,282.5604390839337
C1815,Individual,Aaron,Carter,,M,Usa,California,Home,5,No,Agency,4.0,1182628.3,295657.075,942.035,549102.55,"Apartment,Office",53.36755646817248,0,0,313.84935273105566
C1816,Individual,Sean,Miller,1962-04-08,M,Canada,Quebec,Home,2,No,Website,4.0,1078876.87,269719.2175,909.9825,390892.15,Apartment,61.73305954825462,0,0,296.4004445140429
C1817,Individual,Cynthia,Garcia,,F,Usa,Virginia,Home,1,No,Agency,3.0,1240667.65,413555.8833333333,1412.0199999999998,559209.89,Apartment,53.36755646817248,0,0,292.882454450598
C1818,Individual,Christine,Wood,,F,Usa,Washington,Investment,5,Yes,Website,3.0,814797.06,271599.02,851.4266666666667,309389.23,Apartment,53.36755646817248,1,1,318.9928512144322
C1819,Individual,William,Brown,1963-02-11,M,Russia,Krasnodar Krai,Home,1,No,Website,3.0,1067644.33,355881.44333333336,1339.7466666666667,405297.57,Apartment,60.8870636550308,0,0,265.63338591375486
C1820,Individual,Nicholas,Howard,,M,France,Provence,Home,3,No,Website,4.0,970434.94,242608.735,840.8725,338313.48,Apartment,53.36755646817248,0,0,288.52023939420064
C1821,Individual,Adam,Smith,,M,Usa,Nevada,Home,5,No,Website,4.0,1733692.6199999999,433423.15499999997,1244.8049999999998,662403.71,"Apartment,Office",53.36755646817248,0,0,348.1855832841289
C1822,Individual,Frank,Weaver,,M,Usa,Oregon,Investment,5,Yes,Website,4.0,1388147.75,347036.9375,1184.81,488803.45,Apartment,53.36755646817248,1,1,292.90513879862596
C1823,Individual,Jacob,Watson,1967-08-11,M,Usa,Oregon,Home,4,Yes,Website,3.0,993925.86,331308.62,994.8266666666667,454589.3,"Apartment,Office",56.39151266255989,0,1,333.0315029753927
C1824,Individual,Jeffrey,Weaver,1962-09-05,M,Usa,California,Home,3,No,Website,4.0,945036.97,236259.2425,857.7574999999999,301253.43,"Apartment,Office",61.322381930184804,0,0,275.4382707233688
C1825,Individual,Eric,Jones,,M,Mexico,Nuevo Leon,Home,2,No,Agency,4.0,948769.9299999999,237192.48249999998,802.7125,359484.97,Apartment,53.36755646817248,0,0,295.488711711852
C1826,Individual,Jack,Williams,1951-06-08,M,Usa,Ohio,Home,4,No,Client,4.0,1300035.21,325008.8025,1159.5325,402845.37,"Apartment,Office",72.56673511293634,0,0,280.292965052726
C1827,Individual,Donald,Thompson,1973-01-02,M,Usa,New York,Home,5,Yes,Website,4.0,1221529.77,305382.4425,988.7175,483612.33,"Apartment,Office",50.99520876112252,0,1,308.8672371026102
C1828,Individual,William,Wood,,M,Usa,California,Investment,2,Yes,Website,4.0,1199213.25,299803.3125,1114.2125,500475.25,"Apartment,Office",53.36755646817248,1,1,269.0719342136262
C1829,Individual,Rachel,Ward,,F,Usa,California,Home,5,Yes,Agency,3.0,1194095.83,398031.94333333336,1394.21,544862.08,"Apartment,Office",53.36755646817248,0,1,285.4892328511009
C1830,Individual,Virginia,Owens,,F,Usa,Arizona,Home,3,No,Website,3.0,1363309.64,454436.54666666663,1487.6599999999999,518130.19,"Apartment,Office",53.36755646817248,0,0,305.4707034313396
C1831,Individual,Janice,Smith,,F,Russia,Tatarstan,Home,3,No,Website,4.0,1004720.27,251180.0675,972.335,416215.94,Apartment,53.36755646817248,0,0,258.32667496284716
C1832,Individual,Henry,Garcia,,M,Usa,Oregon,Investment,1,Yes,Website,4.0,1282390.94,320597.735,1103.3225,582747.93,Apartment,53.36755646817248,1,1,290.5748183328084
C1833,Individual,Jennifer,Weaver,,F,Usa,Arizona,Investment,1,Yes,Website,3.0,1132086.83,377362.2766666667,1357.1933333333334,454723.5,Apartment,53.36755646817248,1,1,278.04607302324894
C1834,Individual,Zachary,Phillips,,M,Belgium,Flanders,Investment,5,No,Agency,4.0,1222274.5999999999,305568.64999999997,948.835,484614.3,"Apartment,Office",53.36755646817248,1,0,322.04614079371015
C1835,Individual,Nicole,Pierce,,F,Canada,Alberta,Investment,4,Yes,Agency,3.0,739211.6,246403.86666666667,849.7466666666668,362373.17,Apartment,53.36755646817248,1,1,289.97332538325145
C1836,Individual,Judy,Wood,1960-10-08,F,Usa,California,Investment,1,Yes,Website,4.0,1213775.31,303443.8275,958.755,433286.92,"Apartment,Office",63.23066392881588,1,1,316.4977783688221
C1837,Individual,Julia,Freeman,1950-04-06,F,Usa,California,Home,2,Yes,Client,4.0,1507583.69,376895.9225,1333.2775,523732.73,Apartment,73.73853524982889,0,1,282.68377925825644
C1838,Individual,Joyce,Morales,,F,Canada,Alberta,Investment,1,No,Agency,4.0,1266344.58,316586.145,1030.83,394185.4,"Apartment,Office",53.36755646817248,1,0,307.11770612031086
C1839,Individual,Kyle,Gray,,M,Usa,California,Investment,2,No,Agency,4.0,967894.54,241973.635,821.355,328156.51,Apartment,53.36755646817248,1,0,294.6029853108583
C1840,Individual,Gerald,Weaver,,M,Uk,England,Investment,3,No,Website,3.0,911506.03,303835.3433333333,1064.7333333333333,490529.51,"Apartment,Office",53.36755646817248,1,0,285.3628545488698
C1841,Individual,Austin,Williams,,M,Usa,New York,Home,4,No,Website,4.0,1612088.13,403022.0325,1374.585,556524.23,Apartment,53.36755646817248,0,0,293.19542443719376
C1842,Company,Rexon,Co,1978-10-08,M,Canada,Alberta,Home,3,Yes,Agency,3.0,1252827.37,417609.12333333335,1407.5133333333333,592554.14,Apartment,45.23203285420944,0,1,296.6999412675783
C1843,Individual,Jose,Stone,,M,Germany,Hesse,Home,4,No,Website,4.0,1487849.65,371962.4125,1218.84,564487.75,"Apartment,Office",53.36755646817248,0,0,305.1773920284861
C1844,Individual,Grace,Howard,,F,Usa,Ohio,Home,1,No,Agency,4.0,1033138.51,258284.6275,837.88,364629.72,"Apartment,Office",53.36755646817248,0,0,308.25968814149996
C1845,Individual,Joshua,Green,1949-09-11,M,Usa,California,Investment,1,Yes,Website,3.0,889124.6799999999,296374.8933333333,972.0533333333333,561305.34,Apartment,74.30527036276523,1,1,304.8957121694283
C1846,Individual,Sara,Allen,,F,Russia,Novosibirsk,Home,5,Yes,Agency,3.0,886017.55,295339.18333333335,980.8699999999999,359371.65,Apartment,53.36755646817248,0,1,301.0992112444395
C1847,Individual,Brian,Griffin,1952-04-01,M,Usa,Utah,Home,4,No,Website,4.0,1080850.85,270212.7125,859.7125,539787.73,Apartment,71.75085557837097,0,0,314.3059016822485
C1848,Individual,Sarah,Davis,,F,Usa,California,Home,2,No,Website,4.0,1595352.82,398838.205,1295.0974999999999,598972.24,"Apartment,Office",53.36755646817248,0,0,307.9599837077904
C1849,Individual,Joseph,Wilson,1976-09-02,M,Canada,Alberta,Investment,3,Yes,Website,3.0,1019239.08,339746.36,1016.7633333333333,386163.72,"Apartment,Office",47.32922655715264,1,1,334.1449763792951
C1850,Individual,Gregory,Miller,,M,Usa,New York,Investment,5,Yes,Agency,4.0,1380990.75,345247.6875,1176.685,514705.32,Apartment,53.36755646817248,1,1,293.407060938144
C1851,Individual,Kimberly,Miller,1954-06-08,F,Uk,England,Home,3,Yes,Agency,4.0,1552543.97,388135.9925,1153.5575,568142.17,"Apartment,Office",69.56605065023956,0,1,336.46870008647164
C1852,Individual,Julie,Hall,,F,Usa,Virginia,Home,4,No,Website,3.0,1674072.07,558024.0233333333,1733.68,662938.18,"Apartment,Office",53.36755646817248,0,0,321.8725620260563
C1853,Individual,Jennifer,Owens,,F,Usa,Virginia,Investment,4,No,Website,4.0,1207329.15,301832.2875,1012.5575,474524.95,Apartment,53.36755646817248,1,0,298.0890344498954
C1854,Company,Rexon,Co,,M,France,Ile-De-France,Investment,1,No,Client,4.0,1387997.02,346999.255,1104.2925,585205.19,Apartment,53.36755646817248,1,0,314.227666130124
C1855,Individual,Gloria,Hansen,1984-02-07,F,Usa,California,Home,2,Yes,Website,4.0,1117305.8599999999,279326.46499999997,874.6275,409255.12,Apartment,39.898699520876114,0,1,319.36620446990287
C1856,Company,Altira,Co,,M,Usa,Virginia,Home,2,No,Website,3.0,1216231.4300000002,405410.47666666674,1334.1000000000001,586091.18,Apartment,53.36755646817248,0,0,303.8831247032956
C1857,Individual,Walter,Johnson,,M,Usa,California,Investment,2,Yes,Website,3.0,919814.94,306604.98,932.37,372884.46,"Apartment,Office",53.36755646817248,1,1,328.844750474597
C1858,Individual,Amy,Hayes,1958-06-05,F,Usa,Colorado,Home,5,No,Website,3.0,1161958.29,387319.43,1267.5866666666668,516468.06,Apartment,65.57426420260096,0,0,305.55656680937
C1859,Individual,Zachary,Taylor,,M,Usa,California,Home,5,Yes,Client,4.0,1087561.59,271890.3975,862.28,380297.96,"Apartment,Office",53.36755646817248,0,1,315.3156718235376
C1860,Company,Caldera,Co,,F,Usa,California,Home,4,Yes,Agency,4.0,1661197.49,415299.3725,1338.8999999999999,496217.67,Apartment,53.36755646817248,0,1,310.1795298379267
C1861,Individual,Nathan,Evans,1982-01-08,M,Usa,California,Investment,3,Yes,Website,4.0,1475178.95,368794.7375,1239.9025000000001,508804.43,Apartment,41.97946611909651,1,1,297.4384981883656
C1862,Individual,Joshua,Long,,M,Usa,California,Home,1,Yes,Website,3.0,988771.17,329590.39,1076.69,462577.28,Apartment,53.36755646817248,0,1,306.11447120341046
C1863,Individual,Megan,Hansen,1948-03-04,F,Uk,Scotland,Home,3,No,Website,4.0,1281313.02,320328.255,1039.19,462169.28,Apartment,75.82751540041068,0,0,308.2480152811324
C1864,Individual,Hannah,Weaver,,F,Usa,New York,Home,5,Yes,Website,4.0,1131730.6,282932.65,1027.325,494313.18,"Apartment,Office",53.36755646817248,0,1,275.4071496361911
C1865,Individual,Sean,Rogers,1974-01-11,M,Usa,Arizona,Investment,4,No,Website,3.0,1092253.24,364084.41333333333,1196.1733333333334,423654.2,"Apartment,Office",49.97125256673511,1,0,304.3742935806405
C1866,Individual,Joyce,Martin,,F,Usa,Nevada,Home,2,No,Agency,4.0,1620195.43,405048.8575,1380.26,490055.89,Apartment,53.36755646817248,0,0,293.4583755959022
C1867,Individual,Robert,Richardson,,M,Usa,California,Home,2,Yes,Website,3.0,761781.8,253927.2666666667,791.0400000000001,423673.58,"Apartment,Office",53.36755646817248,0,1,321.0043318500539
C1868,Individual,Michelle,Thomas,,F,Uk,Wales,Home,1,No,Website,4.0,1469394.43,367348.6075,1198.3725,537563.89,"Apartment,Office",53.36755646817248,0,0,306.5395838939896
C1869,Individual,Margaret,Campbell,1975-10-05,F,Mexico,Nuevo Leon,Home,5,No,Client,4.0,1335399.36,333849.84,1132.7375,457748.53,"Apartment,Office",48.24093086926762,0,0,294.7283373244022
C1870,Individual,Lawrence,Moore,,M,Usa,Washington,Investment,1,No,Agency,3.0,680865.94,226955.31333333332,842.68,295517.69,"Apartment,Office",53.36755646817248,1,0,269.3256198477872
C1871,Individual,Amy,Reyes,,F,Usa,Texas,Home,1,Yes,Website,4.0,1096466.77,274116.6925,1000.415,361953.92,"Apartment,Office",53.36755646817248,0,1,274.00298126277596
C1872,Individual,Raymond,Jones,,M,Mexico,Mexico City,Home,5,No,Client,3.0,1284121.27,428040.42333333334,1452.2633333333333,542533.89,Apartment,53.36755646817248,0,0,294.7402261756936
C1873,Individual,Cheryl,Collins,1959-03-10,F,Canada,British Columbia,Home,5,No,Agency,4.0,841611.53,210402.8825,727.265,357647.97,"Apartment,Office",64.81314168377824,0,0,289.3070373247716
C1874,Individual,Justin,Cooper,,M,Usa,Colorado,Investment,1,No,Agency,3.0,1058361.99,352787.33,1125.17,463077.47,Apartment,53.36755646817248,1,0,313.5413581947617
C1875,Individual,Melissa,Roberts,,F,Usa,Nevada,Home,2,No,Client,3.0,1220153.8599999999,406717.9533333333,1339.73,492821.75,"Apartment,Office",53.36755646817248,0,0,303.58203021006716
C1876,Company,Bravada,Co,,M,Usa,Ohio,Investment,4,Yes,Website,3.0,1543986.34,514662.11333333334,1523.6933333333334,676167.22,Apartment,53.36755646817248,1,1,337.7727670484874
C1877,Individual,Walter,Bryant,,M,Usa,Arizona,Home,5,No,Agency,3.0,905899.79,301966.5966666667,1008.13,470763.27,"Apartment,Office",53.36755646817248,0,0,299.5314063331779
C1878,Individual,Paul,Rogers,1967-10-07,M,Usa,Washington,Home,5,No,Agency,3.0,958603.36,319534.4533333333,1097.4366666666667,508552.39,Apartment,56.23545516769336,0,0,291.164367875443
C1879,Individual,Deborah,Roberts,,F,Usa,New York,Home,3,No,Website,3.0,1536294.68,512098.2266666666,1504.28,584091.39,"Apartment,Office",53.36755646817248,0,0,340.4274647450386
C1880,Individual,Joan,Morales,,F,Usa,California,Home,5,Yes,Client,4.0,1319939.53,329984.8825,1053.27,543500.27,Apartment,53.36755646817248,0,1,313.29562457869304
C1881,Individual,Brenda,Phillips,,F,Usa,Oregon,Home,2,Yes,Website,3.0,972731.0900000001,324243.6966666667,1127.1499999999999,392351.64,"Apartment,Office",53.36755646817248,0,1,287.66685593458436
C1882,Individual,Deborah,Turner,,F,Usa,Virginia,Investment,3,No,Website,3.0,884144.1,294714.7,934.4333333333334,437974.4,Apartment,53.36755646817248,1,0,315.3940356008989
C1883,Individual,Sean,Peterson,1941-02-11,M,Usa,California,Home,1,No,Agency,4.0,1877399.3199999998,469349.82999999996,1489.11,597724.45,Apartment,82.88569472963724,0,0,315.1881526549415
C1884,Individual,Terry,Bell,1954-08-06,M,Usa,Nevada,Home,5,Yes,Website,3.0,930994.2100000001,310331.4033333334,997.4133333333333,528465.5,Apartment,69.40451745379877,0,1,311.136208993931
C1885,Individual,Ryan,Bell,,M,Germany,Hamburg,Home,1,Yes,Agency,4.0,1740983.97,435245.9925,1564.0774999999999,519657.03,Apartment,53.36755646817248,0,1,278.2764872584639
C1886,Individual,Maria,Richardson,,F,Usa,California,Home,5,No,Website,3.0,774293.9299999999,258097.97666666665,842.68,317660.44,Apartment,53.36755646817248,0,0,306.28230961535417
C1887,Individual,Emma,Campbell,1986-01-07,F,Usa,Oregon,Investment,1,No,Agency,3.0,822999.76,274333.25333333336,941.2099999999999,414588.69,Apartment,37.98220396988364,1,0,291.4686980942971
C1888,Individual,Donald,Griffin,1962-08-06,M,Usa,California,Home,3,No,Website,4.0,981962.01,245490.5025,820.9224999999999,317102.87,Apartment,61.40451745379877,0,0,299.0422390664162
C1889,Individual,Matthew,Richardson,1987-07-10,M,Usa,California,Home,4,Yes,Website,3.0,1193609.3,397869.76666666666,1205.9633333333334,425609.69,"Apartment,Office",36.479123887748116,0,1,329.91862660279884
C1890,Individual,Mark,Nelson,1954-03-12,M,Canada,Ontario,Home,4,No,Client,4.0,1209659.27,302414.8175,1042.1725000000001,483647.09,"Apartment,Office",69.80698151950719,0,0,290.1773146959836
C1891,Individual,Gary,James,1972-06-02,M,Usa,Oregon,Home,2,No,Agency,4.0,1466482.7999999998,366620.69999999995,1244.8049999999998,460945.04,"Apartment,Office",51.58110882956879,0,0,294.5205875619073
C1892,Individual,Nancy,Jones,1951-06-06,F,Usa,Nevada,Investment,5,Yes,Agency,3.0,978638.94,326212.98,1033.4833333333333,448573.99,Apartment,72.57221081451061,1,1,315.6441613314196
C1893,Individual,Ann,Davis,,F,Usa,Washington,Home,1,Yes,Website,4.0,1458732.84,364683.21,1146.0149999999999,554107.09,"Apartment,Office",53.36755646817248,0,1,318.21853117105803
C1894,Individual,Joyce,Hall,1944-03-11,F,Usa,Texas,Investment,4,No,Website,4.0,1284918.37,321229.5925,1027.81,396878.27,"Apartment,Office",79.80835044490075,1,0,312.53791313569633
C1895,Company,Caldera,Co,1969-01-07,M,Usa,Nevada,Investment,4,No,Agency,3.0,1170571.86,390190.62000000005,1308.5133333333333,564033.78,"Apartment,Office",54.98151950718686,1,0,298.19384339479416
C1896,Individual,Andrew,Bryant,,M,Usa,Virginia,Investment,3,No,Agency,3.0,1158311.0,386103.6666666667,1139.1533333333334,572824.93,Apartment,53.36755646817248,1,0,338.939153640423
C1897,Individual,Catherine,Rogers,,F,Canada,Ontario,Home,2,No,Website,4.0,1108918.3399999999,277229.58499999996,941.61,444913.24,Apartment,53.36755646817248,0,0,294.42081647391166
C1898,Individual,Daniel,James,1979-01-05,M,Usa,New York,Home,1,Yes,Website,4.0,1159717.54,289929.385,951.8199999999999,403626.01,"Apartment,Office",44.988364134154686,0,1,304.605266752117
C1899,Individual,Joe,Mitchell,1996-04-05,M,Uk,England,Home,3,No,Website,3.0,1001627.28,333875.76,1221.3833333333334,453922.16,Apartment,27.73990417522245,0,0,273.35869983488664
C1900,Individual,Rachel,Griffin,1998-09-07,F,Uk,England,Investment,4,No,Client,4.0,1185889.79,296472.4475,1210.7375000000002,459585.99,"Apartment,Office",25.31690622861054,1,0,244.86930280097872
C1901,Individual,Justin,Stewart,,M,Canada,British Columbia,Home,4,No,Agency,4.0,1357680.7,339420.175,1151.37,478845.33,"Apartment,Office",53.36755646817248,0,0,294.79678556849666
C1902,Company,Grandis,Co,1980-11-09,M,Usa,Colorado,Investment,2,No,Agency,4.0,1127600.93,281900.2325,885.395,323302.12,"Apartment,Office",43.14305270362765,1,0,318.38923023057504
C1903,Individual,Nicole,Bennett,1991-12-01,F,Usa,Nevada,Home,2,No,Website,4.0,1453139.0699999998,363284.76749999996,1192.72,452279.2,Apartment,32.0848733744011,0,0,304.58512266080885
C1904,Individual,Christian,Nelson,,M,Usa,Texas,Home,2,Yes,Website,4.0,1337265.67,334316.4175,1073.7375,406088.62,Apartment,53.36755646817248,0,1,311.3576805317873
C1905,Individual,James,Morris,1961-02-02,M,Usa,Virginia,Home,1,No,Website,3.0,1180529.35,393509.7833333334,1354.2933333333333,503790.55,"Apartment,Office",62.91033538672142,0,0,290.56466102863
C1906,Individual,Michelle,Adams,,F,Usa,California,Home,2,No,Agency,4.0,1487182.67,371795.6675,1158.6325,405665.29,"Apartment,Office",53.36755646817248,0,0,320.89179916841624
C1907,Individual,Kyle,Wright,1950-03-12,M,Usa,Colorado,Home,3,No,Website,4.0,1751481.1500000001,437870.28750000003,1349.2,545190.41,"Apartment,Office",73.80698151950719,0,0,324.5406815149718
C1908,Individual,Andrea,Moore,,F,Usa,California,Home,2,No,Website,4.0,1543714.5,385928.625,1324.385,465488.76,"Apartment,Office",53.36755646817248,0,0,291.402141371278
C1909,Individual,Heather,Pierce,1985-12-04,F,Usa,California,Investment,2,No,Agency,3.0,1238663.76,412887.92,1313.16,579919.91,"Apartment,Office",38.07529089664613,1,0,314.42316244783575
C1910,Company,Telnox,Co,1985-10-04,M,Usa,California,Home,2,Yes,Agency,4.0,816793.9099999999,204198.47749999998,735.11,270241.73,Apartment,38.24229979466119,0,1,277.7794853831399
C1911,Individual,Noah,Murray,1989-01-11,M,Usa,California,Home,5,No,Agency,3.0,1195691.95,398563.98333333334,1268.0466666666669,540051.95,Apartment,34.97056810403833,0,0,314.3133402030419
C1912,Individual,Amanda,Jackson,,F,Usa,Utah,Investment,1,No,Website,3.0,863871.21,287957.07,952.0733333333334,354725.86,"Apartment,Office",53.36755646817248,1,0,302.45261569486945
C1913,Individual,Gary,King,1980-11-12,M,France,Provence,Home,5,No,Website,4.0,1210353.53,302588.3825,972.245,410180.27,Apartment,43.134839151266256,0,0,311.2264732654835
C1914,Individual,Brenda,Gray,,F,Uk,Scotland,Home,4,Yes,Website,3.0,1553786.78,517928.9266666667,1584.7333333333333,608153.01,"Apartment,Office",53.36755646817248,0,1,326.82402507256745
C1915,Individual,Angela,Williams,1964-06-09,F,Usa,Arizona,Investment,4,No,Client,3.0,1015184.58,338394.86,1076.6899999999998,498329.2,"Apartment,Office",59.56194387405886,1,0,314.2918203011081
C1916,Individual,Zachary,Weaver,,M,Usa,California,Investment,2,No,Website,3.0,1257058.52,419019.50666666665,1303.7766666666666,485832.54,Apartment,53.36755646817248,1,0,321.3890211258063
C1917,Individual,Angela,Montgomery,,F,Australia,New South Wales,Home,2,No,Client,4.0,1007433.23,251858.3075,820.9224999999999,371637.67,Apartment,53.36755646817248,0,0,306.7991284195524
C1918,Individual,Dorothy,Murray,,F,Usa,California,Home,1,No,Client,4.0,1019401.51,254850.3775,765.6675,345383.67,"Apartment,Office",53.36755646817248,0,0,332.84732276085896
C1919,Company,Vantage,Co,,F,Usa,Nevada,Investment,1,No,Website,4.0,1083015.76,270753.94,929.2725,498317.73,Apartment,53.36755646817248,1,0,291.3611884565614
C1920,Individual,Jonathan,Pierce,,M,Germany,North Rhine-Westphalia,Home,5,No,Agency,4.0,1523588.92,380897.23,1278.045,577630.33,Apartment,53.36755646817248,0,0,298.0311569623917
C1921,Individual,Carolyn,Adams,,F,France,Provence,Home,5,No,Website,3.0,980793.6799999999,326931.2266666666,1089.46,366009.11,"Apartment,Office",53.36755646817248,0,0,300.08557144518073
C1922,Individual,Jessica,Garcia,1988-01-09,F,Usa,California,Home,1,No,Agency,3.0,1549836.17,516612.05666666664,1592.1233333333332,654336.12,Apartment,35.97809719370294,0,0,324.4799230377881
C1923,Individual,Sarah,Cooper,1947-03-07,F,Mexico,Jalisco,Investment,1,Yes,Client,4.0,1302917.16,325729.29,1140.38,414731.61,"Apartment,Office",76.82135523613962,1,1,285.63223662288004
C1924,Individual,Joe,Cooper,1958-01-03,M,Usa,California,Home,3,No,Client,4.0,1453954.37,363488.5925,1253.3075,486561.68,Apartment,65.99315537303217,0,0,290.0234718933702
C1925,Individual,Jordan,Baker,,M,Usa,Colorado,Home,2,No,Agency,4.0,1165252.94,291313.235,1093.05,407382.75,"Apartment,Office",53.36755646817248,0,0,266.51409816568315
C1926,Individual,Joshua,Watson,1997-11-05,M,Mexico,Puebla,Home,1,Yes,Website,4.0,1238034.03,309508.5075,1014.73,458341.23,"Apartment,Office",26.154688569472963,0,1,305.01562730972773
C1927,Individual,Victoria,Long,1952-11-05,F,Usa,California,Investment,1,Yes,Website,4.0,1325474.94,331368.735,1280.6875,496630.54,Apartment,71.15400410677618,1,1,258.7428510077595
C1928,Individual,Paul,Scott,,M,Australia,New South Wales,Home,4,Yes,Client,3.0,741930.22,247310.07333333333,736.0433333333334,278982.99,Apartment,53.36755646817248,0,1,335.99933880704486
C1929,Individual,Angela,Baker,,F,Mexico,Jalisco,Home,1,Yes,Agency,4.0,1329874.96,332468.74,1127.175,437806.03,Apartment,53.36755646817248,0,1,294.9575176880254
C1930,Individual,Rachel,Adams,,F,Usa,Colorado,Investment,3,No,Agency,4.0,1184992.23,296248.0575,990.9875000000001,507885.52,Apartment,53.36755646817248,1,0,298.9422747511951
C1931,Individual,Melissa,Jackson,1995-05-01,F,Usa,Utah,Home,5,Yes,Website,4.0,1323884.1099999999,330971.02749999997,1047.99,526514.11,Apartment,28.670773442847366,0,1,315.81506264372746
C1932,Individual,Dorothy,Allen,,F,Usa,California,Investment,2,No,Website,4.0,1713149.19,428287.2975,1342.1525000000001,551780.87,Apartment,53.36755646817248,1,0,319.10479435086546
C1933,Company,Oasis,Co,1994-04-05,F,Australia,Queensland,Home,1,No,Client,3.0,822428.05,274142.68333333335,851.87,413006.8,"Apartment,Office",29.741273100616016,0,0,321.8128157269693
C1934,Individual,Noah,Montgomery,,M,France,Ile-De-France,Investment,4,Yes,Client,4.0,1719384.46,429846.115,1422.9925,639415.77,"Apartment,Office",53.36755646817248,1,1,302.07194697090813
C1935,Individual,Ashley,Young,,F,Usa,Arizona,Home,5,No,Website,3.0,1205890.37,401963.4566666667,1357.1933333333334,460353.21,"Apartment,Office",53.36755646817248,0,0,296.17258410739817
C1936,Individual,Jeffrey,Brown,,M,Russia,Krasnodar Krai,Home,1,Yes,Agency,3.0,965899.1000000001,321966.3666666667,992.2199999999999,373735.42,Apartment,53.36755646817248,0,1,324.49090591468297
C1937,Individual,Ashley,Richardson,,F,Usa,Arizona,Home,3,Yes,Website,4.0,1707838.06,426959.515,1419.32,553235.72,"Apartment,Office",53.36755646817248,0,1,300.81976932615623
C1938,Individual,Peter,Anderson,,M,Canada,Quebec,Home,4,Yes,Website,3.0,1154671.2,384890.39999999997,1205.9633333333334,452275.63,"Apartment,Office",53.36755646817248,0,1,319.15597212740016
C1939,Individual,Gloria,White,1979-06-09,F,Usa,Florida,Investment,1,Yes,Agency,3.0,674304.95,224768.31666666665,839.1433333333334,327053.12,Apartment,44.563997262149215,1,1,267.85449843689787
C1940,Individual,Barbara,Turner,1997-02-01,F,Canada,Manitoba,Home,4,No,Agency,4.0,1403901.1400000001,350975.28500000003,1216.595,537290.74,Apartment,26.913073237508556,0,0,288.48983022287615
C1941,Individual,Maria,James,,F,Usa,Nevada,Home,5,No,Client,4.0,1368615.25,342153.8125,1140.38,446979.46,Apartment,53.36755646817248,0,0,300.0349116084112
C1942,Company,Stratos,Co,1984-11-10,F,Usa,Nevada,Home,2,Yes,Agency,3.0,1133984.52,377994.84,1313.16,543673.09,Apartment,39.14031485284052,0,1,287.8513204788449
C1943,Individual,Eric,Long,1973-01-04,M,Usa,Arizona,Home,1,No,Website,3.0,967521.23,322507.07666666666,1042.71,400543.99,Apartment,50.98973305954826,0,0,309.2970017230742
C1944,Individual,Henry,Pierce,,M,Usa,California,Investment,1,No,Website,4.0,1971083.9300000002,492770.98250000004,1602.67,607539.65,Apartment,53.36755646817248,1,0,307.4687755433121
C1945,Individual,Sean,Johnson,,M,Mexico,Mexico City,Investment,3,No,Website,4.0,1112541.88,278135.47,939.4875,404942.23,Apartment,53.36755646817248,1,0,296.05020822522914
C1946,Individual,Mark,Bell,,M,Usa,California,Home,1,No,Agency,3.0,1056227.37,352075.79000000004,1111.25,450915.03,"Apartment,Office",53.36755646817248,0,0,316.828607424072
C1947,Individual,Walter,Mitchell,1979-02-02,M,Usa,Nevada,Home,3,No,Website,3.0,1247905.56,415968.52,1328.47,470318.22,Apartment,44.91170431211499,0,0,313.11848969114845
C1948,Individual,Melissa,Harris,1955-04-01,F,Usa,Arizona,Home,2,No,Agency,3.0,1530233.0,510077.6666666667,1527.8633333333335,591831.53,Apartment,68.75290896646133,0,0,333.8503225637546
C1949,Individual,Christina,James,,F,Usa,Colorado,Home,2,Yes,Agency,3.0,1020270.72,340090.24,1274.52,489550.72,Apartment,53.36755646817248,0,1,266.83789975834037
C1950,Individual,Edward,Weaver,,M,Usa,Ohio,Home,4,No,Agency,4.0,1033306.43,258326.6075,933.355,377128.4,Apartment,53.36755646817248,0,0,276.7720829695025
C1951,Individual,Alexander,Murray,1996-09-08,M,Usa,Utah,Home,1,Yes,Website,4.0,1128864.17,282216.0425,972.335,454474.49,"Apartment,Office",27.312799452429843,0,1,290.245689500018
C1952,Company,Optima,Co,1992-05-06,M,Usa,Nevada,Home,3,No,Agency,3.0,1235262.65,411754.2166666666,1451.5366666666669,575463.2,"Apartment,Office",31.655030800821354,0,0,283.66780262756015
C1953,Individual,Donald,Miller,,M,Germany,Bavaria,Home,1,Yes,Website,4.0,1199064.43,299766.1075,946.6525,494656.28,"Apartment,Office",53.36755646817248,0,1,316.6590776446478
C1954,Individual,Judy,Roberts,1966-09-03,F,Australia,Western Australia,Investment,3,No,Website,3.0,809731.0700000001,269910.3566666667,899.9899999999999,334529.95,Apartment,57.327857631759066,1,0,299.903728559947
C1955,Individual,Benjamin,Wright,,M,Canada,Quebec,Home,1,No,Website,4.0,1707150.06,426787.515,1380.26,462288.76,Apartment,53.36755646817248,0,0,309.2080586266356
C1956,Individual,Julie,Weaver,,F,Usa,Oregon,Home,2,No,Agency,4.0,1224023.79,306005.9475,920.7075,608146.84,"Apartment,Office",53.36755646817248,0,0,332.3595685926312
C1957,Individual,Adam,Howard,,M,Usa,California,Home,4,Yes,Website,4.0,1318838.26,329709.565,1150.2,430163.14,"Apartment,Office",53.36755646817248,0,1,286.6541166753608
C1958,Individual,Susan,Foster,1970-10-09,F,Usa,California,Home,3,No,Website,4.0,1567012.19,391753.0475,1287.0549999999998,640625.73,Apartment,53.229295003422315,0,0,304.37941463263036
C1959,Individual,Judy,Morales,,F,Usa,Texas,Home,1,No,Website,3.0,626084.02,208694.67333333334,753.3133333333334,304533.78,Apartment,53.36755646817248,0,0,277.03568236324855
C1960,Individual,Dorothy,Brown,1987-08-02,F,Usa,Colorado,Home,2,Yes,Website,3.0,1196488.96,398829.6533333333,1350.4933333333333,529520.87,Apartment,36.41615331964408,0,1,295.32145290116205
C1961,Individual,William,Campbell,,M,Usa,California,Home,5,No,Agency,4.0,1289265.38,322316.345,1138.4975,501471.56,Apartment,53.36755646817248,0,0,283.10676571533975
C1962,Individual,Kimberly,Harris,1995-08-01,F,Mexico,Puebla,Home,5,No,Agency,3.0,971475.24,323825.08,1108.1033333333332,398527.61,Apartment,28.418891170431213,0,0,292.23364848645286
C1963,Company,Terova,Co,1968-03-01,M,Usa,Texas,Home,5,No,Website,3.0,983925.13,327975.04333333333,1090.7733333333333,435919.77,Apartment,55.83572895277207,0,0,300.6812078280853
C1964,Individual,Kevin,Martin,,M,Usa,Virginia,Home,5,No,Agency,3.0,1149434.67,383144.88999999996,1359.24,501520.52,"Apartment,Office",53.36755646817248,0,0,281.88170595332684
C1965,Individual,Sean,Wright,1997-01-09,M,Usa,California,Home,4,No,Agency,3.0,1489053.39,496351.12999999995,1579.3133333333335,517834.79,"Apartment,Office",26.976043805612594,0,0,314.28287188102837
C1966,Individual,Ronald,Howard,1964-02-10,M,Canada,British Columbia,Home,1,No,Agency,4.0,1210176.2,302544.05,1111.6475,487865.86,"Apartment,Office",59.89048596851472,0,0,272.1582605996955
C1967,Individual,Roger,Bryant,1957-10-09,M,Usa,Oregon,Investment,4,No,Agency,3.0,747143.37,249047.79,859.2633333333333,340611.95,Apartment,66.22861054072553,1,0,289.8387261956948
C1968,Individual,Judy,Griffin,1958-11-02,F,Usa,California,Investment,3,Yes,Client,3.0,987718.99,329239.66333333333,1072.7266666666667,421709.56,Apartment,65.16358658453115,1,1,306.9185036262732
C1969,Individual,Jesse,James,,M,Usa,Colorado,Investment,2,Yes,Agency,4.0,1030940.4299999999,257735.10749999998,854.58,462830.35,"Apartment,Office",53.36755646817248,1,1,301.59272098574735
C1970,Individual,Raymond,Howard,,M,Usa,Arizona,Investment,4,Yes,Website,3.0,1346312.7000000002,448770.9000000001,1361.7433333333333,576990.75,"Apartment,Office",53.36755646817248,1,1,329.5561571808687
C1971,Individual,Emma,Jordan,,F,Usa,Virginia,Home,5,No,Website,3.0,673422.3200000001,224474.1066666667,775.5666666666666,274917.87,Apartment,53.36755646817248,0,0,289.43238062491946
C1972,Individual,Carol,Wilson,1972-01-05,F,Usa,California,Home,4,Yes,Website,3.0,943260.84,314420.27999999997,1077.3333333333333,478022.04,"Apartment,Office",51.98904859685147,0,1,291.8505074257426
C1973,Company,Oasis,Co,,M,Usa,Washington,Home,4,Yes,Agency,4.0,1450499.68,362624.92,1214.7825,413926.08,"Apartment,Office",53.36755646817248,0,1,298.51016128401585
C1974,Individual,Keith,Peterson,1950-04-09,M,Usa,Nevada,Home,5,Yes,Agency,4.0,968686.8500000001,242171.71250000002,809.6575,431287.44,"Apartment,Office",73.73032169746749,0,1,299.1038957830935
C1975,Individual,Dorothy,Campbell,1975-08-05,F,Belgium,Wallonia,Home,4,No,Agency,3.0,985031.21,328343.73666666663,1023.8800000000001,454364.35,"Apartment,Office",48.407939767282684,0,0,320.68576070112374
C1976,Individual,Albert,Wilson,1995-05-03,M,Usa,Florida,Home,5,No,Client,4.0,1146120.65,286530.1625,1030.29,503445.63,Apartment,28.6652977412731,0,0,278.1063220064254
C1977,Individual,Jason,Bennett,1994-04-07,M,Usa,Virginia,Home,1,No,Website,4.0,2001430.4300000002,500357.60750000004,1577.2325,608264.77,"Apartment,Office",29.73579739904175,0,0,317.2376979931621
C1978,Company,Summit,Co,1967-02-06,F,Usa,California,Investment,5,Yes,Website,3.0,1205900.67,401966.88999999996,1290.0866666666668,433524.31,"Apartment,Office",56.90075290896646,1,1,311.58130719899947
C1979,Individual,Brian,Richardson,,M,Usa,Colorado,Home,3,Yes,Agency,4.0,1287568.79,321892.1975,1014.73,430285.43,"Apartment,Office",53.36755646817248,0,1,317.21955347727965
C1980,Individual,Barbara,Green,1956-05-09,F,Usa,Texas,Investment,4,No,Website,4.0,1579565.09,394891.2725,1228.8325,588343.01,Apartment,67.64681724845995,1,0,321.3548408753838
C1981,Individual,Sarah,Flores,1992-12-09,F,Canada,Quebec,Home,5,No,Agency,4.0,1440160.68,360040.17,1245.935,498028.07,"Apartment,Office",31.06091718001369,0,0,288.9718725294658
C1982,Individual,Jose,Long,1947-09-05,M,Usa,California,Home,4,Yes,Website,3.0,1545398.56,515132.85333333333,1669.3466666666666,553675.21,"Apartment,Office",76.32306639288159,0,1,308.58350971637606
C1983,Individual,Ryan,Reed,,M,Uk,Northern Ireland,Home,3,No,Website,4.0,1317304.52,329326.13,1070.475,411125.74,"Apartment,Office",53.36755646817248,0,0,307.64485859081253
C1984,Individual,Jesse,Watson,,M,Usa,California,Home,4,No,Website,3.0,846287.21,282095.73666666663,994.52,315840.76,Apartment,53.36755646817248,0,0,283.6501394307471
C1985,Individual,Gregory,Bell,1963-05-11,M,Uk,Scotland,Home,1,Yes,Agency,4.0,1149379.8599999999,287344.96499999997,1014.73,344251.82,"Apartment,Office",60.643394934976044,0,1,283.1738147093315
C1986,Individual,Thomas,Griffin,,M,Usa,New York,Investment,1,No,Website,4.0,1442798.93,360699.7325,1153.5575,524650.21,Apartment,53.36755646817248,1,0,312.68465811197103
C1987,Individual,Douglas,Davis,,M,Belgium,Wallonia,Investment,5,No,Website,4.0,1316082.96,329020.74,1104.1725,515152.93,"Apartment,Office",53.36755646817248,1,0,297.97947331599005
C1988,Individual,Henry,Thompson,,M,Usa,California,Home,5,Yes,Website,4.0,1301018.95,325254.7375,972.245,409994.99,Apartment,53.36755646817248,0,1,334.5398922082397
C1989,Individual,William,Montgomery,,M,Usa,Texas,Home,3,No,Agency,4.0,1380788.8599999999,345197.21499999997,1135.325,505173.86,"Apartment,Office",53.36755646817248,0,0,304.05145222733574
C1990,Individual,Scott,Howard,,M,Usa,Texas,Investment,5,No,Agency,3.0,1253745.81,417915.27,1303.4733333333334,566711.76,Apartment,53.36755646817248,1,0,320.6166626602769
C1991,Individual,Susan,Reed,1950-07-09,F,Usa,California,Home,3,No,Website,4.0,1134341.88,283585.47,900.39,405445.85,"Apartment,Office",73.48117727583846,0,0,314.95848465664875
C1992,Individual,Rachel,Hansen,,F,Usa,Texas,Home,3,Yes,Website,3.0,1266058.76,422019.58666666667,1445.08,471352.97,"Apartment,Office",53.36755646817248,0,1,292.0389090338713
C1993,Individual,Douglas,Thompson,1985-06-09,M,Usa,New York,Home,2,No,Website,3.0,1385369.38,461789.7933333333,1454.4099999999999,549422.32,"Apartment,Office",38.562628336755644,0,0,317.5100510401698
C1994,Individual,Nicole,Miller,,F,Usa,Oregon,Investment,3,Yes,Website,3.0,1257875.21,419291.73666666663,1454.4099999999999,498128.56,Apartment,53.36755646817248,1,1,288.28991595675683
C1995,Individual,Michelle,Scott,1993-03-05,F,Usa,California,Investment,4,No,Agency,4.0,1044043.64,261010.91,905.7525,348872.01,"Apartment,Office",30.82546201232033,1,0,288.17023414232915
C1996,Individual,Samantha,Brooks,,F,Usa,Nevada,Home,1,Yes,Website,4.0,1151831.48,287957.87,1027.325,568415.25,Apartment,53.36755646817248,0,1,280.2987078091159
C1997,Individual,Matthew,Cox,,M,Usa,Arizona,Home,4,Yes,Website,4.0,1101825.4,275456.35,910.42,484864.24,"Apartment,Office",53.36755646817248,0,1,302.55964280222315
C1998,Individual,Mark,Patterson,,M,Usa,Virginia,Home,5,Yes,Website,3.0,1023688.56,341229.52,1140.3999999999999,431674.94,Apartment,53.36755646817248,0,1,299.21915117502635
C1999,Individual,Lawrence,Montgomery,,M,Usa,Ohio,Home,4,Yes,Client,3.0,838587.38,279529.12666666665,919.0466666666666,455786.14,Apartment,53.36755646817248,0,1,304.1511783950035
C2000,Individual,Amanda,James,,F,Usa,Georgia,Home,1,Yes,Agency,3.0,913528.5,304509.5,1033.4833333333333,364977.97,Apartment,53.36755646817248,0,1,294.6438420229322
C2001,Individual,Michelle,Scott,1993-03-05,F,Usa,California,Investment,4,No,Agency,0.0,0.0,0.0,0.0,0.0,None,30.82546201232033,1,0,0.0
C2002,Individual,Samantha,Brooks,,F,Usa,Nevada,Home,1,Yes,Website,0.0,0.0,0.0,0.0,0.0,None,53.36755646817248,0,1,0.0
C2003,Individual,Matthew,Cox,,M,Usa,Arizona,Home,4,Yes,Website,0.0,0.0,0.0,0.0,0.0,None,53.36755646817248,0,1,0.0
C2004,Individual,Mark,Patterson,,M,Usa,Virginia,Home,5,Yes,Website,0.0,0.0,0.0,0.0,0.0,None,53.36755646817248,0,1,0.0
C2005,Individual,Lawrence,Montgomery,,M,Usa,Ohio,Home,4,Yes,Client,0.0,0.0,0.0,0.0,0.0,None,53.36755646817248,0,1,0.0
C2006,Individual,Amanda,James,,F,Usa,Georgia,Home,1,Yes,Agency,0.0,0.0,0.0,0.0,0.0,None,53.36755646817248,0,1,0.0
C2007,Individual,Michelle,Scott,1993-03-05,F,Usa,California,Investment,4,No,Agency,0.0,0.0,0.0,0.0,0.0,None,30.82546201232033,1,0,0.0
C2008,Individual,Michelle,Scott,1993-03-05,F,Usa,California,Investment,4,No,Agency,0.0,0.0,0.0,0.0,0.0,None,30.82546201232033,1,0,0.0
